{"schema_version":1,"ts_ns":30525846,"event":"decoder_layer_begin","layer":0}
{"schema_version":1,"ts_ns":270282384,"event":"attention_end","layer":0,"bytes":40960}
{"schema_version":1,"ts_ns":271385269,"event":"layer_begin","layer":0}
{"schema_version":1,"ts_ns":271400730,"event":"route","token":0,"layer":0,"expert":5}
{"schema_version":1,"ts_ns":271406307,"event":"read_begin","token":0,"layer":0,"expert":5,"bytes":13236480}
{"schema_version":1,"ts_ns":277881499,"event":"cache_miss","token":0,"layer":0,"expert":5,"cache_hit":false}
{"schema_version":1,"ts_ns":277889730,"event":"read_end","token":0,"layer":0,"expert":5,"bytes":13236480,"duration_ns":6476230}
{"schema_version":1,"ts_ns":277913307,"event":"prefetch_begin","token":0,"layer":0,"expert":9,"bytes":13236480}
{"schema_version":1,"ts_ns":277917576,"event":"read_begin","token":0,"layer":0,"expert":9,"bytes":13236480}
{"schema_version":1,"ts_ns":277922115,"event":"compute_begin","token":0,"layer":0,"expert":5}
{"schema_version":1,"ts_ns":526247422,"event":"compute_end","token":0,"layer":0,"expert":5,"duration_ns":248321769}
{"schema_version":1,"ts_ns":526272345,"event":"route","token":0,"layer":0,"expert":9}
{"schema_version":1,"ts_ns":530266461,"event":"cache_miss","token":0,"layer":0,"expert":9,"cache_hit":false}
{"schema_version":1,"ts_ns":530274961,"event":"read_end","token":0,"layer":0,"expert":9,"bytes":13236480,"duration_ns":12961423}
{"schema_version":1,"ts_ns":530278615,"event":"prefetch_end","token":0,"layer":0,"expert":9,"bytes":13236480,"duration_ns":12961423}
{"schema_version":1,"ts_ns":530281922,"event":"prefetch_wait_end","token":0,"layer":0,"expert":9,"duration_ns":1077}
{"schema_version":1,"ts_ns":530306192,"event":"prefetch_begin","token":0,"layer":0,"expert":16,"bytes":13236480}
{"schema_version":1,"ts_ns":530310807,"event":"read_begin","token":0,"layer":0,"expert":16,"bytes":13236480}
{"schema_version":1,"ts_ns":530314807,"event":"compute_begin","token":0,"layer":0,"expert":9}
{"schema_version":1,"ts_ns":778508961,"event":"compute_end","token":0,"layer":0,"expert":9,"duration_ns":248190499}
{"schema_version":1,"ts_ns":778528037,"event":"route","token":0,"layer":0,"expert":16}
{"schema_version":1,"ts_ns":782052384,"event":"cache_miss","token":0,"layer":0,"expert":16,"cache_hit":false}
{"schema_version":1,"ts_ns":782060845,"event":"read_end","token":0,"layer":0,"expert":16,"bytes":13236480,"duration_ns":13972423}
{"schema_version":1,"ts_ns":782064768,"event":"prefetch_end","token":0,"layer":0,"expert":16,"bytes":13236480,"duration_ns":13972423}
{"schema_version":1,"ts_ns":782067845,"event":"prefetch_wait_end","token":0,"layer":0,"expert":16,"duration_ns":1808}
{"schema_version":1,"ts_ns":782084037,"event":"prefetch_begin","token":0,"layer":0,"expert":15,"bytes":13236480}
{"schema_version":1,"ts_ns":782087499,"event":"read_begin","token":0,"layer":0,"expert":15,"bytes":13236480}
{"schema_version":1,"ts_ns":782091961,"event":"compute_begin","token":0,"layer":0,"expert":16}
{"schema_version":1,"ts_ns":1032399037,"event":"compute_end","token":0,"layer":0,"expert":16,"duration_ns":250303653}
{"schema_version":1,"ts_ns":1032421153,"event":"route","token":0,"layer":0,"expert":15}
{"schema_version":1,"ts_ns":1035942076,"event":"cache_miss","token":0,"layer":0,"expert":15,"cache_hit":false}
{"schema_version":1,"ts_ns":1035949883,"event":"read_end","token":0,"layer":0,"expert":15,"bytes":13236480,"duration_ns":14430347}
{"schema_version":1,"ts_ns":1035953999,"event":"prefetch_end","token":0,"layer":0,"expert":15,"bytes":13236480,"duration_ns":14430347}
{"schema_version":1,"ts_ns":1035957268,"event":"prefetch_wait_end","token":0,"layer":0,"expert":15,"duration_ns":1385}
{"schema_version":1,"ts_ns":1035962883,"event":"compute_begin","token":0,"layer":0,"expert":15}
{"schema_version":1,"ts_ns":1287317345,"event":"compute_end","token":0,"layer":0,"expert":15,"duration_ns":251351230}
{"schema_version":1,"ts_ns":1287351845,"event":"route","token":1,"layer":0,"expert":11}
{"schema_version":1,"ts_ns":1287357576,"event":"read_begin","token":1,"layer":0,"expert":11,"bytes":13236480}
{"schema_version":1,"ts_ns":1296147806,"event":"cache_miss","token":1,"layer":0,"expert":11,"cache_hit":false}
{"schema_version":1,"ts_ns":1296157076,"event":"read_end","token":1,"layer":0,"expert":11,"bytes":13236480,"duration_ns":8789577}
{"schema_version":1,"ts_ns":1296164460,"event":"compute_begin","token":1,"layer":0,"expert":11}
{"schema_version":1,"ts_ns":1545344306,"event":"compute_end","token":1,"layer":0,"expert":11,"duration_ns":249177038}
{"schema_version":1,"ts_ns":1545364268,"event":"route","token":1,"layer":0,"expert":15}
{"schema_version":1,"ts_ns":1545373268,"event":"cache_hit","token":1,"layer":0,"expert":15,"cache_hit":true}
{"schema_version":1,"ts_ns":1545391729,"event":"prefetch_begin","token":1,"layer":0,"expert":5,"bytes":13236480}
{"schema_version":1,"ts_ns":1545394498,"event":"read_begin","token":1,"layer":0,"expert":5,"bytes":13236480}
{"schema_version":1,"ts_ns":1545397960,"event":"compute_begin","token":1,"layer":0,"expert":15}
{"schema_version":1,"ts_ns":1793289729,"event":"compute_end","token":1,"layer":0,"expert":15,"duration_ns":247889116}
{"schema_version":1,"ts_ns":1793307691,"event":"route","token":1,"layer":0,"expert":5}
{"schema_version":1,"ts_ns":1796865268,"event":"cache_miss","token":1,"layer":0,"expert":5,"cache_hit":false}
{"schema_version":1,"ts_ns":1796871960,"event":"read_end","token":1,"layer":0,"expert":5,"bytes":13236480,"duration_ns":11875000}
{"schema_version":1,"ts_ns":1796874998,"event":"prefetch_end","token":1,"layer":0,"expert":5,"bytes":13236480,"duration_ns":11875000}
{"schema_version":1,"ts_ns":1796877998,"event":"prefetch_wait_end","token":1,"layer":0,"expert":5,"duration_ns":1577}
{"schema_version":1,"ts_ns":1796895844,"event":"prefetch_begin","token":1,"layer":0,"expert":0,"bytes":13236480}
{"schema_version":1,"ts_ns":1796899768,"event":"read_begin","token":1,"layer":0,"expert":0,"bytes":13236480}
{"schema_version":1,"ts_ns":1796903575,"event":"compute_begin","token":1,"layer":0,"expert":5}
{"schema_version":1,"ts_ns":2069189383,"event":"compute_end","token":1,"layer":0,"expert":5,"duration_ns":272282461}
{"schema_version":1,"ts_ns":2069209460,"event":"route","token":1,"layer":0,"expert":0}
{"schema_version":1,"ts_ns":2072910575,"event":"cache_miss","token":1,"layer":0,"expert":0,"cache_hit":false}
{"schema_version":1,"ts_ns":2072919229,"event":"read_end","token":1,"layer":0,"expert":0,"bytes":13236480,"duration_ns":12899308}
{"schema_version":1,"ts_ns":2072922998,"event":"prefetch_end","token":1,"layer":0,"expert":0,"bytes":13236480,"duration_ns":12899308}
{"schema_version":1,"ts_ns":2072926306,"event":"prefetch_wait_end","token":1,"layer":0,"expert":0,"duration_ns":1000}
{"schema_version":1,"ts_ns":2072931806,"event":"compute_begin","token":1,"layer":0,"expert":0}
{"schema_version":1,"ts_ns":2320971267,"event":"compute_end","token":1,"layer":0,"expert":0,"duration_ns":248036384}
{"schema_version":1,"ts_ns":2320990229,"event":"layer_end","layer":0}
{"schema_version":1,"ts_ns":2320999690,"event":"decoder_layer_end","layer":0}
{"schema_version":1,"ts_ns":2321009729,"event":"decoder_layer_begin","layer":1}
{"schema_version":1,"ts_ns":2561205921,"event":"attention_end","layer":1,"bytes":40960}
{"schema_version":1,"ts_ns":2562196382,"event":"layer_begin","layer":1}
{"schema_version":1,"ts_ns":2562209421,"event":"route","token":0,"layer":1,"expert":28}
{"schema_version":1,"ts_ns":2562214267,"event":"read_begin","token":0,"layer":1,"expert":28,"bytes":13236480}
{"schema_version":1,"ts_ns":2568944805,"event":"cache_miss","token":0,"layer":1,"expert":28,"cache_hit":false}
{"schema_version":1,"ts_ns":2568953844,"event":"read_end","token":0,"layer":1,"expert":28,"bytes":13236480,"duration_ns":6730385}
{"schema_version":1,"ts_ns":2568975575,"event":"prefetch_begin","token":0,"layer":1,"expert":4,"bytes":13236480}
{"schema_version":1,"ts_ns":2568979152,"event":"read_begin","token":0,"layer":1,"expert":4,"bytes":13236480}
{"schema_version":1,"ts_ns":2568983267,"event":"compute_begin","token":0,"layer":1,"expert":28}
{"schema_version":1,"ts_ns":2816853651,"event":"compute_end","token":0,"layer":1,"expert":28,"duration_ns":247867423}
{"schema_version":1,"ts_ns":2816956651,"event":"route","token":0,"layer":1,"expert":4}
{"schema_version":1,"ts_ns":2821083690,"event":"cache_miss","token":0,"layer":1,"expert":4,"cache_hit":false}
{"schema_version":1,"ts_ns":2821092998,"event":"read_end","token":0,"layer":1,"expert":4,"bytes":13236480,"duration_ns":14190731}
{"schema_version":1,"ts_ns":2821096305,"event":"prefetch_end","token":0,"layer":1,"expert":4,"bytes":13236480,"duration_ns":14190731}
{"schema_version":1,"ts_ns":2821099382,"event":"prefetch_wait_end","token":0,"layer":1,"expert":4,"duration_ns":1077}
{"schema_version":1,"ts_ns":2821117651,"event":"prefetch_begin","token":0,"layer":1,"expert":5,"bytes":13236480}
{"schema_version":1,"ts_ns":2821121690,"event":"read_begin","token":0,"layer":1,"expert":5,"bytes":13236480}
{"schema_version":1,"ts_ns":2821125728,"event":"compute_begin","token":0,"layer":1,"expert":4}
{"schema_version":1,"ts_ns":3071923574,"event":"compute_end","token":0,"layer":1,"expert":4,"duration_ns":250794962}
{"schema_version":1,"ts_ns":3071942574,"event":"route","token":0,"layer":1,"expert":5}
{"schema_version":1,"ts_ns":3076028882,"event":"cache_miss","token":0,"layer":1,"expert":5,"cache_hit":false}
{"schema_version":1,"ts_ns":3076037728,"event":"read_end","token":0,"layer":1,"expert":5,"bytes":13236480,"duration_ns":12942270}
{"schema_version":1,"ts_ns":3076041113,"event":"prefetch_end","token":0,"layer":1,"expert":5,"bytes":13236480,"duration_ns":12942270}
{"schema_version":1,"ts_ns":3076044382,"event":"prefetch_wait_end","token":0,"layer":1,"expert":5,"duration_ns":923}
{"schema_version":1,"ts_ns":3076064036,"event":"prefetch_begin","token":0,"layer":1,"expert":23,"bytes":13236480}
{"schema_version":1,"ts_ns":3076068536,"event":"read_begin","token":0,"layer":1,"expert":23,"bytes":13236480}
{"schema_version":1,"ts_ns":3076073574,"event":"compute_begin","token":0,"layer":1,"expert":5}
{"schema_version":1,"ts_ns":3326373536,"event":"compute_end","token":0,"layer":1,"expert":5,"duration_ns":250295884}
{"schema_version":1,"ts_ns":3326396343,"event":"route","token":0,"layer":1,"expert":23}
{"schema_version":1,"ts_ns":3332202497,"event":"cache_miss","token":0,"layer":1,"expert":23,"cache_hit":false}
{"schema_version":1,"ts_ns":3332223497,"event":"read_end","token":0,"layer":1,"expert":23,"bytes":13236480,"duration_ns":12716384}
{"schema_version":1,"ts_ns":3332227190,"event":"prefetch_end","token":0,"layer":1,"expert":23,"bytes":13236480,"duration_ns":12716384}
{"schema_version":1,"ts_ns":3332230690,"event":"prefetch_wait_end","token":0,"layer":1,"expert":23,"duration_ns":1500}
{"schema_version":1,"ts_ns":3332239036,"event":"compute_begin","token":0,"layer":1,"expert":23}
{"schema_version":1,"ts_ns":3582102305,"event":"compute_end","token":0,"layer":1,"expert":23,"duration_ns":249851269}
{"schema_version":1,"ts_ns":3582173766,"event":"route","token":1,"layer":1,"expert":28}
{"schema_version":1,"ts_ns":3582186805,"event":"read_begin","token":1,"layer":1,"expert":28,"bytes":13236480}
{"schema_version":1,"ts_ns":3590437151,"event":"cache_miss","token":1,"layer":1,"expert":28,"cache_hit":false}
{"schema_version":1,"ts_ns":3590447343,"event":"read_end","token":1,"layer":1,"expert":28,"bytes":13236480,"duration_ns":8253577}
{"schema_version":1,"ts_ns":3590467920,"event":"prefetch_begin","token":1,"layer":1,"expert":11,"bytes":13236480}
{"schema_version":1,"ts_ns":3590472035,"event":"read_begin","token":1,"layer":1,"expert":11,"bytes":13236480}
{"schema_version":1,"ts_ns":3590476497,"event":"compute_begin","token":1,"layer":1,"expert":28}
{"schema_version":1,"ts_ns":3838396074,"event":"compute_end","token":1,"layer":1,"expert":28,"duration_ns":247917154}
{"schema_version":1,"ts_ns":3838410612,"event":"route","token":1,"layer":1,"expert":11}
{"schema_version":1,"ts_ns":3841483420,"event":"cache_miss","token":1,"layer":1,"expert":11,"cache_hit":false}
{"schema_version":1,"ts_ns":3841490574,"event":"read_end","token":1,"layer":1,"expert":11,"bytes":13236480,"duration_ns":13444500}
{"schema_version":1,"ts_ns":3841559189,"event":"prefetch_end","token":1,"layer":1,"expert":11,"bytes":13236480,"duration_ns":13444500}
{"schema_version":1,"ts_ns":3841562651,"event":"prefetch_wait_end","token":1,"layer":1,"expert":11,"duration_ns":1423}
{"schema_version":1,"ts_ns":3841583843,"event":"prefetch_begin","token":1,"layer":1,"expert":15,"bytes":13236480}
{"schema_version":1,"ts_ns":3841586497,"event":"read_begin","token":1,"layer":1,"expert":15,"bytes":13236480}
{"schema_version":1,"ts_ns":3841591035,"event":"compute_begin","token":1,"layer":1,"expert":11}
{"schema_version":1,"ts_ns":4089397574,"event":"compute_end","token":1,"layer":1,"expert":11,"duration_ns":247803116}
{"schema_version":1,"ts_ns":4089420651,"event":"route","token":1,"layer":1,"expert":15}
{"schema_version":1,"ts_ns":4093052458,"event":"cache_miss","token":1,"layer":1,"expert":15,"cache_hit":false}
{"schema_version":1,"ts_ns":4093062920,"event":"read_end","token":1,"layer":1,"expert":15,"bytes":13236480,"duration_ns":12823077}
{"schema_version":1,"ts_ns":4093066266,"event":"prefetch_end","token":1,"layer":1,"expert":15,"bytes":13236480,"duration_ns":12823077}
{"schema_version":1,"ts_ns":4093069535,"event":"prefetch_wait_end","token":1,"layer":1,"expert":15,"duration_ns":1038}
{"schema_version":1,"ts_ns":4093095420,"event":"prefetch_begin","token":1,"layer":1,"expert":23,"bytes":13236480}
{"schema_version":1,"ts_ns":4093099497,"event":"read_begin","token":1,"layer":1,"expert":23,"bytes":13236480}
{"schema_version":1,"ts_ns":4093103612,"event":"compute_begin","token":1,"layer":1,"expert":15}
{"schema_version":1,"ts_ns":4340836843,"event":"compute_end","token":1,"layer":1,"expert":15,"duration_ns":247730576}
{"schema_version":1,"ts_ns":4340852035,"event":"route","token":1,"layer":1,"expert":23}
{"schema_version":1,"ts_ns":4344405496,"event":"cache_miss","token":1,"layer":1,"expert":23,"cache_hit":false}
{"schema_version":1,"ts_ns":4344413727,"event":"read_end","token":1,"layer":1,"expert":23,"bytes":13236480,"duration_ns":13551846}
{"schema_version":1,"ts_ns":4344417189,"event":"prefetch_end","token":1,"layer":1,"expert":23,"bytes":13236480,"duration_ns":13551846}
{"schema_version":1,"ts_ns":4344420189,"event":"prefetch_wait_end","token":1,"layer":1,"expert":23,"duration_ns":769}
{"schema_version":1,"ts_ns":4344426035,"event":"compute_begin","token":1,"layer":1,"expert":23}
{"schema_version":1,"ts_ns":4592209227,"event":"compute_end","token":1,"layer":1,"expert":23,"duration_ns":247780192}
{"schema_version":1,"ts_ns":4592231727,"event":"layer_end","layer":1}
{"schema_version":1,"ts_ns":4592248804,"event":"decoder_layer_end","layer":1}
{"schema_version":1,"ts_ns":4592257766,"event":"decoder_layer_begin","layer":2}
{"schema_version":1,"ts_ns":4838012458,"event":"attention_end","layer":2,"bytes":40960}
{"schema_version":1,"ts_ns":4839600881,"event":"layer_begin","layer":2}
{"schema_version":1,"ts_ns":4839630765,"event":"route","token":0,"layer":2,"expert":10}
{"schema_version":1,"ts_ns":4839641265,"event":"read_begin","token":0,"layer":2,"expert":10,"bytes":13236480}
{"schema_version":1,"ts_ns":4845261342,"event":"cache_miss","token":0,"layer":2,"expert":10,"cache_hit":false}
{"schema_version":1,"ts_ns":4845269688,"event":"read_end","token":0,"layer":2,"expert":10,"bytes":13236480,"duration_ns":5623039}
{"schema_version":1,"ts_ns":4845289727,"event":"prefetch_begin","token":0,"layer":2,"expert":31,"bytes":13236480}
{"schema_version":1,"ts_ns":4845292996,"event":"read_begin","token":0,"layer":2,"expert":31,"bytes":13236480}
{"schema_version":1,"ts_ns":4845297612,"event":"compute_begin","token":0,"layer":2,"expert":10}
{"schema_version":1,"ts_ns":5095474227,"event":"compute_end","token":0,"layer":2,"expert":10,"duration_ns":250172884}
{"schema_version":1,"ts_ns":5095496534,"event":"route","token":0,"layer":2,"expert":31}
{"schema_version":1,"ts_ns":5098852573,"event":"cache_miss","token":0,"layer":2,"expert":31,"cache_hit":false}
{"schema_version":1,"ts_ns":5098859304,"event":"read_end","token":0,"layer":2,"expert":31,"bytes":13236480,"duration_ns":12478039}
{"schema_version":1,"ts_ns":5098927111,"event":"prefetch_end","token":0,"layer":2,"expert":31,"bytes":13236480,"duration_ns":12478039}
{"schema_version":1,"ts_ns":5098931957,"event":"prefetch_wait_end","token":0,"layer":2,"expert":31,"duration_ns":1461}
{"schema_version":1,"ts_ns":5098954265,"event":"prefetch_begin","token":0,"layer":2,"expert":14,"bytes":13236480}
{"schema_version":1,"ts_ns":5098957881,"event":"read_begin","token":0,"layer":2,"expert":14,"bytes":13236480}
{"schema_version":1,"ts_ns":5098962688,"event":"compute_begin","token":0,"layer":2,"expert":31}
{"schema_version":1,"ts_ns":5349386457,"event":"compute_end","token":0,"layer":2,"expert":31,"duration_ns":250420346}
{"schema_version":1,"ts_ns":5349410727,"event":"route","token":0,"layer":2,"expert":14}
{"schema_version":1,"ts_ns":5353316880,"event":"cache_miss","token":0,"layer":2,"expert":14,"cache_hit":false}
{"schema_version":1,"ts_ns":5353327227,"event":"read_end","token":0,"layer":2,"expert":14,"bytes":13236480,"duration_ns":15829500}
{"schema_version":1,"ts_ns":5353330727,"event":"prefetch_end","token":0,"layer":2,"expert":14,"bytes":13236480,"duration_ns":15829500}
{"schema_version":1,"ts_ns":5353333996,"event":"prefetch_wait_end","token":0,"layer":2,"expert":14,"duration_ns":1192}
{"schema_version":1,"ts_ns":5353354265,"event":"prefetch_begin","token":0,"layer":2,"expert":5,"bytes":13236480}
{"schema_version":1,"ts_ns":5353358303,"event":"read_begin","token":0,"layer":2,"expert":5,"bytes":13236480}
{"schema_version":1,"ts_ns":5353362496,"event":"compute_begin","token":0,"layer":2,"expert":14}
{"schema_version":1,"ts_ns":5607618688,"event":"compute_end","token":0,"layer":2,"expert":14,"duration_ns":254252885}
{"schema_version":1,"ts_ns":5607640688,"event":"route","token":0,"layer":2,"expert":5}
{"schema_version":1,"ts_ns":5611538572,"event":"cache_miss","token":0,"layer":2,"expert":5,"cache_hit":false}
{"schema_version":1,"ts_ns":5611547726,"event":"read_end","token":0,"layer":2,"expert":5,"bytes":13236480,"duration_ns":13319577}
{"schema_version":1,"ts_ns":5611551111,"event":"prefetch_end","token":0,"layer":2,"expert":5,"bytes":13236480,"duration_ns":13319577}
{"schema_version":1,"ts_ns":5611554226,"event":"prefetch_wait_end","token":0,"layer":2,"expert":5,"duration_ns":923}
{"schema_version":1,"ts_ns":5611559726,"event":"compute_begin","token":0,"layer":2,"expert":5}
{"schema_version":1,"ts_ns":5902052995,"event":"compute_end","token":0,"layer":2,"expert":5,"duration_ns":290488192}
{"schema_version":1,"ts_ns":5902092226,"event":"route","token":1,"layer":2,"expert":14}
{"schema_version":1,"ts_ns":5902105534,"event":"cache_hit","token":1,"layer":2,"expert":14,"cache_hit":true}
{"schema_version":1,"ts_ns":5902152649,"event":"prefetch_begin","token":1,"layer":2,"expert":10,"bytes":13236480}
{"schema_version":1,"ts_ns":5902158880,"event":"read_begin","token":1,"layer":2,"expert":10,"bytes":13236480}
{"schema_version":1,"ts_ns":5902164957,"event":"compute_begin","token":1,"layer":2,"expert":14}
{"schema_version":1,"ts_ns":6154523264,"event":"compute_end","token":1,"layer":2,"expert":14,"duration_ns":252354654}
{"schema_version":1,"ts_ns":6154550726,"event":"route","token":1,"layer":2,"expert":10}
{"schema_version":1,"ts_ns":6158281611,"event":"cache_miss","token":1,"layer":2,"expert":10,"cache_hit":false}
{"schema_version":1,"ts_ns":6158289072,"event":"read_end","token":1,"layer":2,"expert":10,"bytes":13236480,"duration_ns":11495962}
{"schema_version":1,"ts_ns":6158292880,"event":"prefetch_end","token":1,"layer":2,"expert":10,"bytes":13236480,"duration_ns":11495962}
{"schema_version":1,"ts_ns":6158295880,"event":"prefetch_wait_end","token":1,"layer":2,"expert":10,"duration_ns":1653}
{"schema_version":1,"ts_ns":6158313341,"event":"prefetch_begin","token":1,"layer":2,"expert":31,"bytes":13236480}
{"schema_version":1,"ts_ns":6158317341,"event":"read_begin","token":1,"layer":2,"expert":31,"bytes":13236480}
{"schema_version":1,"ts_ns":6158321572,"event":"compute_begin","token":1,"layer":2,"expert":10}
{"schema_version":1,"ts_ns":6405973880,"event":"compute_end","token":1,"layer":2,"expert":10,"duration_ns":247650154}
{"schema_version":1,"ts_ns":6406065995,"event":"route","token":1,"layer":2,"expert":31}
{"schema_version":1,"ts_ns":6409684072,"event":"cache_miss","token":1,"layer":2,"expert":31,"cache_hit":false}
{"schema_version":1,"ts_ns":6409692880,"event":"read_end","token":1,"layer":2,"expert":31,"bytes":13236480,"duration_ns":10125346}
{"schema_version":1,"ts_ns":6409696303,"event":"prefetch_end","token":1,"layer":2,"expert":31,"bytes":13236480,"duration_ns":10125346}
{"schema_version":1,"ts_ns":6409699418,"event":"prefetch_wait_end","token":1,"layer":2,"expert":31,"duration_ns":1192}
{"schema_version":1,"ts_ns":6409721110,"event":"prefetch_begin","token":1,"layer":2,"expert":17,"bytes":13236480}
{"schema_version":1,"ts_ns":6409725495,"event":"read_begin","token":1,"layer":2,"expert":17,"bytes":13236480}
{"schema_version":1,"ts_ns":6409729957,"event":"compute_begin","token":1,"layer":2,"expert":31}
{"schema_version":1,"ts_ns":6657422495,"event":"compute_end","token":1,"layer":2,"expert":31,"duration_ns":247689577}
{"schema_version":1,"ts_ns":6657439110,"event":"route","token":1,"layer":2,"expert":17}
{"schema_version":1,"ts_ns":6660854956,"event":"cache_miss","token":1,"layer":2,"expert":17,"cache_hit":false}
{"schema_version":1,"ts_ns":6660863687,"event":"read_end","token":1,"layer":2,"expert":17,"bytes":13236480,"duration_ns":13135846}
{"schema_version":1,"ts_ns":6660867879,"event":"prefetch_end","token":1,"layer":2,"expert":17,"bytes":13236480,"duration_ns":13135846}
{"schema_version":1,"ts_ns":6660871149,"event":"prefetch_wait_end","token":1,"layer":2,"expert":17,"duration_ns":1115}
{"schema_version":1,"ts_ns":6660877149,"event":"compute_begin","token":1,"layer":2,"expert":17}
{"schema_version":1,"ts_ns":6908580802,"event":"compute_end","token":1,"layer":2,"expert":17,"duration_ns":247700154}
{"schema_version":1,"ts_ns":6908597879,"event":"layer_end","layer":2}
{"schema_version":1,"ts_ns":6908608110,"event":"decoder_layer_end","layer":2}
{"schema_version":1,"ts_ns":6908618533,"event":"decoder_layer_begin","layer":3}
{"schema_version":1,"ts_ns":7149664379,"event":"attention_end","layer":3,"bytes":40960}
{"schema_version":1,"ts_ns":7150705648,"event":"layer_begin","layer":3}
{"schema_version":1,"ts_ns":7150719610,"event":"route","token":0,"layer":3,"expert":31}
{"schema_version":1,"ts_ns":7150726225,"event":"read_begin","token":0,"layer":3,"expert":31,"bytes":13236480}
{"schema_version":1,"ts_ns":7157764264,"event":"cache_miss","token":0,"layer":3,"expert":31,"cache_hit":false}
{"schema_version":1,"ts_ns":7157773610,"event":"read_end","token":0,"layer":3,"expert":31,"bytes":13236480,"duration_ns":7038500}
{"schema_version":1,"ts_ns":7157796725,"event":"prefetch_begin","token":0,"layer":3,"expert":23,"bytes":13236480}
{"schema_version":1,"ts_ns":7157800725,"event":"read_begin","token":0,"layer":3,"expert":23,"bytes":13236480}
{"schema_version":1,"ts_ns":7157805148,"event":"compute_begin","token":0,"layer":3,"expert":31}
{"schema_version":1,"ts_ns":7405508264,"event":"compute_end","token":0,"layer":3,"expert":31,"duration_ns":247700999}
{"schema_version":1,"ts_ns":7405526110,"event":"route","token":0,"layer":3,"expert":23}
{"schema_version":1,"ts_ns":7408845494,"event":"cache_miss","token":0,"layer":3,"expert":23,"cache_hit":false}
{"schema_version":1,"ts_ns":7408854417,"event":"read_end","token":0,"layer":3,"expert":23,"bytes":13236480,"duration_ns":12460385}
{"schema_version":1,"ts_ns":7408858340,"event":"prefetch_end","token":0,"layer":3,"expert":23,"bytes":13236480,"duration_ns":12460385}
{"schema_version":1,"ts_ns":7408861340,"event":"prefetch_wait_end","token":0,"layer":3,"expert":23,"duration_ns":2461}
{"schema_version":1,"ts_ns":7408881071,"event":"prefetch_begin","token":0,"layer":3,"expert":25,"bytes":13236480}
{"schema_version":1,"ts_ns":7408884879,"event":"read_begin","token":0,"layer":3,"expert":25,"bytes":13236480}
{"schema_version":1,"ts_ns":7408889533,"event":"compute_begin","token":0,"layer":3,"expert":23}
{"schema_version":1,"ts_ns":7656848956,"event":"compute_end","token":0,"layer":3,"expert":23,"duration_ns":247875500}
{"schema_version":1,"ts_ns":7656866494,"event":"route","token":0,"layer":3,"expert":25}
{"schema_version":1,"ts_ns":7661105917,"event":"cache_miss","token":0,"layer":3,"expert":25,"cache_hit":false}
{"schema_version":1,"ts_ns":7661115533,"event":"read_end","token":0,"layer":3,"expert":25,"bytes":13236480,"duration_ns":10479847}
{"schema_version":1,"ts_ns":7661119302,"event":"prefetch_end","token":0,"layer":3,"expert":25,"bytes":13236480,"duration_ns":10479847}
{"schema_version":1,"ts_ns":7661122494,"event":"prefetch_wait_end","token":0,"layer":3,"expert":25,"duration_ns":1038}
{"schema_version":1,"ts_ns":7661139879,"event":"prefetch_begin","token":0,"layer":3,"expert":16,"bytes":13236480}
{"schema_version":1,"ts_ns":7661142686,"event":"read_begin","token":0,"layer":3,"expert":16,"bytes":13236480}
{"schema_version":1,"ts_ns":7661146725,"event":"compute_begin","token":0,"layer":3,"expert":25}
{"schema_version":1,"ts_ns":7909438763,"event":"compute_end","token":0,"layer":3,"expert":25,"duration_ns":248289385}
{"schema_version":1,"ts_ns":7909455455,"event":"route","token":0,"layer":3,"expert":16}
{"schema_version":1,"ts_ns":7913173032,"event":"cache_miss","token":0,"layer":3,"expert":16,"cache_hit":false}
{"schema_version":1,"ts_ns":7913180686,"event":"read_end","token":0,"layer":3,"expert":16,"bytes":13236480,"duration_ns":11790923}
{"schema_version":1,"ts_ns":7913183994,"event":"prefetch_end","token":0,"layer":3,"expert":16,"bytes":13236480,"duration_ns":11790923}
{"schema_version":1,"ts_ns":7913187340,"event":"prefetch_wait_end","token":0,"layer":3,"expert":16,"duration_ns":1270}
{"schema_version":1,"ts_ns":7913192186,"event":"compute_begin","token":0,"layer":3,"expert":16}
{"schema_version":1,"ts_ns":8167425686,"event":"compute_end","token":0,"layer":3,"expert":16,"duration_ns":254230230}
{"schema_version":1,"ts_ns":8167451225,"event":"route","token":1,"layer":3,"expert":23}
{"schema_version":1,"ts_ns":8167458032,"event":"cache_hit","token":1,"layer":3,"expert":23,"cache_hit":true}
{"schema_version":1,"ts_ns":8167474455,"event":"prefetch_begin","token":1,"layer":3,"expert":31,"bytes":13236480}
{"schema_version":1,"ts_ns":8167477763,"event":"read_begin","token":1,"layer":3,"expert":31,"bytes":13236480}
{"schema_version":1,"ts_ns":8167480609,"event":"compute_begin","token":1,"layer":3,"expert":23}
{"schema_version":1,"ts_ns":8415225994,"event":"compute_end","token":1,"layer":3,"expert":23,"duration_ns":247743423}
{"schema_version":1,"ts_ns":8415245224,"event":"route","token":1,"layer":3,"expert":31}
{"schema_version":1,"ts_ns":8418766494,"event":"cache_miss","token":1,"layer":3,"expert":31,"cache_hit":false}
{"schema_version":1,"ts_ns":8418774417,"event":"read_end","token":1,"layer":3,"expert":31,"bytes":13236480,"duration_ns":11813346}
{"schema_version":1,"ts_ns":8418778186,"event":"prefetch_end","token":1,"layer":3,"expert":31,"bytes":13236480,"duration_ns":11813346}
{"schema_version":1,"ts_ns":8418781686,"event":"prefetch_wait_end","token":1,"layer":3,"expert":31,"duration_ns":1154}
{"schema_version":1,"ts_ns":8418786455,"event":"compute_begin","token":1,"layer":3,"expert":31}
{"schema_version":1,"ts_ns":8666622147,"event":"compute_end","token":1,"layer":3,"expert":31,"duration_ns":247833192}
{"schema_version":1,"ts_ns":8666639378,"event":"route","token":1,"layer":3,"expert":16}
{"schema_version":1,"ts_ns":8666646416,"event":"cache_hit","token":1,"layer":3,"expert":16,"cache_hit":true}
{"schema_version":1,"ts_ns":8666668609,"event":"prefetch_begin","token":1,"layer":3,"expert":25,"bytes":13236480}
{"schema_version":1,"ts_ns":8666672609,"event":"read_begin","token":1,"layer":3,"expert":25,"bytes":13236480}
{"schema_version":1,"ts_ns":8666676032,"event":"compute_begin","token":1,"layer":3,"expert":16}
{"schema_version":1,"ts_ns":8914692455,"event":"compute_end","token":1,"layer":3,"expert":16,"duration_ns":248013423}
{"schema_version":1,"ts_ns":8914709878,"event":"route","token":1,"layer":3,"expert":25}
{"schema_version":1,"ts_ns":8918482570,"event":"cache_miss","token":1,"layer":3,"expert":25,"cache_hit":false}
{"schema_version":1,"ts_ns":8918493378,"event":"read_end","token":1,"layer":3,"expert":25,"bytes":13236480,"duration_ns":10391077}
{"schema_version":1,"ts_ns":8918496955,"event":"prefetch_end","token":1,"layer":3,"expert":25,"bytes":13236480,"duration_ns":10391077}
{"schema_version":1,"ts_ns":8918500070,"event":"prefetch_wait_end","token":1,"layer":3,"expert":25,"duration_ns":1423}
{"schema_version":1,"ts_ns":8918505839,"event":"compute_begin","token":1,"layer":3,"expert":25}
{"schema_version":1,"ts_ns":9172320685,"event":"compute_end","token":1,"layer":3,"expert":25,"duration_ns":253811000}
{"schema_version":1,"ts_ns":9172344955,"event":"layer_end","layer":3}
{"schema_version":1,"ts_ns":9172355531,"event":"decoder_layer_end","layer":3}
{"schema_version":1,"ts_ns":9172365724,"event":"decoder_layer_begin","layer":4}
{"schema_version":1,"ts_ns":9419573377,"event":"attention_end","layer":4,"bytes":40960}
{"schema_version":1,"ts_ns":9420578993,"event":"layer_begin","layer":4}
{"schema_version":1,"ts_ns":9420593762,"event":"route","token":0,"layer":4,"expert":31}
{"schema_version":1,"ts_ns":9420598993,"event":"read_begin","token":0,"layer":4,"expert":31,"bytes":13236480}
{"schema_version":1,"ts_ns":9427399762,"event":"cache_miss","token":0,"layer":4,"expert":31,"cache_hit":false}
{"schema_version":1,"ts_ns":9427409493,"event":"read_end","token":0,"layer":4,"expert":31,"bytes":13236480,"duration_ns":6799808}
{"schema_version":1,"ts_ns":9427430070,"event":"prefetch_begin","token":0,"layer":4,"expert":24,"bytes":13236480}
{"schema_version":1,"ts_ns":9427433262,"event":"read_begin","token":0,"layer":4,"expert":24,"bytes":13236480}
{"schema_version":1,"ts_ns":9427437147,"event":"compute_begin","token":0,"layer":4,"expert":31}
{"schema_version":1,"ts_ns":9717916070,"event":"compute_end","token":0,"layer":4,"expert":31,"duration_ns":290475115}
{"schema_version":1,"ts_ns":9717939223,"event":"route","token":0,"layer":4,"expert":24}
{"schema_version":1,"ts_ns":9721805031,"event":"cache_miss","token":0,"layer":4,"expert":24,"cache_hit":false}
{"schema_version":1,"ts_ns":9721812339,"event":"read_end","token":0,"layer":4,"expert":24,"bytes":13236480,"duration_ns":11681038}
{"schema_version":1,"ts_ns":9721816185,"event":"prefetch_end","token":0,"layer":4,"expert":24,"bytes":13236480,"duration_ns":11681038}
{"schema_version":1,"ts_ns":9721819300,"event":"prefetch_wait_end","token":0,"layer":4,"expert":24,"duration_ns":1192}
{"schema_version":1,"ts_ns":9721840185,"event":"prefetch_begin","token":0,"layer":4,"expert":9,"bytes":13236480}
{"schema_version":1,"ts_ns":9721844646,"event":"read_begin","token":0,"layer":4,"expert":9,"bytes":13236480}
{"schema_version":1,"ts_ns":9721848916,"event":"compute_begin","token":0,"layer":4,"expert":24}
{"schema_version":1,"ts_ns":9969850300,"event":"compute_end","token":0,"layer":4,"expert":24,"duration_ns":247997923}
{"schema_version":1,"ts_ns":9969866685,"event":"route","token":0,"layer":4,"expert":9}
{"schema_version":1,"ts_ns":9973656300,"event":"cache_miss","token":0,"layer":4,"expert":9,"cache_hit":false}
{"schema_version":1,"ts_ns":9973663992,"event":"read_end","token":0,"layer":4,"expert":9,"bytes":13236480,"duration_ns":11525692}
{"schema_version":1,"ts_ns":9973667608,"event":"prefetch_end","token":0,"layer":4,"expert":9,"bytes":13236480,"duration_ns":11525692}
{"schema_version":1,"ts_ns":9973670723,"event":"prefetch_wait_end","token":0,"layer":4,"expert":9,"duration_ns":1000}
{"schema_version":1,"ts_ns":9973686877,"event":"prefetch_begin","token":0,"layer":4,"expert":22,"bytes":13236480}
{"schema_version":1,"ts_ns":9973690608,"event":"read_begin","token":0,"layer":4,"expert":22,"bytes":13236480}
{"schema_version":1,"ts_ns":9973695685,"event":"compute_begin","token":0,"layer":4,"expert":9}
{"schema_version":1,"ts_ns":10221549262,"event":"compute_end","token":0,"layer":4,"expert":9,"duration_ns":247850577}
{"schema_version":1,"ts_ns":10221567300,"event":"route","token":0,"layer":4,"expert":22}
{"schema_version":1,"ts_ns":10225364223,"event":"cache_miss","token":0,"layer":4,"expert":22,"cache_hit":false}
{"schema_version":1,"ts_ns":10225374031,"event":"read_end","token":0,"layer":4,"expert":22,"bytes":13236480,"duration_ns":13661962}
{"schema_version":1,"ts_ns":10225378108,"event":"prefetch_end","token":0,"layer":4,"expert":22,"bytes":13236480,"duration_ns":13661962}
{"schema_version":1,"ts_ns":10225381531,"event":"prefetch_wait_end","token":0,"layer":4,"expert":22,"duration_ns":1193}
{"schema_version":1,"ts_ns":10225386761,"event":"compute_begin","token":0,"layer":4,"expert":22}
{"schema_version":1,"ts_ns":10474444915,"event":"compute_end","token":0,"layer":4,"expert":22,"duration_ns":249056077}
{"schema_version":1,"ts_ns":10474463838,"event":"route","token":1,"layer":4,"expert":24}
{"schema_version":1,"ts_ns":10474471492,"event":"cache_hit","token":1,"layer":4,"expert":24,"cache_hit":true}
{"schema_version":1,"ts_ns":10474475261,"event":"compute_begin","token":1,"layer":4,"expert":24}
{"schema_version":1,"ts_ns":10726120646,"event":"compute_end","token":1,"layer":4,"expert":24,"duration_ns":251641769}
{"schema_version":1,"ts_ns":10726144377,"event":"route","token":1,"layer":4,"expert":22}
{"schema_version":1,"ts_ns":10726152300,"event":"cache_hit","token":1,"layer":4,"expert":22,"cache_hit":true}
{"schema_version":1,"ts_ns":10726175838,"event":"prefetch_begin","token":1,"layer":4,"expert":31,"bytes":13236480}
{"schema_version":1,"ts_ns":10726178953,"event":"read_begin","token":1,"layer":4,"expert":31,"bytes":13236480}
{"schema_version":1,"ts_ns":10726182223,"event":"compute_begin","token":1,"layer":4,"expert":22}
{"schema_version":1,"ts_ns":10977094376,"event":"compute_end","token":1,"layer":4,"expert":22,"duration_ns":250908692}
{"schema_version":1,"ts_ns":10977115915,"event":"route","token":1,"layer":4,"expert":31}
{"schema_version":1,"ts_ns":10980698453,"event":"cache_miss","token":1,"layer":4,"expert":31,"cache_hit":false}
{"schema_version":1,"ts_ns":10980706107,"event":"read_end","token":1,"layer":4,"expert":31,"bytes":13236480,"duration_ns":12948192}
{"schema_version":1,"ts_ns":10980709876,"event":"prefetch_end","token":1,"layer":4,"expert":31,"bytes":13236480,"duration_ns":12948192}
{"schema_version":1,"ts_ns":10980713107,"event":"prefetch_wait_end","token":1,"layer":4,"expert":31,"duration_ns":1461}
{"schema_version":1,"ts_ns":10980734261,"event":"prefetch_begin","token":1,"layer":4,"expert":23,"bytes":13236480}
{"schema_version":1,"ts_ns":10980738876,"event":"read_begin","token":1,"layer":4,"expert":23,"bytes":13236480}
{"schema_version":1,"ts_ns":10980743415,"event":"compute_begin","token":1,"layer":4,"expert":31}
{"schema_version":1,"ts_ns":11228502992,"event":"compute_end","token":1,"layer":4,"expert":31,"duration_ns":247755615}
{"schema_version":1,"ts_ns":11228525530,"event":"route","token":1,"layer":4,"expert":23}
{"schema_version":1,"ts_ns":11231916184,"event":"cache_miss","token":1,"layer":4,"expert":23,"cache_hit":false}
{"schema_version":1,"ts_ns":11231922992,"event":"read_end","token":1,"layer":4,"expert":23,"bytes":13236480,"duration_ns":15097846}
{"schema_version":1,"ts_ns":11231926607,"event":"prefetch_end","token":1,"layer":4,"expert":23,"bytes":13236480,"duration_ns":15097846}
{"schema_version":1,"ts_ns":11231929953,"event":"prefetch_wait_end","token":1,"layer":4,"expert":23,"duration_ns":1347}
{"schema_version":1,"ts_ns":11231934915,"event":"compute_begin","token":1,"layer":4,"expert":23}
{"schema_version":1,"ts_ns":11479573607,"event":"compute_end","token":1,"layer":4,"expert":23,"duration_ns":247635769}
{"schema_version":1,"ts_ns":11479593145,"event":"layer_end","layer":4}
{"schema_version":1,"ts_ns":11479602568,"event":"decoder_layer_end","layer":4}
{"schema_version":1,"ts_ns":11479612376,"event":"decoder_layer_begin","layer":5}
{"schema_version":1,"ts_ns":11720496760,"event":"attention_end","layer":5,"bytes":40960}
{"schema_version":1,"ts_ns":11721527299,"event":"layer_begin","layer":5}
{"schema_version":1,"ts_ns":11721540722,"event":"route","token":0,"layer":5,"expert":15}
{"schema_version":1,"ts_ns":11721609337,"event":"read_begin","token":0,"layer":5,"expert":15,"bytes":13236480}
{"schema_version":1,"ts_ns":11729129953,"event":"cache_miss","token":0,"layer":5,"expert":15,"cache_hit":false}
{"schema_version":1,"ts_ns":11729139799,"event":"read_end","token":0,"layer":5,"expert":15,"bytes":13236480,"duration_ns":7583346}
{"schema_version":1,"ts_ns":11729161837,"event":"prefetch_begin","token":0,"layer":5,"expert":11,"bytes":13236480}
{"schema_version":1,"ts_ns":11729165453,"event":"read_begin","token":0,"layer":5,"expert":11,"bytes":13236480}
{"schema_version":1,"ts_ns":11729169760,"event":"compute_begin","token":0,"layer":5,"expert":15}
{"schema_version":1,"ts_ns":11976974376,"event":"compute_end","token":0,"layer":5,"expert":15,"duration_ns":247801500}
{"schema_version":1,"ts_ns":11976992799,"event":"route","token":0,"layer":5,"expert":11}
{"schema_version":1,"ts_ns":11980673145,"event":"cache_miss","token":0,"layer":5,"expert":11,"cache_hit":false}
{"schema_version":1,"ts_ns":11980681183,"event":"read_end","token":0,"layer":5,"expert":11,"bytes":13236480,"duration_ns":13994192}
{"schema_version":1,"ts_ns":11980684837,"event":"prefetch_end","token":0,"layer":5,"expert":11,"bytes":13236480,"duration_ns":13994192}
{"schema_version":1,"ts_ns":11980687953,"event":"prefetch_wait_end","token":0,"layer":5,"expert":11,"duration_ns":1154}
{"schema_version":1,"ts_ns":11980705068,"event":"prefetch_begin","token":0,"layer":5,"expert":6,"bytes":13236480}
{"schema_version":1,"ts_ns":11980709799,"event":"read_begin","token":0,"layer":5,"expert":6,"bytes":13236480}
{"schema_version":1,"ts_ns":11980715222,"event":"compute_begin","token":0,"layer":5,"expert":11}
{"schema_version":1,"ts_ns":12228933414,"event":"compute_end","token":0,"layer":5,"expert":11,"duration_ns":248215731}
{"schema_version":1,"ts_ns":12228947568,"event":"route","token":0,"layer":5,"expert":6}
{"schema_version":1,"ts_ns":12232600952,"event":"cache_miss","token":0,"layer":5,"expert":6,"cache_hit":false}
{"schema_version":1,"ts_ns":12232607068,"event":"read_end","token":0,"layer":5,"expert":6,"bytes":13236480,"duration_ns":12806769}
{"schema_version":1,"ts_ns":12232611837,"event":"prefetch_end","token":0,"layer":5,"expert":6,"bytes":13236480,"duration_ns":12806769}
{"schema_version":1,"ts_ns":12232614991,"event":"prefetch_wait_end","token":0,"layer":5,"expert":6,"duration_ns":616}
{"schema_version":1,"ts_ns":12232636145,"event":"prefetch_begin","token":0,"layer":5,"expert":24,"bytes":13236480}
{"schema_version":1,"ts_ns":12232640606,"event":"read_begin","token":0,"layer":5,"expert":24,"bytes":13236480}
{"schema_version":1,"ts_ns":12232645568,"event":"compute_begin","token":0,"layer":5,"expert":6}
{"schema_version":1,"ts_ns":12480269068,"event":"compute_end","token":0,"layer":5,"expert":6,"duration_ns":247621231}
{"schema_version":1,"ts_ns":12480288183,"event":"route","token":0,"layer":5,"expert":24}
{"schema_version":1,"ts_ns":12483776183,"event":"cache_miss","token":0,"layer":5,"expert":24,"cache_hit":false}
{"schema_version":1,"ts_ns":12483782414,"event":"read_end","token":0,"layer":5,"expert":24,"bytes":13236480,"duration_ns":15564577}
{"schema_version":1,"ts_ns":12483785721,"event":"prefetch_end","token":0,"layer":5,"expert":24,"bytes":13236480,"duration_ns":15564577}
{"schema_version":1,"ts_ns":12483788721,"event":"prefetch_wait_end","token":0,"layer":5,"expert":24,"duration_ns":770}
{"schema_version":1,"ts_ns":12483793568,"event":"compute_begin","token":0,"layer":5,"expert":24}
{"schema_version":1,"ts_ns":12732093914,"event":"compute_end","token":0,"layer":5,"expert":24,"duration_ns":248296654}
{"schema_version":1,"ts_ns":12732119144,"event":"route","token":1,"layer":5,"expert":15}
{"schema_version":1,"ts_ns":12732124375,"event":"read_begin","token":1,"layer":5,"expert":15,"bytes":13236480}
{"schema_version":1,"ts_ns":12739707414,"event":"cache_miss","token":1,"layer":5,"expert":15,"cache_hit":false}
{"schema_version":1,"ts_ns":12739716567,"event":"read_end","token":1,"layer":5,"expert":15,"bytes":13236480,"duration_ns":7582654}
{"schema_version":1,"ts_ns":12739786683,"event":"compute_begin","token":1,"layer":5,"expert":15}
{"schema_version":1,"ts_ns":12990474529,"event":"compute_end","token":1,"layer":5,"expert":15,"duration_ns":250746807}
{"schema_version":1,"ts_ns":12990497336,"event":"route","token":1,"layer":5,"expert":6}
{"schema_version":1,"ts_ns":12990505798,"event":"cache_hit","token":1,"layer":5,"expert":6,"cache_hit":true}
{"schema_version":1,"ts_ns":12990510336,"event":"compute_begin","token":1,"layer":5,"expert":6}
{"schema_version":1,"ts_ns":13238251105,"event":"compute_end","token":1,"layer":5,"expert":6,"duration_ns":247738807}
{"schema_version":1,"ts_ns":13238266259,"event":"route","token":1,"layer":5,"expert":24}
{"schema_version":1,"ts_ns":13238274029,"event":"cache_hit","token":1,"layer":5,"expert":24,"cache_hit":true}
{"schema_version":1,"ts_ns":13238295490,"event":"prefetch_begin","token":1,"layer":5,"expert":31,"bytes":13236480}
{"schema_version":1,"ts_ns":13238300067,"event":"read_begin","token":1,"layer":5,"expert":31,"bytes":13236480}
{"schema_version":1,"ts_ns":13238303067,"event":"compute_begin","token":1,"layer":5,"expert":24}
{"schema_version":1,"ts_ns":13486308490,"event":"compute_end","token":1,"layer":5,"expert":24,"duration_ns":248002269}
{"schema_version":1,"ts_ns":13486327798,"event":"route","token":1,"layer":5,"expert":31}
{"schema_version":1,"ts_ns":13489869451,"event":"cache_miss","token":1,"layer":5,"expert":31,"cache_hit":false}
{"schema_version":1,"ts_ns":13489877259,"event":"read_end","token":1,"layer":5,"expert":31,"bytes":13236480,"duration_ns":14550154}
{"schema_version":1,"ts_ns":13489880951,"event":"prefetch_end","token":1,"layer":5,"expert":31,"bytes":13236480,"duration_ns":14550154}
{"schema_version":1,"ts_ns":13489883990,"event":"prefetch_wait_end","token":1,"layer":5,"expert":31,"duration_ns":1077}
{"schema_version":1,"ts_ns":13489889798,"event":"compute_begin","token":1,"layer":5,"expert":31}
{"schema_version":1,"ts_ns":13737643605,"event":"compute_end","token":1,"layer":5,"expert":31,"duration_ns":247750577}
{"schema_version":1,"ts_ns":13737665797,"event":"layer_end","layer":5}
{"schema_version":1,"ts_ns":13737675951,"event":"decoder_layer_end","layer":5}
{"schema_version":1,"ts_ns":13737685759,"event":"decoder_layer_begin","layer":6}
{"schema_version":1,"ts_ns":13978265105,"event":"attention_end","layer":6,"bytes":40960}
{"schema_version":1,"ts_ns":13979371605,"event":"layer_begin","layer":6}
{"schema_version":1,"ts_ns":13979386336,"event":"route","token":0,"layer":6,"expert":5}
{"schema_version":1,"ts_ns":13979392797,"event":"read_begin","token":0,"layer":6,"expert":5,"bytes":13236480}
{"schema_version":1,"ts_ns":13986799067,"event":"cache_miss","token":0,"layer":6,"expert":5,"cache_hit":false}
{"schema_version":1,"ts_ns":13986807105,"event":"read_end","token":0,"layer":6,"expert":5,"bytes":13236480,"duration_ns":7407000}
{"schema_version":1,"ts_ns":13986829720,"event":"prefetch_begin","token":0,"layer":6,"expert":17,"bytes":13236480}
{"schema_version":1,"ts_ns":13986833528,"event":"read_begin","token":0,"layer":6,"expert":17,"bytes":13236480}
{"schema_version":1,"ts_ns":13986838413,"event":"compute_begin","token":0,"layer":6,"expert":5}
{"schema_version":1,"ts_ns":14234883066,"event":"compute_end","token":0,"layer":6,"expert":5,"duration_ns":248042499}
{"schema_version":1,"ts_ns":14234900528,"event":"route","token":0,"layer":6,"expert":17}
{"schema_version":1,"ts_ns":14238705066,"event":"cache_miss","token":0,"layer":6,"expert":17,"cache_hit":false}
{"schema_version":1,"ts_ns":14238712528,"event":"read_end","token":0,"layer":6,"expert":17,"bytes":13236480,"duration_ns":11894846}
{"schema_version":1,"ts_ns":14238716105,"event":"prefetch_end","token":0,"layer":6,"expert":17,"bytes":13236480,"duration_ns":11894846}
{"schema_version":1,"ts_ns":14238719874,"event":"prefetch_wait_end","token":0,"layer":6,"expert":17,"duration_ns":1116}
{"schema_version":1,"ts_ns":14238739989,"event":"prefetch_begin","token":0,"layer":6,"expert":30,"bytes":13236480}
{"schema_version":1,"ts_ns":14238744759,"event":"read_begin","token":0,"layer":6,"expert":30,"bytes":13236480}
{"schema_version":1,"ts_ns":14238809143,"event":"compute_begin","token":0,"layer":6,"expert":17}
{"schema_version":1,"ts_ns":14486520874,"event":"compute_end","token":0,"layer":6,"expert":17,"duration_ns":247709500}
{"schema_version":1,"ts_ns":14486536451,"event":"route","token":0,"layer":6,"expert":30}
{"schema_version":1,"ts_ns":14489918797,"event":"cache_miss","token":0,"layer":6,"expert":30,"cache_hit":false}
{"schema_version":1,"ts_ns":14489926989,"event":"read_end","token":0,"layer":6,"expert":30,"bytes":13236480,"duration_ns":12392000}
{"schema_version":1,"ts_ns":14489931220,"event":"prefetch_end","token":0,"layer":6,"expert":30,"bytes":13236480,"duration_ns":12392000}
{"schema_version":1,"ts_ns":14489934682,"event":"prefetch_wait_end","token":0,"layer":6,"expert":30,"duration_ns":808}
{"schema_version":1,"ts_ns":14489956335,"event":"prefetch_begin","token":0,"layer":6,"expert":13,"bytes":13236480}
{"schema_version":1,"ts_ns":14489960720,"event":"read_begin","token":0,"layer":6,"expert":13,"bytes":13236480}
{"schema_version":1,"ts_ns":14489965489,"event":"compute_begin","token":0,"layer":6,"expert":30}
{"schema_version":1,"ts_ns":14737809335,"event":"compute_end","token":0,"layer":6,"expert":30,"duration_ns":247840115}
{"schema_version":1,"ts_ns":14737831220,"event":"route","token":0,"layer":6,"expert":13}
{"schema_version":1,"ts_ns":14741458258,"event":"cache_miss","token":0,"layer":6,"expert":13,"cache_hit":false}
{"schema_version":1,"ts_ns":14741467335,"event":"read_end","token":0,"layer":6,"expert":13,"bytes":13236480,"duration_ns":13635731}
{"schema_version":1,"ts_ns":14741471066,"event":"prefetch_end","token":0,"layer":6,"expert":13,"bytes":13236480,"duration_ns":13635731}
{"schema_version":1,"ts_ns":14741474989,"event":"prefetch_wait_end","token":0,"layer":6,"expert":13,"duration_ns":1192}
{"schema_version":1,"ts_ns":14741480720,"event":"compute_begin","token":0,"layer":6,"expert":13}
{"schema_version":1,"ts_ns":14989255412,"event":"compute_end","token":0,"layer":6,"expert":13,"duration_ns":247771231}
{"schema_version":1,"ts_ns":14989279066,"event":"route","token":1,"layer":6,"expert":14}
{"schema_version":1,"ts_ns":14989285104,"event":"read_begin","token":1,"layer":6,"expert":14,"bytes":13236480}
{"schema_version":1,"ts_ns":14997609758,"event":"cache_miss","token":1,"layer":6,"expert":14,"cache_hit":false}
{"schema_version":1,"ts_ns":14997618681,"event":"read_end","token":1,"layer":6,"expert":14,"bytes":13236480,"duration_ns":8325192}
{"schema_version":1,"ts_ns":14997643297,"event":"prefetch_begin","token":1,"layer":6,"expert":27,"bytes":13236480}
{"schema_version":1,"ts_ns":14997647835,"event":"read_begin","token":1,"layer":6,"expert":27,"bytes":13236480}
{"schema_version":1,"ts_ns":14997651873,"event":"compute_begin","token":1,"layer":6,"expert":14}
{"schema_version":1,"ts_ns":15251559604,"event":"compute_end","token":1,"layer":6,"expert":14,"duration_ns":253904192}
{"schema_version":1,"ts_ns":15251581950,"event":"route","token":1,"layer":6,"expert":27}
{"schema_version":1,"ts_ns":15255316066,"event":"cache_miss","token":1,"layer":6,"expert":27,"cache_hit":false}
{"schema_version":1,"ts_ns":15255345104,"event":"read_end","token":1,"layer":6,"expert":27,"bytes":13236480,"duration_ns":6089846}
{"schema_version":1,"ts_ns":15255348527,"event":"prefetch_end","token":1,"layer":6,"expert":27,"bytes":13236480,"duration_ns":6089846}
{"schema_version":1,"ts_ns":15255351758,"event":"prefetch_wait_end","token":1,"layer":6,"expert":27,"duration_ns":1000}
{"schema_version":1,"ts_ns":15255369950,"event":"prefetch_begin","token":1,"layer":6,"expert":2,"bytes":13236480}
{"schema_version":1,"ts_ns":15255374873,"event":"read_begin","token":1,"layer":6,"expert":2,"bytes":13236480}
{"schema_version":1,"ts_ns":15255379719,"event":"compute_begin","token":1,"layer":6,"expert":27}
{"schema_version":1,"ts_ns":15503100450,"event":"compute_end","token":1,"layer":6,"expert":27,"duration_ns":247717923}
{"schema_version":1,"ts_ns":15503116296,"event":"route","token":1,"layer":6,"expert":2}
{"schema_version":1,"ts_ns":15506769412,"event":"cache_miss","token":1,"layer":6,"expert":2,"cache_hit":false}
{"schema_version":1,"ts_ns":15506780450,"event":"read_end","token":1,"layer":6,"expert":2,"bytes":13236480,"duration_ns":12917154}
{"schema_version":1,"ts_ns":15506784219,"event":"prefetch_end","token":1,"layer":6,"expert":2,"bytes":13236480,"duration_ns":12917154}
{"schema_version":1,"ts_ns":15506787565,"event":"prefetch_wait_end","token":1,"layer":6,"expert":2,"duration_ns":654}
{"schema_version":1,"ts_ns":15506802527,"event":"prefetch_begin","token":1,"layer":6,"expert":17,"bytes":13236480}
{"schema_version":1,"ts_ns":15506805681,"event":"read_begin","token":1,"layer":6,"expert":17,"bytes":13236480}
{"schema_version":1,"ts_ns":15506810873,"event":"compute_begin","token":1,"layer":6,"expert":2}
{"schema_version":1,"ts_ns":15755869565,"event":"compute_end","token":1,"layer":6,"expert":2,"duration_ns":249056192}
{"schema_version":1,"ts_ns":15755887527,"event":"route","token":1,"layer":6,"expert":17}
{"schema_version":1,"ts_ns":15759683065,"event":"cache_miss","token":1,"layer":6,"expert":17,"cache_hit":false}
{"schema_version":1,"ts_ns":15759690527,"event":"read_end","token":1,"layer":6,"expert":17,"bytes":13236480,"duration_ns":11050423}
{"schema_version":1,"ts_ns":15759693873,"event":"prefetch_end","token":1,"layer":6,"expert":17,"bytes":13236480,"duration_ns":11050423}
{"schema_version":1,"ts_ns":15759696873,"event":"prefetch_wait_end","token":1,"layer":6,"expert":17,"duration_ns":1192}
{"schema_version":1,"ts_ns":15759701258,"event":"compute_begin","token":1,"layer":6,"expert":17}
{"schema_version":1,"ts_ns":16009690411,"event":"compute_end","token":1,"layer":6,"expert":17,"duration_ns":249985308}
{"schema_version":1,"ts_ns":16009715411,"event":"layer_end","layer":6}
{"schema_version":1,"ts_ns":16009727142,"event":"decoder_layer_end","layer":6}
{"schema_version":1,"ts_ns":16009739296,"event":"decoder_layer_begin","layer":7}
{"schema_version":1,"ts_ns":16253960642,"event":"attention_end","layer":7,"bytes":40960}
{"schema_version":1,"ts_ns":16255004373,"event":"layer_begin","layer":7}
{"schema_version":1,"ts_ns":16255017373,"event":"route","token":0,"layer":7,"expert":10}
{"schema_version":1,"ts_ns":16255022411,"event":"read_begin","token":0,"layer":7,"expert":10,"bytes":13236480}
{"schema_version":1,"ts_ns":16263418719,"event":"cache_miss","token":0,"layer":7,"expert":10,"cache_hit":false}
{"schema_version":1,"ts_ns":16263428873,"event":"read_end","token":0,"layer":7,"expert":10,"bytes":13236480,"duration_ns":8396308}
{"schema_version":1,"ts_ns":16263449988,"event":"prefetch_begin","token":0,"layer":7,"expert":18,"bytes":13236480}
{"schema_version":1,"ts_ns":16263453488,"event":"read_begin","token":0,"layer":7,"expert":18,"bytes":13236480}
{"schema_version":1,"ts_ns":16263457834,"event":"compute_begin","token":0,"layer":7,"expert":10}
{"schema_version":1,"ts_ns":16511235257,"event":"compute_end","token":0,"layer":7,"expert":10,"duration_ns":247774346}
{"schema_version":1,"ts_ns":16511251026,"event":"route","token":0,"layer":7,"expert":18}
{"schema_version":1,"ts_ns":16514751026,"event":"cache_miss","token":0,"layer":7,"expert":18,"cache_hit":false}
{"schema_version":1,"ts_ns":16514758026,"event":"read_end","token":0,"layer":7,"expert":18,"bytes":13236480,"duration_ns":14284076}
{"schema_version":1,"ts_ns":16514761988,"event":"prefetch_end","token":0,"layer":7,"expert":18,"bytes":13236480,"duration_ns":14284076}
{"schema_version":1,"ts_ns":16514764988,"event":"prefetch_wait_end","token":0,"layer":7,"expert":18,"duration_ns":1347}
{"schema_version":1,"ts_ns":16514786065,"event":"prefetch_begin","token":0,"layer":7,"expert":6,"bytes":13236480}
{"schema_version":1,"ts_ns":16514789642,"event":"read_begin","token":0,"layer":7,"expert":6,"bytes":13236480}
{"schema_version":1,"ts_ns":16514794372,"event":"compute_begin","token":0,"layer":7,"expert":18}
{"schema_version":1,"ts_ns":16762839988,"event":"compute_end","token":0,"layer":7,"expert":18,"duration_ns":248042269}
{"schema_version":1,"ts_ns":16762861488,"event":"route","token":0,"layer":7,"expert":6}
{"schema_version":1,"ts_ns":16767096295,"event":"cache_miss","token":0,"layer":7,"expert":6,"cache_hit":false}
{"schema_version":1,"ts_ns":16767105757,"event":"read_end","token":0,"layer":7,"expert":6,"bytes":13236480,"duration_ns":13094230}
{"schema_version":1,"ts_ns":16767108911,"event":"prefetch_end","token":0,"layer":7,"expert":6,"bytes":13236480,"duration_ns":13094230}
{"schema_version":1,"ts_ns":16767112026,"event":"prefetch_wait_end","token":0,"layer":7,"expert":6,"duration_ns":1538}
{"schema_version":1,"ts_ns":16767133757,"event":"prefetch_begin","token":0,"layer":7,"expert":7,"bytes":13236480}
{"schema_version":1,"ts_ns":16767137718,"event":"read_begin","token":0,"layer":7,"expert":7,"bytes":13236480}
{"schema_version":1,"ts_ns":16767142295,"event":"compute_begin","token":0,"layer":7,"expert":6}
{"schema_version":1,"ts_ns":17031914910,"event":"compute_end","token":0,"layer":7,"expert":6,"duration_ns":264769230}
{"schema_version":1,"ts_ns":17031935180,"event":"route","token":0,"layer":7,"expert":7}
{"schema_version":1,"ts_ns":17035842334,"event":"cache_miss","token":0,"layer":7,"expert":7,"cache_hit":false}
{"schema_version":1,"ts_ns":17035851680,"event":"read_end","token":0,"layer":7,"expert":7,"bytes":13236480,"duration_ns":12532270}
{"schema_version":1,"ts_ns":17035855180,"event":"prefetch_end","token":0,"layer":7,"expert":7,"bytes":13236480,"duration_ns":12532270}
{"schema_version":1,"ts_ns":17035858257,"event":"prefetch_wait_end","token":0,"layer":7,"expert":7,"duration_ns":1077}
{"schema_version":1,"ts_ns":17035863603,"event":"compute_begin","token":0,"layer":7,"expert":7}
{"schema_version":1,"ts_ns":17306671756,"event":"compute_end","token":0,"layer":7,"expert":7,"duration_ns":270804077}
{"schema_version":1,"ts_ns":17306700949,"event":"route","token":1,"layer":7,"expert":10}
{"schema_version":1,"ts_ns":17306707449,"event":"read_begin","token":1,"layer":7,"expert":10,"bytes":13236480}
{"schema_version":1,"ts_ns":17314077756,"event":"cache_miss","token":1,"layer":7,"expert":10,"cache_hit":false}
{"schema_version":1,"ts_ns":17314086141,"event":"read_end","token":1,"layer":7,"expert":10,"bytes":13236480,"duration_ns":7371000}
{"schema_version":1,"ts_ns":17314106756,"event":"prefetch_begin","token":1,"layer":7,"expert":18,"bytes":13236480}
{"schema_version":1,"ts_ns":17314110564,"event":"read_begin","token":1,"layer":7,"expert":18,"bytes":13236480}
{"schema_version":1,"ts_ns":17314114910,"event":"compute_begin","token":1,"layer":7,"expert":10}
{"schema_version":1,"ts_ns":17562821487,"event":"compute_end","token":1,"layer":7,"expert":10,"duration_ns":248702231}
{"schema_version":1,"ts_ns":17562842987,"event":"route","token":1,"layer":7,"expert":18}
{"schema_version":1,"ts_ns":17566834525,"event":"cache_miss","token":1,"layer":7,"expert":18,"cache_hit":false}
{"schema_version":1,"ts_ns":17566843256,"event":"read_end","token":1,"layer":7,"expert":18,"bytes":13236480,"duration_ns":11871269}
{"schema_version":1,"ts_ns":17566846949,"event":"prefetch_end","token":1,"layer":7,"expert":18,"bytes":13236480,"duration_ns":11871269}
{"schema_version":1,"ts_ns":17566850025,"event":"prefetch_wait_end","token":1,"layer":7,"expert":18,"duration_ns":1154}
{"schema_version":1,"ts_ns":17566866833,"event":"prefetch_begin","token":1,"layer":7,"expert":5,"bytes":13236480}
{"schema_version":1,"ts_ns":17566870602,"event":"read_begin","token":1,"layer":7,"expert":5,"bytes":13236480}
{"schema_version":1,"ts_ns":17566875449,"event":"compute_begin","token":1,"layer":7,"expert":18}
{"schema_version":1,"ts_ns":17823836948,"event":"compute_end","token":1,"layer":7,"expert":18,"duration_ns":256958000}
{"schema_version":1,"ts_ns":17823859025,"event":"route","token":1,"layer":7,"expert":5}
{"schema_version":1,"ts_ns":17827672833,"event":"cache_miss","token":1,"layer":7,"expert":5,"cache_hit":false}
{"schema_version":1,"ts_ns":17827685718,"event":"read_end","token":1,"layer":7,"expert":5,"bytes":13236480,"duration_ns":12742154}
{"schema_version":1,"ts_ns":17827689333,"event":"prefetch_end","token":1,"layer":7,"expert":5,"bytes":13236480,"duration_ns":12742154}
{"schema_version":1,"ts_ns":17827768679,"event":"prefetch_wait_end","token":1,"layer":7,"expert":5,"duration_ns":1308}
{"schema_version":1,"ts_ns":17827792602,"event":"prefetch_begin","token":1,"layer":7,"expert":6,"bytes":13236480}
{"schema_version":1,"ts_ns":17827796141,"event":"read_begin","token":1,"layer":7,"expert":6,"bytes":13236480}
{"schema_version":1,"ts_ns":17827800679,"event":"compute_begin","token":1,"layer":7,"expert":5}
{"schema_version":1,"ts_ns":18080620525,"event":"compute_end","token":1,"layer":7,"expert":5,"duration_ns":252816000}
{"schema_version":1,"ts_ns":18080641217,"event":"route","token":1,"layer":7,"expert":6}
{"schema_version":1,"ts_ns":18084552256,"event":"cache_miss","token":1,"layer":7,"expert":6,"cache_hit":false}
{"schema_version":1,"ts_ns":18084561102,"event":"read_end","token":1,"layer":7,"expert":6,"bytes":13236480,"duration_ns":13586769}
{"schema_version":1,"ts_ns":18084564717,"event":"prefetch_end","token":1,"layer":7,"expert":6,"bytes":13236480,"duration_ns":13586769}
{"schema_version":1,"ts_ns":18084568102,"event":"prefetch_wait_end","token":1,"layer":7,"expert":6,"duration_ns":1423}
{"schema_version":1,"ts_ns":18084574140,"event":"compute_begin","token":1,"layer":7,"expert":6}
{"schema_version":1,"ts_ns":18333626102,"event":"compute_end","token":1,"layer":7,"expert":6,"duration_ns":249048808}
{"schema_version":1,"ts_ns":18333647102,"event":"layer_end","layer":7}
{"schema_version":1,"ts_ns":18333658102,"event":"decoder_layer_end","layer":7}
{"schema_version":1,"ts_ns":18333668871,"event":"decoder_layer_begin","layer":8}
{"schema_version":1,"ts_ns":18575820602,"event":"attention_end","layer":8,"bytes":40960}
{"schema_version":1,"ts_ns":18576887025,"event":"layer_begin","layer":8}
{"schema_version":1,"ts_ns":18576901448,"event":"route","token":0,"layer":8,"expert":20}
{"schema_version":1,"ts_ns":18576907140,"event":"read_begin","token":0,"layer":8,"expert":20,"bytes":13236480}
{"schema_version":1,"ts_ns":18585268409,"event":"cache_miss","token":0,"layer":8,"expert":20,"cache_hit":false}
{"schema_version":1,"ts_ns":18585278909,"event":"read_end","token":0,"layer":8,"expert":20,"bytes":13236480,"duration_ns":8361308}
{"schema_version":1,"ts_ns":18585300909,"event":"prefetch_begin","token":0,"layer":8,"expert":1,"bytes":13236480}
{"schema_version":1,"ts_ns":18585304756,"event":"read_begin","token":0,"layer":8,"expert":1,"bytes":13236480}
{"schema_version":1,"ts_ns":18585309179,"event":"compute_begin","token":0,"layer":8,"expert":20}
{"schema_version":1,"ts_ns":18833193486,"event":"compute_end","token":0,"layer":8,"expert":20,"duration_ns":247881346}
{"schema_version":1,"ts_ns":18833217832,"event":"route","token":0,"layer":8,"expert":1}
{"schema_version":1,"ts_ns":18836739986,"event":"cache_miss","token":0,"layer":8,"expert":1,"cache_hit":false}
{"schema_version":1,"ts_ns":18836749371,"event":"read_end","token":0,"layer":8,"expert":1,"bytes":13236480,"duration_ns":15409461}
{"schema_version":1,"ts_ns":18836753563,"event":"prefetch_end","token":0,"layer":8,"expert":1,"bytes":13236480,"duration_ns":15409461}
{"schema_version":1,"ts_ns":18836756678,"event":"prefetch_wait_end","token":0,"layer":8,"expert":1,"duration_ns":961}
{"schema_version":1,"ts_ns":18836775371,"event":"prefetch_begin","token":0,"layer":8,"expert":23,"bytes":13236480}
{"schema_version":1,"ts_ns":18836780525,"event":"read_begin","token":0,"layer":8,"expert":23,"bytes":13236480}
{"schema_version":1,"ts_ns":18836785025,"event":"compute_begin","token":0,"layer":8,"expert":1}
{"schema_version":1,"ts_ns":19084632601,"event":"compute_end","token":0,"layer":8,"expert":1,"duration_ns":247844692}
{"schema_version":1,"ts_ns":19084650524,"event":"route","token":0,"layer":8,"expert":23}
{"schema_version":1,"ts_ns":19088339255,"event":"cache_miss","token":0,"layer":8,"expert":23,"cache_hit":false}
{"schema_version":1,"ts_ns":19088347640,"event":"read_end","token":0,"layer":8,"expert":23,"bytes":13236480,"duration_ns":15140539}
{"schema_version":1,"ts_ns":19088352101,"event":"prefetch_end","token":0,"layer":8,"expert":23,"bytes":13236480,"duration_ns":15140539}
{"schema_version":1,"ts_ns":19088435063,"event":"prefetch_wait_end","token":0,"layer":8,"expert":23,"duration_ns":808}
{"schema_version":1,"ts_ns":19088457601,"event":"prefetch_begin","token":0,"layer":8,"expert":26,"bytes":13236480}
{"schema_version":1,"ts_ns":19088461755,"event":"read_begin","token":0,"layer":8,"expert":26,"bytes":13236480}
{"schema_version":1,"ts_ns":19088466447,"event":"compute_begin","token":0,"layer":8,"expert":23}
{"schema_version":1,"ts_ns":19336285293,"event":"compute_end","token":0,"layer":8,"expert":23,"duration_ns":247816192}
{"schema_version":1,"ts_ns":19336301217,"event":"route","token":0,"layer":8,"expert":26}
{"schema_version":1,"ts_ns":19339725255,"event":"cache_miss","token":0,"layer":8,"expert":26,"cache_hit":false}
{"schema_version":1,"ts_ns":19339733409,"event":"read_end","token":0,"layer":8,"expert":26,"bytes":13236480,"duration_ns":13283807}
{"schema_version":1,"ts_ns":19339737524,"event":"prefetch_end","token":0,"layer":8,"expert":26,"bytes":13236480,"duration_ns":13283807}
{"schema_version":1,"ts_ns":19339740909,"event":"prefetch_wait_end","token":0,"layer":8,"expert":26,"duration_ns":1807}
{"schema_version":1,"ts_ns":19339746524,"event":"compute_begin","token":0,"layer":8,"expert":26}
{"schema_version":1,"ts_ns":19587697139,"event":"compute_end","token":0,"layer":8,"expert":26,"duration_ns":247948192}
{"schema_version":1,"ts_ns":19587718832,"event":"route","token":1,"layer":8,"expert":20}
{"schema_version":1,"ts_ns":19587724370,"event":"read_begin","token":1,"layer":8,"expert":20,"bytes":13236480}
{"schema_version":1,"ts_ns":19594944755,"event":"cache_miss","token":1,"layer":8,"expert":20,"cache_hit":false}
{"schema_version":1,"ts_ns":19594952832,"event":"read_end","token":1,"layer":8,"expert":20,"bytes":13236480,"duration_ns":7220769}
{"schema_version":1,"ts_ns":19594970986,"event":"prefetch_begin","token":1,"layer":8,"expert":9,"bytes":13236480}
{"schema_version":1,"ts_ns":19594975562,"event":"read_begin","token":1,"layer":8,"expert":9,"bytes":13236480}
{"schema_version":1,"ts_ns":19594979832,"event":"compute_begin","token":1,"layer":8,"expert":20}
{"schema_version":1,"ts_ns":19842742178,"event":"compute_end","token":1,"layer":8,"expert":20,"duration_ns":247759384}
{"schema_version":1,"ts_ns":19842758485,"event":"route","token":1,"layer":8,"expert":9}
{"schema_version":1,"ts_ns":19846491562,"event":"cache_miss","token":1,"layer":8,"expert":9,"cache_hit":false}
{"schema_version":1,"ts_ns":19846499524,"event":"read_end","token":1,"layer":8,"expert":9,"bytes":13236480,"duration_ns":15351462}
{"schema_version":1,"ts_ns":19846503062,"event":"prefetch_end","token":1,"layer":8,"expert":9,"bytes":13236480,"duration_ns":15351462}
{"schema_version":1,"ts_ns":19846506178,"event":"prefetch_wait_end","token":1,"layer":8,"expert":9,"duration_ns":1154}
{"schema_version":1,"ts_ns":19846531716,"event":"prefetch_begin","token":1,"layer":8,"expert":23,"bytes":13236480}
{"schema_version":1,"ts_ns":19846536062,"event":"read_begin","token":1,"layer":8,"expert":23,"bytes":13236480}
{"schema_version":1,"ts_ns":19846540139,"event":"compute_begin","token":1,"layer":8,"expert":9}
{"schema_version":1,"ts_ns":20102355639,"event":"compute_end","token":1,"layer":8,"expert":9,"duration_ns":255812192}
{"schema_version":1,"ts_ns":20102380331,"event":"route","token":1,"layer":8,"expert":23}
{"schema_version":1,"ts_ns":20106412947,"event":"cache_miss","token":1,"layer":8,"expert":23,"cache_hit":false}
{"schema_version":1,"ts_ns":20106421485,"event":"read_end","token":1,"layer":8,"expert":23,"bytes":13236480,"duration_ns":10971462}
{"schema_version":1,"ts_ns":20106425216,"event":"prefetch_end","token":1,"layer":8,"expert":23,"bytes":13236480,"duration_ns":10971462}
{"schema_version":1,"ts_ns":20106428331,"event":"prefetch_wait_end","token":1,"layer":8,"expert":23,"duration_ns":1115}
{"schema_version":1,"ts_ns":20106449062,"event":"prefetch_begin","token":1,"layer":8,"expert":18,"bytes":13236480}
{"schema_version":1,"ts_ns":20106453370,"event":"read_begin","token":1,"layer":8,"expert":18,"bytes":13236480}
{"schema_version":1,"ts_ns":20106507024,"event":"compute_begin","token":1,"layer":8,"expert":23}
{"schema_version":1,"ts_ns":20354703600,"event":"compute_end","token":1,"layer":8,"expert":23,"duration_ns":248194192}
{"schema_version":1,"ts_ns":20354720370,"event":"route","token":1,"layer":8,"expert":18}
{"schema_version":1,"ts_ns":20358516947,"event":"cache_miss","token":1,"layer":8,"expert":18,"cache_hit":false}
{"schema_version":1,"ts_ns":20358526754,"event":"read_end","token":1,"layer":8,"expert":18,"bytes":13236480,"duration_ns":13469538}
{"schema_version":1,"ts_ns":20358530331,"event":"prefetch_end","token":1,"layer":8,"expert":18,"bytes":13236480,"duration_ns":13469538}
{"schema_version":1,"ts_ns":20358533370,"event":"prefetch_wait_end","token":1,"layer":8,"expert":18,"duration_ns":923}
{"schema_version":1,"ts_ns":20358538831,"event":"compute_begin","token":1,"layer":8,"expert":18}
{"schema_version":1,"ts_ns":20606346677,"event":"compute_end","token":1,"layer":8,"expert":18,"duration_ns":247804654}
{"schema_version":1,"ts_ns":20606365446,"event":"layer_end","layer":8}
{"schema_version":1,"ts_ns":20606376369,"event":"decoder_layer_end","layer":8}
{"schema_version":1,"ts_ns":20606386216,"event":"decoder_layer_begin","layer":9}
{"schema_version":1,"ts_ns":20850115177,"event":"attention_end","layer":9,"bytes":40960}
{"schema_version":1,"ts_ns":20851191946,"event":"layer_begin","layer":9}
{"schema_version":1,"ts_ns":20851205485,"event":"route","token":0,"layer":9,"expert":16}
{"schema_version":1,"ts_ns":20851210677,"event":"read_begin","token":0,"layer":9,"expert":16,"bytes":13236480}
{"schema_version":1,"ts_ns":20859033523,"event":"cache_miss","token":0,"layer":9,"expert":16,"cache_hit":false}
{"schema_version":1,"ts_ns":20859042600,"event":"read_end","token":0,"layer":9,"expert":16,"bytes":13236480,"duration_ns":7822346}
{"schema_version":1,"ts_ns":20859067485,"event":"prefetch_begin","token":0,"layer":9,"expert":24,"bytes":13236480}
{"schema_version":1,"ts_ns":20859071100,"event":"read_begin","token":0,"layer":9,"expert":24,"bytes":13236480}
{"schema_version":1,"ts_ns":20859075254,"event":"compute_begin","token":0,"layer":9,"expert":16}
{"schema_version":1,"ts_ns":21109745254,"event":"compute_end","token":0,"layer":9,"expert":16,"duration_ns":250666192}
{"schema_version":1,"ts_ns":21109768754,"event":"route","token":0,"layer":9,"expert":24}
{"schema_version":1,"ts_ns":21113644523,"event":"cache_miss","token":0,"layer":9,"expert":24,"cache_hit":false}
{"schema_version":1,"ts_ns":21113651715,"event":"read_end","token":0,"layer":9,"expert":24,"bytes":13236480,"duration_ns":10955077}
{"schema_version":1,"ts_ns":21113655254,"event":"prefetch_end","token":0,"layer":9,"expert":24,"bytes":13236480,"duration_ns":10955077}
{"schema_version":1,"ts_ns":21113658331,"event":"prefetch_wait_end","token":0,"layer":9,"expert":24,"duration_ns":1230}
{"schema_version":1,"ts_ns":21113678446,"event":"prefetch_begin","token":0,"layer":9,"expert":26,"bytes":13236480}
{"schema_version":1,"ts_ns":21113682484,"event":"read_begin","token":0,"layer":9,"expert":26,"bytes":13236480}
{"schema_version":1,"ts_ns":21113686638,"event":"compute_begin","token":0,"layer":9,"expert":24}
{"schema_version":1,"ts_ns":21380601138,"event":"compute_end","token":0,"layer":9,"expert":24,"duration_ns":266910577}
{"schema_version":1,"ts_ns":21380623100,"event":"route","token":0,"layer":9,"expert":26}
{"schema_version":1,"ts_ns":21384095600,"event":"cache_miss","token":0,"layer":9,"expert":26,"cache_hit":false}
{"schema_version":1,"ts_ns":21384103677,"event":"read_end","token":0,"layer":9,"expert":26,"bytes":13236480,"duration_ns":11290923}
{"schema_version":1,"ts_ns":21384107177,"event":"prefetch_end","token":0,"layer":9,"expert":26,"bytes":13236480,"duration_ns":11290923}
{"schema_version":1,"ts_ns":21384110330,"event":"prefetch_wait_end","token":0,"layer":9,"expert":26,"duration_ns":1000}
{"schema_version":1,"ts_ns":21384127792,"event":"prefetch_begin","token":0,"layer":9,"expert":18,"bytes":13236480}
{"schema_version":1,"ts_ns":21384200907,"event":"read_begin","token":0,"layer":9,"expert":18,"bytes":13236480}
{"schema_version":1,"ts_ns":21384207177,"event":"compute_begin","token":0,"layer":9,"expert":26}
{"schema_version":1,"ts_ns":21632414292,"event":"compute_end","token":0,"layer":9,"expert":26,"duration_ns":248203462}
{"schema_version":1,"ts_ns":21632438484,"event":"route","token":0,"layer":9,"expert":18}
{"schema_version":1,"ts_ns":21636061715,"event":"cache_miss","token":0,"layer":9,"expert":18,"cache_hit":false}
{"schema_version":1,"ts_ns":21636070138,"event":"read_end","token":0,"layer":9,"expert":18,"bytes":13236480,"duration_ns":11683270}
{"schema_version":1,"ts_ns":21636073946,"event":"prefetch_end","token":0,"layer":9,"expert":18,"bytes":13236480,"duration_ns":11683270}
{"schema_version":1,"ts_ns":21636077330,"event":"prefetch_wait_end","token":0,"layer":9,"expert":18,"duration_ns":1154}
{"schema_version":1,"ts_ns":21636083523,"event":"compute_begin","token":0,"layer":9,"expert":18}
{"schema_version":1,"ts_ns":21883870676,"event":"compute_end","token":0,"layer":9,"expert":18,"duration_ns":247782923}
{"schema_version":1,"ts_ns":21883894753,"event":"route","token":1,"layer":9,"expert":16}
{"schema_version":1,"ts_ns":21883900292,"event":"read_begin","token":1,"layer":9,"expert":16,"bytes":13236480}
{"schema_version":1,"ts_ns":21890877599,"event":"cache_miss","token":1,"layer":9,"expert":16,"cache_hit":false}
{"schema_version":1,"ts_ns":21890887522,"event":"read_end","token":1,"layer":9,"expert":16,"bytes":13236480,"duration_ns":6977192}
{"schema_version":1,"ts_ns":21890912792,"event":"prefetch_begin","token":1,"layer":9,"expert":15,"bytes":13236480}
{"schema_version":1,"ts_ns":21890916984,"event":"read_begin","token":1,"layer":9,"expert":15,"bytes":13236480}
{"schema_version":1,"ts_ns":21890921638,"event":"compute_begin","token":1,"layer":9,"expert":16}
{"schema_version":1,"ts_ns":22146428945,"event":"compute_end","token":1,"layer":9,"expert":16,"duration_ns":255503615}
{"schema_version":1,"ts_ns":22146451022,"event":"route","token":1,"layer":9,"expert":15}
{"schema_version":1,"ts_ns":22150260176,"event":"cache_miss","token":1,"layer":9,"expert":15,"cache_hit":false}
{"schema_version":1,"ts_ns":22150267907,"event":"read_end","token":1,"layer":9,"expert":15,"bytes":13236480,"duration_ns":12409269}
{"schema_version":1,"ts_ns":22150271176,"event":"prefetch_end","token":1,"layer":9,"expert":15,"bytes":13236480,"duration_ns":12409269}
{"schema_version":1,"ts_ns":22150274253,"event":"prefetch_wait_end","token":1,"layer":9,"expert":15,"duration_ns":1000}
{"schema_version":1,"ts_ns":22150295715,"event":"prefetch_begin","token":1,"layer":9,"expert":1,"bytes":13236480}
{"schema_version":1,"ts_ns":22150299522,"event":"read_begin","token":1,"layer":9,"expert":1,"bytes":13236480}
{"schema_version":1,"ts_ns":22150303791,"event":"compute_begin","token":1,"layer":9,"expert":15}
{"schema_version":1,"ts_ns":22413697060,"event":"compute_end","token":1,"layer":9,"expert":15,"duration_ns":263389884}
{"schema_version":1,"ts_ns":22413725368,"event":"route","token":1,"layer":9,"expert":1}
{"schema_version":1,"ts_ns":22417509637,"event":"cache_miss","token":1,"layer":9,"expert":1,"cache_hit":false}
{"schema_version":1,"ts_ns":22417518214,"event":"read_end","token":1,"layer":9,"expert":1,"bytes":13236480,"duration_ns":12706692}
{"schema_version":1,"ts_ns":22417521637,"event":"prefetch_end","token":1,"layer":9,"expert":1,"bytes":13236480,"duration_ns":12706692}
{"schema_version":1,"ts_ns":22417524676,"event":"prefetch_wait_end","token":1,"layer":9,"expert":1,"duration_ns":1269}
{"schema_version":1,"ts_ns":22417551599,"event":"prefetch_begin","token":1,"layer":9,"expert":26,"bytes":13236480}
{"schema_version":1,"ts_ns":22417556291,"event":"read_begin","token":1,"layer":9,"expert":26,"bytes":13236480}
{"schema_version":1,"ts_ns":22417560714,"event":"compute_begin","token":1,"layer":9,"expert":1}
{"schema_version":1,"ts_ns":22685987137,"event":"compute_end","token":1,"layer":9,"expert":1,"duration_ns":268422038}
{"schema_version":1,"ts_ns":22686084560,"event":"route","token":1,"layer":9,"expert":26}
{"schema_version":1,"ts_ns":22690361291,"event":"cache_miss","token":1,"layer":9,"expert":26,"cache_hit":false}
{"schema_version":1,"ts_ns":22690370753,"event":"read_end","token":1,"layer":9,"expert":26,"bytes":13236480,"duration_ns":11083000}
{"schema_version":1,"ts_ns":22690373945,"event":"prefetch_end","token":1,"layer":9,"expert":26,"bytes":13236480,"duration_ns":11083000}
{"schema_version":1,"ts_ns":22690377022,"event":"prefetch_wait_end","token":1,"layer":9,"expert":26,"duration_ns":1000}
{"schema_version":1,"ts_ns":22690382983,"event":"compute_begin","token":1,"layer":9,"expert":26}
{"schema_version":1,"ts_ns":22958279445,"event":"compute_end","token":1,"layer":9,"expert":26,"duration_ns":267893615}
{"schema_version":1,"ts_ns":22958297599,"event":"layer_end","layer":9}
{"schema_version":1,"ts_ns":22958306099,"event":"decoder_layer_end","layer":9}
{"schema_version":1,"ts_ns":22958314022,"event":"decoder_layer_begin","layer":10}
{"schema_version":1,"ts_ns":23233961445,"event":"attention_end","layer":10,"bytes":40960}
{"schema_version":1,"ts_ns":23235022137,"event":"layer_begin","layer":10}
{"schema_version":1,"ts_ns":23235034906,"event":"route","token":0,"layer":10,"expert":19}
{"schema_version":1,"ts_ns":23235040521,"event":"read_begin","token":0,"layer":10,"expert":19,"bytes":13236480}
{"schema_version":1,"ts_ns":23242211175,"event":"cache_miss","token":0,"layer":10,"expert":19,"cache_hit":false}
{"schema_version":1,"ts_ns":23242220598,"event":"read_end","token":0,"layer":10,"expert":19,"bytes":13236480,"duration_ns":7170807}
{"schema_version":1,"ts_ns":23242243214,"event":"prefetch_begin","token":0,"layer":10,"expert":10,"bytes":13236480}
{"schema_version":1,"ts_ns":23242247329,"event":"read_begin","token":0,"layer":10,"expert":10,"bytes":13236480}
{"schema_version":1,"ts_ns":23242251560,"event":"compute_begin","token":0,"layer":10,"expert":19}
{"schema_version":1,"ts_ns":23490032137,"event":"compute_end","token":0,"layer":10,"expert":19,"duration_ns":247778385}
{"schema_version":1,"ts_ns":23490047867,"event":"route","token":0,"layer":10,"expert":10}
{"schema_version":1,"ts_ns":23493697983,"event":"cache_miss","token":0,"layer":10,"expert":10,"cache_hit":false}
{"schema_version":1,"ts_ns":23493704483,"event":"read_end","token":0,"layer":10,"expert":10,"bytes":13236480,"duration_ns":12491038}
{"schema_version":1,"ts_ns":23493708290,"event":"prefetch_end","token":0,"layer":10,"expert":10,"bytes":13236480,"duration_ns":12491038}
{"schema_version":1,"ts_ns":23493711329,"event":"prefetch_wait_end","token":0,"layer":10,"expert":10,"duration_ns":961}
{"schema_version":1,"ts_ns":23493730983,"event":"prefetch_begin","token":0,"layer":10,"expert":14,"bytes":13236480}
{"schema_version":1,"ts_ns":23493734790,"event":"read_begin","token":0,"layer":10,"expert":14,"bytes":13236480}
{"schema_version":1,"ts_ns":23493740444,"event":"compute_begin","token":0,"layer":10,"expert":10}
{"schema_version":1,"ts_ns":23741607713,"event":"compute_end","token":0,"layer":10,"expert":10,"duration_ns":247864154}
{"schema_version":1,"ts_ns":23741624829,"event":"route","token":0,"layer":10,"expert":14}
{"schema_version":1,"ts_ns":23745409213,"event":"cache_miss","token":0,"layer":10,"expert":14,"cache_hit":false}
{"schema_version":1,"ts_ns":23745417406,"event":"read_end","token":0,"layer":10,"expert":14,"bytes":13236480,"duration_ns":12605538}
{"schema_version":1,"ts_ns":23745420983,"event":"prefetch_end","token":0,"layer":10,"expert":14,"bytes":13236480,"duration_ns":12605538}
{"schema_version":1,"ts_ns":23745424098,"event":"prefetch_wait_end","token":0,"layer":10,"expert":14,"duration_ns":1461}
{"schema_version":1,"ts_ns":23745448098,"event":"prefetch_begin","token":0,"layer":10,"expert":6,"bytes":13236480}
{"schema_version":1,"ts_ns":23745452521,"event":"read_begin","token":0,"layer":10,"expert":6,"bytes":13236480}
{"schema_version":1,"ts_ns":23745456752,"event":"compute_begin","token":0,"layer":10,"expert":14}
{"schema_version":1,"ts_ns":23993509675,"event":"compute_end","token":0,"layer":10,"expert":14,"duration_ns":248049654}
{"schema_version":1,"ts_ns":23993603675,"event":"route","token":0,"layer":10,"expert":6}
{"schema_version":1,"ts_ns":23997139021,"event":"cache_miss","token":0,"layer":10,"expert":6,"cache_hit":false}
{"schema_version":1,"ts_ns":23997147559,"event":"read_end","token":0,"layer":10,"expert":6,"bytes":13236480,"duration_ns":12422962}
{"schema_version":1,"ts_ns":23997150867,"event":"prefetch_end","token":0,"layer":10,"expert":6,"bytes":13236480,"duration_ns":12422962}
{"schema_version":1,"ts_ns":23997153867,"event":"prefetch_wait_end","token":0,"layer":10,"expert":6,"duration_ns":1115}
{"schema_version":1,"ts_ns":23997158944,"event":"compute_begin","token":0,"layer":10,"expert":6}
{"schema_version":1,"ts_ns":24245037482,"event":"compute_end","token":0,"layer":10,"expert":6,"duration_ns":247875346}
{"schema_version":1,"ts_ns":24245059944,"event":"route","token":1,"layer":10,"expert":19}
{"schema_version":1,"ts_ns":24245065636,"event":"read_begin","token":1,"layer":10,"expert":19,"bytes":13236480}
{"schema_version":1,"ts_ns":24251285059,"event":"cache_miss","token":1,"layer":10,"expert":19,"cache_hit":false}
{"schema_version":1,"ts_ns":24251294136,"event":"read_end","token":1,"layer":10,"expert":19,"bytes":13236480,"duration_ns":6219461}
{"schema_version":1,"ts_ns":24251315251,"event":"prefetch_begin","token":1,"layer":10,"expert":10,"bytes":13236480}
{"schema_version":1,"ts_ns":24251319482,"event":"read_begin","token":1,"layer":10,"expert":10,"bytes":13236480}
{"schema_version":1,"ts_ns":24251341098,"event":"compute_begin","token":1,"layer":10,"expert":19}
{"schema_version":1,"ts_ns":24499182521,"event":"compute_end","token":1,"layer":10,"expert":19,"duration_ns":247839038}
{"schema_version":1,"ts_ns":24499199405,"event":"route","token":1,"layer":10,"expert":10}
{"schema_version":1,"ts_ns":24502834136,"event":"cache_miss","token":1,"layer":10,"expert":10,"cache_hit":false}
{"schema_version":1,"ts_ns":24502842290,"event":"read_end","token":1,"layer":10,"expert":10,"bytes":13236480,"duration_ns":10200000}
{"schema_version":1,"ts_ns":24502846097,"event":"prefetch_end","token":1,"layer":10,"expert":10,"bytes":13236480,"duration_ns":10200000}
{"schema_version":1,"ts_ns":24502849405,"event":"prefetch_wait_end","token":1,"layer":10,"expert":10,"duration_ns":1000}
{"schema_version":1,"ts_ns":24502868674,"event":"prefetch_begin","token":1,"layer":10,"expert":28,"bytes":13236480}
{"schema_version":1,"ts_ns":24502872290,"event":"read_begin","token":1,"layer":10,"expert":28,"bytes":13236480}
{"schema_version":1,"ts_ns":24502876482,"event":"compute_begin","token":1,"layer":10,"expert":10}
{"schema_version":1,"ts_ns":24750873597,"event":"compute_end","token":1,"layer":10,"expert":10,"duration_ns":247994154}
{"schema_version":1,"ts_ns":24750890443,"event":"route","token":1,"layer":10,"expert":28}
{"schema_version":1,"ts_ns":24754691636,"event":"cache_miss","token":1,"layer":10,"expert":28,"cache_hit":false}
{"schema_version":1,"ts_ns":24754698713,"event":"read_end","token":1,"layer":10,"expert":28,"bytes":13236480,"duration_ns":13297077}
{"schema_version":1,"ts_ns":24754702097,"event":"prefetch_end","token":1,"layer":10,"expert":28,"bytes":13236480,"duration_ns":13297077}
{"schema_version":1,"ts_ns":24754705328,"event":"prefetch_wait_end","token":1,"layer":10,"expert":28,"duration_ns":1077}
{"schema_version":1,"ts_ns":24754724597,"event":"prefetch_begin","token":1,"layer":10,"expert":25,"bytes":13236480}
{"schema_version":1,"ts_ns":24754728136,"event":"read_begin","token":1,"layer":10,"expert":25,"bytes":13236480}
{"schema_version":1,"ts_ns":24754732405,"event":"compute_begin","token":1,"layer":10,"expert":28}
{"schema_version":1,"ts_ns":25002725597,"event":"compute_end","token":1,"layer":10,"expert":28,"duration_ns":247989769}
{"schema_version":1,"ts_ns":25002743828,"event":"route","token":1,"layer":10,"expert":25}
{"schema_version":1,"ts_ns":25006754674,"event":"cache_miss","token":1,"layer":10,"expert":25,"cache_hit":false}
{"schema_version":1,"ts_ns":25006762289,"event":"read_end","token":1,"layer":10,"expert":25,"bytes":13236480,"duration_ns":11514269}
{"schema_version":1,"ts_ns":25006826328,"event":"prefetch_end","token":1,"layer":10,"expert":25,"bytes":13236480,"duration_ns":11514269}
{"schema_version":1,"ts_ns":25006829636,"event":"prefetch_wait_end","token":1,"layer":10,"expert":25,"duration_ns":1577}
{"schema_version":1,"ts_ns":25006835712,"event":"compute_begin","token":1,"layer":10,"expert":25}
{"schema_version":1,"ts_ns":25254924943,"event":"compute_end","token":1,"layer":10,"expert":25,"duration_ns":248086308}
{"schema_version":1,"ts_ns":25254944558,"event":"layer_end","layer":10}
{"schema_version":1,"ts_ns":25254954597,"event":"decoder_layer_end","layer":10}
{"schema_version":1,"ts_ns":25254964558,"event":"decoder_layer_begin","layer":11}
{"schema_version":1,"ts_ns":25502915751,"event":"attention_end","layer":11,"bytes":40960}
{"schema_version":1,"ts_ns":25503968904,"event":"layer_begin","layer":11}
{"schema_version":1,"ts_ns":25503983520,"event":"route","token":0,"layer":11,"expert":25}
{"schema_version":1,"ts_ns":25503988174,"event":"read_begin","token":0,"layer":11,"expert":25,"bytes":13236480}
{"schema_version":1,"ts_ns":25511973674,"event":"cache_miss","token":0,"layer":11,"expert":25,"cache_hit":false}
{"schema_version":1,"ts_ns":25511982789,"event":"read_end","token":0,"layer":11,"expert":25,"bytes":13236480,"duration_ns":7985346}
{"schema_version":1,"ts_ns":25512000251,"event":"prefetch_begin","token":0,"layer":11,"expert":15,"bytes":13236480}
{"schema_version":1,"ts_ns":25512004751,"event":"read_begin","token":0,"layer":11,"expert":15,"bytes":13236480}
{"schema_version":1,"ts_ns":25512009520,"event":"compute_begin","token":0,"layer":11,"expert":25}
{"schema_version":1,"ts_ns":25759963481,"event":"compute_end","token":0,"layer":11,"expert":25,"duration_ns":247950846}
{"schema_version":1,"ts_ns":25759982943,"event":"route","token":0,"layer":11,"expert":15}
{"schema_version":1,"ts_ns":25763633981,"event":"cache_miss","token":0,"layer":11,"expert":15,"cache_hit":false}
{"schema_version":1,"ts_ns":25763643058,"event":"read_end","token":0,"layer":11,"expert":15,"bytes":13236480,"duration_ns":12476577}
{"schema_version":1,"ts_ns":25763646443,"event":"prefetch_end","token":0,"layer":11,"expert":15,"bytes":13236480,"duration_ns":12476577}
{"schema_version":1,"ts_ns":25763649789,"event":"prefetch_wait_end","token":0,"layer":11,"expert":15,"duration_ns":1500}
{"schema_version":1,"ts_ns":25763669750,"event":"prefetch_begin","token":0,"layer":11,"expert":18,"bytes":13236480}
{"schema_version":1,"ts_ns":25763673289,"event":"read_begin","token":0,"layer":11,"expert":18,"bytes":13236480}
{"schema_version":1,"ts_ns":25763677481,"event":"compute_begin","token":0,"layer":11,"expert":15}
{"schema_version":1,"ts_ns":26011499635,"event":"compute_end","token":0,"layer":11,"expert":15,"duration_ns":247817808}
{"schema_version":1,"ts_ns":26011519712,"event":"route","token":0,"layer":11,"expert":18}
{"schema_version":1,"ts_ns":26015076173,"event":"cache_miss","token":0,"layer":11,"expert":18,"cache_hit":false}
{"schema_version":1,"ts_ns":26015083481,"event":"read_end","token":0,"layer":11,"expert":18,"bytes":13236480,"duration_ns":10467924}
{"schema_version":1,"ts_ns":26015086943,"event":"prefetch_end","token":0,"layer":11,"expert":18,"bytes":13236480,"duration_ns":10467924}
{"schema_version":1,"ts_ns":26015089981,"event":"prefetch_wait_end","token":0,"layer":11,"expert":18,"duration_ns":884}
{"schema_version":1,"ts_ns":26015105519,"event":"prefetch_begin","token":0,"layer":11,"expert":21,"bytes":13236480}
{"schema_version":1,"ts_ns":26015110019,"event":"read_begin","token":0,"layer":11,"expert":21,"bytes":13236480}
{"schema_version":1,"ts_ns":26015114289,"event":"compute_begin","token":0,"layer":11,"expert":18}
{"schema_version":1,"ts_ns":26262931904,"event":"compute_end","token":0,"layer":11,"expert":18,"duration_ns":247813423}
{"schema_version":1,"ts_ns":26262949904,"event":"route","token":0,"layer":11,"expert":21}
{"schema_version":1,"ts_ns":26267137635,"event":"cache_miss","token":0,"layer":11,"expert":21,"cache_hit":false}
{"schema_version":1,"ts_ns":26267211365,"event":"read_end","token":0,"layer":11,"expert":21,"bytes":13236480,"duration_ns":9617231}
{"schema_version":1,"ts_ns":26267218058,"event":"prefetch_end","token":0,"layer":11,"expert":21,"bytes":13236480,"duration_ns":9617231}
{"schema_version":1,"ts_ns":26267221173,"event":"prefetch_wait_end","token":0,"layer":11,"expert":21,"duration_ns":1192}
{"schema_version":1,"ts_ns":26267225635,"event":"compute_begin","token":0,"layer":11,"expert":21}
{"schema_version":1,"ts_ns":26515049942,"event":"compute_end","token":0,"layer":11,"expert":21,"duration_ns":247821615}
{"schema_version":1,"ts_ns":26515070519,"event":"route","token":1,"layer":11,"expert":25}
{"schema_version":1,"ts_ns":26515076365,"event":"read_begin","token":1,"layer":11,"expert":25,"bytes":13236480}
{"schema_version":1,"ts_ns":26521755442,"event":"cache_miss","token":1,"layer":11,"expert":25,"cache_hit":false}
{"schema_version":1,"ts_ns":26521764404,"event":"read_end","token":1,"layer":11,"expert":25,"bytes":13236480,"duration_ns":6679923}
{"schema_version":1,"ts_ns":26521792442,"event":"prefetch_begin","token":1,"layer":11,"expert":22,"bytes":13236480}
{"schema_version":1,"ts_ns":26521796596,"event":"read_begin","token":1,"layer":11,"expert":22,"bytes":13236480}
{"schema_version":1,"ts_ns":26521800634,"event":"compute_begin","token":1,"layer":11,"expert":25}
{"schema_version":1,"ts_ns":26769679596,"event":"compute_end","token":1,"layer":11,"expert":25,"duration_ns":247875461}
{"schema_version":1,"ts_ns":26769695827,"event":"route","token":1,"layer":11,"expert":22}
{"schema_version":1,"ts_ns":26773341480,"event":"cache_miss","token":1,"layer":11,"expert":22,"cache_hit":false}
{"schema_version":1,"ts_ns":26773351442,"event":"read_end","token":1,"layer":11,"expert":22,"bytes":13236480,"duration_ns":14530769}
{"schema_version":1,"ts_ns":26773355134,"event":"prefetch_end","token":1,"layer":11,"expert":22,"bytes":13236480,"duration_ns":14530769}
{"schema_version":1,"ts_ns":26773358211,"event":"prefetch_wait_end","token":1,"layer":11,"expert":22,"duration_ns":1038}
{"schema_version":1,"ts_ns":26773378211,"event":"prefetch_begin","token":1,"layer":11,"expert":26,"bytes":13236480}
{"schema_version":1,"ts_ns":26773381827,"event":"read_begin","token":1,"layer":11,"expert":26,"bytes":13236480}
{"schema_version":1,"ts_ns":26773385519,"event":"compute_begin","token":1,"layer":11,"expert":22}
{"schema_version":1,"ts_ns":27021216057,"event":"compute_end","token":1,"layer":11,"expert":22,"duration_ns":247826076}
{"schema_version":1,"ts_ns":27021232288,"event":"route","token":1,"layer":11,"expert":26}
{"schema_version":1,"ts_ns":27024883865,"event":"cache_miss","token":1,"layer":11,"expert":26,"cache_hit":false}
{"schema_version":1,"ts_ns":27024891173,"event":"read_end","token":1,"layer":11,"expert":26,"bytes":13236480,"duration_ns":14589731}
{"schema_version":1,"ts_ns":27024895211,"event":"prefetch_end","token":1,"layer":11,"expert":26,"bytes":13236480,"duration_ns":14589731}
{"schema_version":1,"ts_ns":27024898903,"event":"prefetch_wait_end","token":1,"layer":11,"expert":26,"duration_ns":924}
{"schema_version":1,"ts_ns":27024915403,"event":"prefetch_begin","token":1,"layer":11,"expert":12,"bytes":13236480}
{"schema_version":1,"ts_ns":27024918865,"event":"read_begin","token":1,"layer":11,"expert":12,"bytes":13236480}
{"schema_version":1,"ts_ns":27024923365,"event":"compute_begin","token":1,"layer":11,"expert":26}
{"schema_version":1,"ts_ns":27272814057,"event":"compute_end","token":1,"layer":11,"expert":26,"duration_ns":247887654}
{"schema_version":1,"ts_ns":27272831903,"event":"route","token":1,"layer":11,"expert":12}
{"schema_version":1,"ts_ns":27276751057,"event":"cache_miss","token":1,"layer":11,"expert":12,"cache_hit":false}
{"schema_version":1,"ts_ns":27276758019,"event":"read_end","token":1,"layer":11,"expert":12,"bytes":13236480,"duration_ns":14522192}
{"schema_version":1,"ts_ns":27276761365,"event":"prefetch_end","token":1,"layer":11,"expert":12,"bytes":13236480,"duration_ns":14522192}
{"schema_version":1,"ts_ns":27276806634,"event":"prefetch_wait_end","token":1,"layer":11,"expert":12,"duration_ns":923}
{"schema_version":1,"ts_ns":27276813865,"event":"compute_begin","token":1,"layer":11,"expert":12}
{"schema_version":1,"ts_ns":27524977441,"event":"compute_end","token":1,"layer":11,"expert":12,"duration_ns":248160154}
{"schema_version":1,"ts_ns":27524997095,"event":"layer_end","layer":11}
{"schema_version":1,"ts_ns":27525007711,"event":"decoder_layer_end","layer":11}
{"schema_version":1,"ts_ns":27525018595,"event":"decoder_layer_begin","layer":12}
{"schema_version":1,"ts_ns":27776158557,"event":"attention_end","layer":12,"bytes":40960}
{"schema_version":1,"ts_ns":27777185287,"event":"layer_begin","layer":12}
{"schema_version":1,"ts_ns":27777200018,"event":"route","token":0,"layer":12,"expert":21}
{"schema_version":1,"ts_ns":27777205710,"event":"read_begin","token":0,"layer":12,"expert":21,"bytes":13236480}
{"schema_version":1,"ts_ns":27785431326,"event":"cache_miss","token":0,"layer":12,"expert":21,"cache_hit":false}
{"schema_version":1,"ts_ns":27785441903,"event":"read_end","token":0,"layer":12,"expert":21,"bytes":13236480,"duration_ns":8223961}
{"schema_version":1,"ts_ns":27785466326,"event":"prefetch_begin","token":0,"layer":12,"expert":26,"bytes":13236480}
{"schema_version":1,"ts_ns":27785469364,"event":"read_begin","token":0,"layer":12,"expert":26,"bytes":13236480}
{"schema_version":1,"ts_ns":27785473864,"event":"compute_begin","token":0,"layer":12,"expert":21}
{"schema_version":1,"ts_ns":28033313903,"event":"compute_end","token":0,"layer":12,"expert":21,"duration_ns":247837615}
{"schema_version":1,"ts_ns":28033329556,"event":"route","token":0,"layer":12,"expert":26}
{"schema_version":1,"ts_ns":28036929980,"event":"cache_miss","token":0,"layer":12,"expert":26,"cache_hit":false}
{"schema_version":1,"ts_ns":28036937518,"event":"read_end","token":0,"layer":12,"expert":26,"bytes":13236480,"duration_ns":13712654}
{"schema_version":1,"ts_ns":28036941864,"event":"prefetch_end","token":0,"layer":12,"expert":26,"bytes":13236480,"duration_ns":13712654}
{"schema_version":1,"ts_ns":28036944941,"event":"prefetch_wait_end","token":0,"layer":12,"expert":26,"duration_ns":1461}
{"schema_version":1,"ts_ns":28036965364,"event":"prefetch_begin","token":0,"layer":12,"expert":13,"bytes":13236480}
{"schema_version":1,"ts_ns":28036969518,"event":"read_begin","token":0,"layer":12,"expert":13,"bytes":13236480}
{"schema_version":1,"ts_ns":28036974480,"event":"compute_begin","token":0,"layer":12,"expert":26}
{"schema_version":1,"ts_ns":28284769979,"event":"compute_end","token":0,"layer":12,"expert":26,"duration_ns":247792461}
{"schema_version":1,"ts_ns":28284787864,"event":"route","token":0,"layer":12,"expert":13}
{"schema_version":1,"ts_ns":28288536210,"event":"cache_miss","token":0,"layer":12,"expert":13,"cache_hit":false}
{"schema_version":1,"ts_ns":28288542826,"event":"read_end","token":0,"layer":12,"expert":13,"bytes":13236480,"duration_ns":14753808}
{"schema_version":1,"ts_ns":28288546902,"event":"prefetch_end","token":0,"layer":12,"expert":13,"bytes":13236480,"duration_ns":14753808}
{"schema_version":1,"ts_ns":28288549941,"event":"prefetch_wait_end","token":0,"layer":12,"expert":13,"duration_ns":1000}
{"schema_version":1,"ts_ns":28288571095,"event":"prefetch_begin","token":0,"layer":12,"expert":6,"bytes":13236480}
{"schema_version":1,"ts_ns":28288575979,"event":"read_begin","token":0,"layer":12,"expert":6,"bytes":13236480}
{"schema_version":1,"ts_ns":28288580672,"event":"compute_begin","token":0,"layer":12,"expert":13}
{"schema_version":1,"ts_ns":28536290979,"event":"compute_end","token":0,"layer":12,"expert":13,"duration_ns":247706423}
{"schema_version":1,"ts_ns":28536306979,"event":"route","token":0,"layer":12,"expert":6}
{"schema_version":1,"ts_ns":28539766710,"event":"cache_miss","token":0,"layer":12,"expert":6,"cache_hit":false}
{"schema_version":1,"ts_ns":28539773056,"event":"read_end","token":0,"layer":12,"expert":6,"bytes":13236480,"duration_ns":12279115}
{"schema_version":1,"ts_ns":28539776941,"event":"prefetch_end","token":0,"layer":12,"expert":6,"bytes":13236480,"duration_ns":12279115}
{"schema_version":1,"ts_ns":28539847479,"event":"prefetch_wait_end","token":0,"layer":12,"expert":6,"duration_ns":1577}
{"schema_version":1,"ts_ns":28539853133,"event":"compute_begin","token":0,"layer":12,"expert":6}
{"schema_version":1,"ts_ns":28787689441,"event":"compute_end","token":0,"layer":12,"expert":6,"duration_ns":247833230}
{"schema_version":1,"ts_ns":28787714171,"event":"route","token":1,"layer":12,"expert":21}
{"schema_version":1,"ts_ns":28787720594,"event":"read_begin","token":1,"layer":12,"expert":21,"bytes":13236480}
{"schema_version":1,"ts_ns":28795294479,"event":"cache_miss","token":1,"layer":12,"expert":21,"cache_hit":false}
{"schema_version":1,"ts_ns":28795303364,"event":"read_end","token":1,"layer":12,"expert":21,"bytes":13236480,"duration_ns":7573807}
{"schema_version":1,"ts_ns":28795309517,"event":"compute_begin","token":1,"layer":12,"expert":21}
{"schema_version":1,"ts_ns":29043146479,"event":"compute_end","token":1,"layer":12,"expert":21,"duration_ns":247834039}
{"schema_version":1,"ts_ns":29043162940,"event":"route","token":1,"layer":12,"expert":13}
{"schema_version":1,"ts_ns":29043170210,"event":"cache_hit","token":1,"layer":12,"expert":13,"cache_hit":true}
{"schema_version":1,"ts_ns":29043174671,"event":"compute_begin","token":1,"layer":12,"expert":13}
{"schema_version":1,"ts_ns":29291010825,"event":"compute_end","token":1,"layer":12,"expert":13,"duration_ns":247833000}
{"schema_version":1,"ts_ns":29291027979,"event":"route","token":1,"layer":12,"expert":6}
{"schema_version":1,"ts_ns":29291035632,"event":"cache_hit","token":1,"layer":12,"expert":6,"cache_hit":true}
{"schema_version":1,"ts_ns":29291052556,"event":"prefetch_begin","token":1,"layer":12,"expert":17,"bytes":13236480}
{"schema_version":1,"ts_ns":29291055940,"event":"read_begin","token":1,"layer":12,"expert":17,"bytes":13236480}
{"schema_version":1,"ts_ns":29291059094,"event":"compute_begin","token":1,"layer":12,"expert":6}
{"schema_version":1,"ts_ns":29538862786,"event":"compute_end","token":1,"layer":12,"expert":6,"duration_ns":247800653}
{"schema_version":1,"ts_ns":29538878902,"event":"route","token":1,"layer":12,"expert":17}
{"schema_version":1,"ts_ns":29542631902,"event":"cache_miss","token":1,"layer":12,"expert":17,"cache_hit":false}
{"schema_version":1,"ts_ns":29542640286,"event":"read_end","token":1,"layer":12,"expert":17,"bytes":13236480,"duration_ns":12464923}
{"schema_version":1,"ts_ns":29542644825,"event":"prefetch_end","token":1,"layer":12,"expert":17,"bytes":13236480,"duration_ns":12464923}
{"schema_version":1,"ts_ns":29542648209,"event":"prefetch_wait_end","token":1,"layer":12,"expert":17,"duration_ns":1462}
{"schema_version":1,"ts_ns":29542653748,"event":"compute_begin","token":1,"layer":12,"expert":17}
{"schema_version":1,"ts_ns":29790570901,"event":"compute_end","token":1,"layer":12,"expert":17,"duration_ns":247913423}
{"schema_version":1,"ts_ns":29790590824,"event":"layer_end","layer":12}
{"schema_version":1,"ts_ns":29790602478,"event":"decoder_layer_end","layer":12}
{"schema_version":1,"ts_ns":29790613209,"event":"decoder_layer_begin","layer":13}
{"schema_version":1,"ts_ns":30023623824,"event":"attention_end","layer":13,"bytes":40960}
{"schema_version":1,"ts_ns":30024648786,"event":"layer_begin","layer":13}
{"schema_version":1,"ts_ns":30024661401,"event":"route","token":0,"layer":13,"expert":5}
{"schema_version":1,"ts_ns":30024666824,"event":"read_begin","token":0,"layer":13,"expert":5,"bytes":13236480}
{"schema_version":1,"ts_ns":30032580593,"event":"cache_miss","token":0,"layer":13,"expert":5,"cache_hit":false}
{"schema_version":1,"ts_ns":30032589940,"event":"read_end","token":0,"layer":13,"expert":5,"bytes":13236480,"duration_ns":7913654}
{"schema_version":1,"ts_ns":30032607440,"event":"prefetch_begin","token":0,"layer":13,"expert":1,"bytes":13236480}
{"schema_version":1,"ts_ns":30032610555,"event":"read_begin","token":0,"layer":13,"expert":1,"bytes":13236480}
{"schema_version":1,"ts_ns":30032614786,"event":"compute_begin","token":0,"layer":13,"expert":5}
{"schema_version":1,"ts_ns":30280653939,"event":"compute_end","token":0,"layer":13,"expert":5,"duration_ns":248035962}
{"schema_version":1,"ts_ns":30280671324,"event":"route","token":0,"layer":13,"expert":1}
{"schema_version":1,"ts_ns":30284506670,"event":"cache_miss","token":0,"layer":13,"expert":1,"cache_hit":false}
{"schema_version":1,"ts_ns":30284514055,"event":"read_end","token":0,"layer":13,"expert":1,"bytes":13236480,"duration_ns":11924500}
{"schema_version":1,"ts_ns":30284517555,"event":"prefetch_end","token":0,"layer":13,"expert":1,"bytes":13236480,"duration_ns":11924500}
{"schema_version":1,"ts_ns":30284520632,"event":"prefetch_wait_end","token":0,"layer":13,"expert":1,"duration_ns":1808}
{"schema_version":1,"ts_ns":30284541401,"event":"prefetch_begin","token":0,"layer":13,"expert":3,"bytes":13236480}
{"schema_version":1,"ts_ns":30284545055,"event":"read_begin","token":0,"layer":13,"expert":3,"bytes":13236480}
{"schema_version":1,"ts_ns":30284549209,"event":"compute_begin","token":0,"layer":13,"expert":1}
{"schema_version":1,"ts_ns":30532350209,"event":"compute_end","token":0,"layer":13,"expert":1,"duration_ns":247798077}
{"schema_version":1,"ts_ns":30532368055,"event":"route","token":0,"layer":13,"expert":3}
{"schema_version":1,"ts_ns":30536148170,"event":"cache_miss","token":0,"layer":13,"expert":3,"cache_hit":false}
{"schema_version":1,"ts_ns":30536156632,"event":"read_end","token":0,"layer":13,"expert":3,"bytes":13236480,"duration_ns":11119346}
{"schema_version":1,"ts_ns":30536160285,"event":"prefetch_end","token":0,"layer":13,"expert":3,"bytes":13236480,"duration_ns":11119346}
{"schema_version":1,"ts_ns":30536164170,"event":"prefetch_wait_end","token":0,"layer":13,"expert":3,"duration_ns":692}
{"schema_version":1,"ts_ns":30536179862,"event":"prefetch_begin","token":0,"layer":13,"expert":6,"bytes":13236480}
{"schema_version":1,"ts_ns":30536183824,"event":"read_begin","token":0,"layer":13,"expert":6,"bytes":13236480}
{"schema_version":1,"ts_ns":30536187862,"event":"compute_begin","token":0,"layer":13,"expert":3}
{"schema_version":1,"ts_ns":30784012478,"event":"compute_end","token":0,"layer":13,"expert":3,"duration_ns":247821423}
{"schema_version":1,"ts_ns":30784029285,"event":"route","token":0,"layer":13,"expert":6}
{"schema_version":1,"ts_ns":30787696593,"event":"cache_miss","token":0,"layer":13,"expert":6,"cache_hit":false}
{"schema_version":1,"ts_ns":30787704670,"event":"read_end","token":0,"layer":13,"expert":6,"bytes":13236480,"duration_ns":12191462}
{"schema_version":1,"ts_ns":30787708824,"event":"prefetch_end","token":0,"layer":13,"expert":6,"bytes":13236480,"duration_ns":12191462}
{"schema_version":1,"ts_ns":30787712247,"event":"prefetch_wait_end","token":0,"layer":13,"expert":6,"duration_ns":1615}
{"schema_version":1,"ts_ns":30787718247,"event":"compute_begin","token":0,"layer":13,"expert":6}
{"schema_version":1,"ts_ns":31035576208,"event":"compute_end","token":0,"layer":13,"expert":6,"duration_ns":247854962}
{"schema_version":1,"ts_ns":31035598900,"event":"route","token":1,"layer":13,"expert":5}
{"schema_version":1,"ts_ns":31035604324,"event":"read_begin","token":1,"layer":13,"expert":5,"bytes":13236480}
{"schema_version":1,"ts_ns":31042659247,"event":"cache_miss","token":1,"layer":13,"expert":5,"cache_hit":false}
{"schema_version":1,"ts_ns":31042667093,"event":"read_end","token":1,"layer":13,"expert":5,"bytes":13236480,"duration_ns":7055000}
{"schema_version":1,"ts_ns":31042687054,"event":"prefetch_begin","token":1,"layer":13,"expert":1,"bytes":13236480}
{"schema_version":1,"ts_ns":31042691247,"event":"read_begin","token":1,"layer":13,"expert":1,"bytes":13236480}
{"schema_version":1,"ts_ns":31042696477,"event":"compute_begin","token":1,"layer":13,"expert":5}
{"schema_version":1,"ts_ns":31290574746,"event":"compute_end","token":1,"layer":13,"expert":5,"duration_ns":247875731}
{"schema_version":1,"ts_ns":31290593246,"event":"route","token":1,"layer":13,"expert":1}
{"schema_version":1,"ts_ns":31294127939,"event":"cache_miss","token":1,"layer":13,"expert":1,"cache_hit":false}
{"schema_version":1,"ts_ns":31294192208,"event":"read_end","token":1,"layer":13,"expert":1,"bytes":13236480,"duration_ns":11510154}
{"schema_version":1,"ts_ns":31294198246,"event":"prefetch_end","token":1,"layer":13,"expert":1,"bytes":13236480,"duration_ns":11510154}
{"schema_version":1,"ts_ns":31294201285,"event":"prefetch_wait_end","token":1,"layer":13,"expert":1,"duration_ns":1308}
{"schema_version":1,"ts_ns":31294224208,"event":"prefetch_begin","token":1,"layer":13,"expert":10,"bytes":13236480}
{"schema_version":1,"ts_ns":31294227939,"event":"read_begin","token":1,"layer":13,"expert":10,"bytes":13236480}
{"schema_version":1,"ts_ns":31294232054,"event":"compute_begin","token":1,"layer":13,"expert":1}
{"schema_version":1,"ts_ns":31542046015,"event":"compute_end","token":1,"layer":13,"expert":1,"duration_ns":247811615}
{"schema_version":1,"ts_ns":31542063092,"event":"route","token":1,"layer":13,"expert":10}
{"schema_version":1,"ts_ns":31545614246,"event":"cache_miss","token":1,"layer":13,"expert":10,"cache_hit":false}
{"schema_version":1,"ts_ns":31545621669,"event":"read_end","token":1,"layer":13,"expert":10,"bytes":13236480,"duration_ns":12607923}
{"schema_version":1,"ts_ns":31545625246,"event":"prefetch_end","token":1,"layer":13,"expert":10,"bytes":13236480,"duration_ns":12607923}
{"schema_version":1,"ts_ns":31545628515,"event":"prefetch_wait_end","token":1,"layer":13,"expert":10,"duration_ns":885}
{"schema_version":1,"ts_ns":31545647246,"event":"prefetch_begin","token":1,"layer":13,"expert":4,"bytes":13236480}
{"schema_version":1,"ts_ns":31545651554,"event":"read_begin","token":1,"layer":13,"expert":4,"bytes":13236480}
{"schema_version":1,"ts_ns":31545656285,"event":"compute_begin","token":1,"layer":13,"expert":10}
{"schema_version":1,"ts_ns":31793566169,"event":"compute_end","token":1,"layer":13,"expert":10,"duration_ns":247907231}
{"schema_version":1,"ts_ns":31793583631,"event":"route","token":1,"layer":13,"expert":4}
{"schema_version":1,"ts_ns":31797406400,"event":"cache_miss","token":1,"layer":13,"expert":4,"cache_hit":false}
{"schema_version":1,"ts_ns":31797414400,"event":"read_end","token":1,"layer":13,"expert":4,"bytes":13236480,"duration_ns":12222884}
{"schema_version":1,"ts_ns":31797418015,"event":"prefetch_end","token":1,"layer":13,"expert":4,"bytes":13236480,"duration_ns":12222884}
{"schema_version":1,"ts_ns":31797421323,"event":"prefetch_wait_end","token":1,"layer":13,"expert":4,"duration_ns":1038}
{"schema_version":1,"ts_ns":31797427131,"event":"compute_begin","token":1,"layer":13,"expert":4}
{"schema_version":1,"ts_ns":32047225169,"event":"compute_end","token":1,"layer":13,"expert":4,"duration_ns":249794116}
{"schema_version":1,"ts_ns":32047253592,"event":"layer_end","layer":13}
{"schema_version":1,"ts_ns":32047266400,"event":"decoder_layer_end","layer":13}
{"schema_version":1,"ts_ns":32047276784,"event":"decoder_layer_begin","layer":14}
{"schema_version":1,"ts_ns":32328072976,"event":"attention_end","layer":14,"bytes":40960}
{"schema_version":1,"ts_ns":32333490669,"event":"layer_begin","layer":14}
{"schema_version":1,"ts_ns":32333505515,"event":"route","token":0,"layer":14,"expert":29}
{"schema_version":1,"ts_ns":32333511438,"event":"read_begin","token":0,"layer":14,"expert":29,"bytes":13236480}
{"schema_version":1,"ts_ns":32370179323,"event":"cache_miss","token":0,"layer":14,"expert":29,"cache_hit":false}
{"schema_version":1,"ts_ns":32370194246,"event":"read_end","token":0,"layer":14,"expert":29,"bytes":13236480,"duration_ns":36665269}
{"schema_version":1,"ts_ns":32370211438,"event":"prefetch_begin","token":0,"layer":14,"expert":16,"bytes":13236480}
{"schema_version":1,"ts_ns":32370214515,"event":"read_begin","token":0,"layer":14,"expert":16,"bytes":13236480}
{"schema_version":1,"ts_ns":32370219130,"event":"compute_begin","token":0,"layer":14,"expert":29}
{"schema_version":1,"ts_ns":32618114284,"event":"compute_end","token":0,"layer":14,"expert":29,"duration_ns":247883345}
{"schema_version":1,"ts_ns":32618163553,"event":"route","token":0,"layer":14,"expert":16}
{"schema_version":1,"ts_ns":32624660361,"event":"cache_miss","token":0,"layer":14,"expert":16,"cache_hit":false}
{"schema_version":1,"ts_ns":32624746476,"event":"read_end","token":0,"layer":14,"expert":16,"bytes":13236480,"duration_ns":51261385}
{"schema_version":1,"ts_ns":32624750284,"event":"prefetch_end","token":0,"layer":14,"expert":16,"bytes":13236480,"duration_ns":51261385}
{"schema_version":1,"ts_ns":32624753476,"event":"prefetch_wait_end","token":0,"layer":14,"expert":16,"duration_ns":3961}
{"schema_version":1,"ts_ns":32624775015,"event":"prefetch_begin","token":0,"layer":14,"expert":15,"bytes":13236480}
{"schema_version":1,"ts_ns":32624777745,"event":"read_begin","token":0,"layer":14,"expert":15,"bytes":13236480}
{"schema_version":1,"ts_ns":32624782130,"event":"compute_begin","token":0,"layer":14,"expert":16}
{"schema_version":1,"ts_ns":32872708784,"event":"compute_end","token":0,"layer":14,"expert":16,"duration_ns":247917538}
{"schema_version":1,"ts_ns":32872756630,"event":"route","token":0,"layer":14,"expert":15}
{"schema_version":1,"ts_ns":32879702745,"event":"cache_miss","token":0,"layer":14,"expert":15,"cache_hit":false}
{"schema_version":1,"ts_ns":32879721591,"event":"read_end","token":0,"layer":14,"expert":15,"bytes":13236480,"duration_ns":82620154}
{"schema_version":1,"ts_ns":32879725399,"event":"prefetch_end","token":0,"layer":14,"expert":15,"bytes":13236480,"duration_ns":82620154}
{"schema_version":1,"ts_ns":32879729130,"event":"prefetch_wait_end","token":0,"layer":14,"expert":15,"duration_ns":2884}
{"schema_version":1,"ts_ns":32879764438,"event":"prefetch_begin","token":0,"layer":14,"expert":23,"bytes":13236480}
{"schema_version":1,"ts_ns":32879768322,"event":"read_begin","token":0,"layer":14,"expert":23,"bytes":13236480}
{"schema_version":1,"ts_ns":32879772399,"event":"compute_begin","token":0,"layer":14,"expert":15}
{"schema_version":1,"ts_ns":33127683284,"event":"compute_end","token":0,"layer":14,"expert":15,"duration_ns":247905769}
{"schema_version":1,"ts_ns":33127716091,"event":"route","token":0,"layer":14,"expert":23}
{"schema_version":1,"ts_ns":33134528207,"event":"cache_miss","token":0,"layer":14,"expert":23,"cache_hit":false}
{"schema_version":1,"ts_ns":33134536014,"event":"read_end","token":0,"layer":14,"expert":23,"bytes":13236480,"duration_ns":91525731}
{"schema_version":1,"ts_ns":33134539322,"event":"prefetch_end","token":0,"layer":14,"expert":23,"bytes":13236480,"duration_ns":91525731}
{"schema_version":1,"ts_ns":33134542322,"event":"prefetch_wait_end","token":0,"layer":14,"expert":23,"duration_ns":2423}
{"schema_version":1,"ts_ns":33134547822,"event":"compute_begin","token":0,"layer":14,"expert":23}
{"schema_version":1,"ts_ns":33382232976,"event":"compute_end","token":0,"layer":14,"expert":23,"duration_ns":247681807}
{"schema_version":1,"ts_ns":33382254399,"event":"route","token":1,"layer":14,"expert":29}
{"schema_version":1,"ts_ns":33382262476,"event":"read_begin","token":1,"layer":14,"expert":29,"bytes":13236480}
{"schema_version":1,"ts_ns":33392118437,"event":"cache_miss","token":1,"layer":14,"expert":29,"cache_hit":false}
{"schema_version":1,"ts_ns":33392129437,"event":"read_end","token":1,"layer":14,"expert":29,"bytes":13236480,"duration_ns":9857077}
{"schema_version":1,"ts_ns":33392147014,"event":"prefetch_begin","token":1,"layer":14,"expert":16,"bytes":13236480}
{"schema_version":1,"ts_ns":33392149822,"event":"read_begin","token":1,"layer":14,"expert":16,"bytes":13236480}
{"schema_version":1,"ts_ns":33392153976,"event":"compute_begin","token":1,"layer":14,"expert":29}
{"schema_version":1,"ts_ns":33641393860,"event":"compute_end","token":1,"layer":14,"expert":29,"duration_ns":249230654}
{"schema_version":1,"ts_ns":33641443399,"event":"route","token":1,"layer":14,"expert":16}
{"schema_version":1,"ts_ns":33645089514,"event":"cache_miss","token":1,"layer":14,"expert":16,"cache_hit":false}
{"schema_version":1,"ts_ns":33645096668,"event":"read_end","token":1,"layer":14,"expert":16,"bytes":13236480,"duration_ns":15599115}
{"schema_version":1,"ts_ns":33645100014,"event":"prefetch_end","token":1,"layer":14,"expert":16,"bytes":13236480,"duration_ns":15599115}
{"schema_version":1,"ts_ns":33645148976,"event":"prefetch_wait_end","token":1,"layer":14,"expert":16,"duration_ns":2077}
{"schema_version":1,"ts_ns":33645168322,"event":"prefetch_begin","token":1,"layer":14,"expert":6,"bytes":13236480}
{"schema_version":1,"ts_ns":33645171245,"event":"read_begin","token":1,"layer":14,"expert":6,"bytes":13236480}
{"schema_version":1,"ts_ns":33645175591,"event":"compute_begin","token":1,"layer":14,"expert":16}
{"schema_version":1,"ts_ns":33893029745,"event":"compute_end","token":1,"layer":14,"expert":16,"duration_ns":247845730}
{"schema_version":1,"ts_ns":33893067321,"event":"route","token":1,"layer":14,"expert":6}
{"schema_version":1,"ts_ns":33897081283,"event":"cache_miss","token":1,"layer":14,"expert":6,"cache_hit":false}
{"schema_version":1,"ts_ns":33897088245,"event":"read_end","token":1,"layer":14,"expert":6,"bytes":13236480,"duration_ns":65518153}
{"schema_version":1,"ts_ns":33897091591,"event":"prefetch_end","token":1,"layer":14,"expert":6,"bytes":13236480,"duration_ns":65518153}
{"schema_version":1,"ts_ns":33897094514,"event":"prefetch_wait_end","token":1,"layer":14,"expert":6,"duration_ns":2154}
{"schema_version":1,"ts_ns":33897111398,"event":"prefetch_begin","token":1,"layer":14,"expert":20,"bytes":13236480}
{"schema_version":1,"ts_ns":33897115398,"event":"read_begin","token":1,"layer":14,"expert":20,"bytes":13236480}
{"schema_version":1,"ts_ns":33897120091,"event":"compute_begin","token":1,"layer":14,"expert":6}
{"schema_version":1,"ts_ns":34145050475,"event":"compute_end","token":1,"layer":14,"expert":6,"duration_ns":247922461}
{"schema_version":1,"ts_ns":34145085898,"event":"route","token":1,"layer":14,"expert":20}
{"schema_version":1,"ts_ns":34149422360,"event":"cache_miss","token":1,"layer":14,"expert":20,"cache_hit":false}
{"schema_version":1,"ts_ns":34149428937,"event":"read_end","token":1,"layer":14,"expert":20,"bytes":13236480,"duration_ns":86756808}
{"schema_version":1,"ts_ns":34149432167,"event":"prefetch_end","token":1,"layer":14,"expert":20,"bytes":13236480,"duration_ns":86756808}
{"schema_version":1,"ts_ns":34149435091,"event":"prefetch_wait_end","token":1,"layer":14,"expert":20,"duration_ns":2807}
{"schema_version":1,"ts_ns":34149439860,"event":"compute_begin","token":1,"layer":14,"expert":20}
{"schema_version":1,"ts_ns":34397142013,"event":"compute_end","token":1,"layer":14,"expert":20,"duration_ns":247699846}
{"schema_version":1,"ts_ns":34397158129,"event":"layer_end","layer":14}
{"schema_version":1,"ts_ns":34397168129,"event":"decoder_layer_end","layer":14}
{"schema_version":1,"ts_ns":34397177706,"event":"decoder_layer_begin","layer":15}
{"schema_version":1,"ts_ns":34820002898,"event":"attention_end","layer":15,"bytes":40960}
{"schema_version":1,"ts_ns":34821082898,"event":"layer_begin","layer":15}
{"schema_version":1,"ts_ns":34821095167,"event":"route","token":0,"layer":15,"expert":8}
{"schema_version":1,"ts_ns":34821099975,"event":"read_begin","token":0,"layer":15,"expert":8,"bytes":13236480}
{"schema_version":1,"ts_ns":34842039244,"event":"cache_miss","token":0,"layer":15,"expert":8,"cache_hit":false}
{"schema_version":1,"ts_ns":34842053513,"event":"read_end","token":0,"layer":15,"expert":8,"bytes":13236480,"duration_ns":20937692}
{"schema_version":1,"ts_ns":34842070590,"event":"prefetch_begin","token":0,"layer":15,"expert":1,"bytes":13236480}
{"schema_version":1,"ts_ns":34842073475,"event":"read_begin","token":0,"layer":15,"expert":1,"bytes":13236480}
{"schema_version":1,"ts_ns":34842077629,"event":"compute_begin","token":0,"layer":15,"expert":8}
{"schema_version":1,"ts_ns":35119318590,"event":"compute_end","token":0,"layer":15,"expert":8,"duration_ns":277237730}
{"schema_version":1,"ts_ns":35119358090,"event":"route","token":0,"layer":15,"expert":1}
{"schema_version":1,"ts_ns":35122987167,"event":"cache_miss","token":0,"layer":15,"expert":1,"cache_hit":false}
{"schema_version":1,"ts_ns":35122994551,"event":"read_end","token":0,"layer":15,"expert":1,"bytes":13236480,"duration_ns":44577193}
{"schema_version":1,"ts_ns":35122998205,"event":"prefetch_end","token":0,"layer":15,"expert":1,"bytes":13236480,"duration_ns":44577193}
{"schema_version":1,"ts_ns":35123057744,"event":"prefetch_wait_end","token":0,"layer":15,"expert":1,"duration_ns":1308}
{"schema_version":1,"ts_ns":35123074282,"event":"prefetch_begin","token":0,"layer":15,"expert":17,"bytes":13236480}
{"schema_version":1,"ts_ns":35123077513,"event":"read_begin","token":0,"layer":15,"expert":17,"bytes":13236480}
{"schema_version":1,"ts_ns":35123082090,"event":"compute_begin","token":0,"layer":15,"expert":1}
{"schema_version":1,"ts_ns":35446373436,"event":"compute_end","token":0,"layer":15,"expert":1,"duration_ns":323287961}
{"schema_version":1,"ts_ns":35446397551,"event":"route","token":0,"layer":15,"expert":17}
{"schema_version":1,"ts_ns":35450400936,"event":"cache_miss","token":0,"layer":15,"expert":17,"cache_hit":false}
{"schema_version":1,"ts_ns":35450408936,"event":"read_end","token":0,"layer":15,"expert":17,"bytes":13236480,"duration_ns":34745385}
{"schema_version":1,"ts_ns":35450412474,"event":"prefetch_end","token":0,"layer":15,"expert":17,"bytes":13236480,"duration_ns":34745385}
{"schema_version":1,"ts_ns":35450415551,"event":"prefetch_wait_end","token":0,"layer":15,"expert":17,"duration_ns":885}
{"schema_version":1,"ts_ns":35450434859,"event":"prefetch_begin","token":0,"layer":15,"expert":12,"bytes":13236480}
{"schema_version":1,"ts_ns":35450439090,"event":"read_begin","token":0,"layer":15,"expert":12,"bytes":13236480}
{"schema_version":1,"ts_ns":35450443359,"event":"compute_begin","token":0,"layer":15,"expert":17}
{"schema_version":1,"ts_ns":35698330166,"event":"compute_end","token":0,"layer":15,"expert":17,"duration_ns":247884192}
{"schema_version":1,"ts_ns":35698348666,"event":"route","token":0,"layer":15,"expert":12}
{"schema_version":1,"ts_ns":35701838513,"event":"cache_miss","token":0,"layer":15,"expert":12,"cache_hit":false}
{"schema_version":1,"ts_ns":35701848666,"event":"read_end","token":0,"layer":15,"expert":12,"bytes":13236480,"duration_ns":33910000}
{"schema_version":1,"ts_ns":35701852666,"event":"prefetch_end","token":0,"layer":15,"expert":12,"bytes":13236480,"duration_ns":33910000}
{"schema_version":1,"ts_ns":35701855936,"event":"prefetch_wait_end","token":0,"layer":15,"expert":12,"duration_ns":1500}
{"schema_version":1,"ts_ns":35701861589,"event":"compute_begin","token":0,"layer":15,"expert":12}
{"schema_version":1,"ts_ns":35949603897,"event":"compute_end","token":0,"layer":15,"expert":12,"duration_ns":247738884}
{"schema_version":1,"ts_ns":35949622974,"event":"route","token":1,"layer":15,"expert":18}
{"schema_version":1,"ts_ns":35949628705,"event":"read_begin","token":1,"layer":15,"expert":18,"bytes":13236480}
{"schema_version":1,"ts_ns":35957847705,"event":"cache_miss","token":1,"layer":15,"expert":18,"cache_hit":false}
{"schema_version":1,"ts_ns":35957861320,"event":"read_end","token":1,"layer":15,"expert":18,"bytes":13236480,"duration_ns":8217500}
{"schema_version":1,"ts_ns":35957888397,"event":"prefetch_begin","token":1,"layer":15,"expert":29,"bytes":13236480}
{"schema_version":1,"ts_ns":35957891551,"event":"read_begin","token":1,"layer":15,"expert":29,"bytes":13236480}
{"schema_version":1,"ts_ns":35957895782,"event":"compute_begin","token":1,"layer":15,"expert":18}
{"schema_version":1,"ts_ns":36205789204,"event":"compute_end","token":1,"layer":15,"expert":18,"duration_ns":247889923}
{"schema_version":1,"ts_ns":36205812820,"event":"route","token":1,"layer":15,"expert":29}
{"schema_version":1,"ts_ns":36212692166,"event":"cache_miss","token":1,"layer":15,"expert":29,"cache_hit":false}
{"schema_version":1,"ts_ns":36212711897,"event":"read_end","token":1,"layer":15,"expert":29,"bytes":13236480,"duration_ns":55829307}
{"schema_version":1,"ts_ns":36212716358,"event":"prefetch_end","token":1,"layer":15,"expert":29,"bytes":13236480,"duration_ns":55829307}
{"schema_version":1,"ts_ns":36212720051,"event":"prefetch_wait_end","token":1,"layer":15,"expert":29,"duration_ns":885}
{"schema_version":1,"ts_ns":36212758628,"event":"prefetch_begin","token":1,"layer":15,"expert":8,"bytes":13236480}
{"schema_version":1,"ts_ns":36212840474,"event":"read_begin","token":1,"layer":15,"expert":8,"bytes":13236480}
{"schema_version":1,"ts_ns":36212846435,"event":"compute_begin","token":1,"layer":15,"expert":29}
{"schema_version":1,"ts_ns":36460508666,"event":"compute_end","token":1,"layer":15,"expert":29,"duration_ns":247659962}
{"schema_version":1,"ts_ns":36460523858,"event":"route","token":1,"layer":15,"expert":8}
{"schema_version":1,"ts_ns":36466902358,"event":"cache_miss","token":1,"layer":15,"expert":8,"cache_hit":false}
{"schema_version":1,"ts_ns":36466928781,"event":"read_end","token":1,"layer":15,"expert":8,"bytes":13236480,"duration_ns":14518193}
{"schema_version":1,"ts_ns":36466933320,"event":"prefetch_end","token":1,"layer":15,"expert":8,"bytes":13236480,"duration_ns":14518193}
{"schema_version":1,"ts_ns":36466937050,"event":"prefetch_wait_end","token":1,"layer":15,"expert":8,"duration_ns":769}
{"schema_version":1,"ts_ns":36466987897,"event":"prefetch_begin","token":1,"layer":15,"expert":1,"bytes":13236480}
{"schema_version":1,"ts_ns":36466994666,"event":"read_begin","token":1,"layer":15,"expert":1,"bytes":13236480}
{"schema_version":1,"ts_ns":36467000243,"event":"compute_begin","token":1,"layer":15,"expert":8}
{"schema_version":1,"ts_ns":36714695589,"event":"compute_end","token":1,"layer":15,"expert":8,"duration_ns":247692731}
{"schema_version":1,"ts_ns":36714712935,"event":"route","token":1,"layer":15,"expert":1}
{"schema_version":1,"ts_ns":36721311973,"event":"cache_miss","token":1,"layer":15,"expert":1,"cache_hit":false}
{"schema_version":1,"ts_ns":36721337204,"event":"read_end","token":1,"layer":15,"expert":1,"bytes":13236480,"duration_ns":13991923}
{"schema_version":1,"ts_ns":36721341743,"event":"prefetch_end","token":1,"layer":15,"expert":1,"bytes":13236480,"duration_ns":13991923}
{"schema_version":1,"ts_ns":36721344819,"event":"prefetch_wait_end","token":1,"layer":15,"expert":1,"duration_ns":808}
{"schema_version":1,"ts_ns":36721352281,"event":"compute_begin","token":1,"layer":15,"expert":1}
{"schema_version":1,"ts_ns":36971209012,"event":"compute_end","token":1,"layer":15,"expert":1,"duration_ns":249852461}
{"schema_version":1,"ts_ns":36971233319,"event":"layer_end","layer":15}
{"schema_version":1,"ts_ns":36971244742,"event":"decoder_layer_end","layer":15}
{"schema_version":1,"ts_ns":36971254935,"event":"decoder_layer_begin","layer":16}
{"schema_version":1,"ts_ns":37335621588,"event":"attention_end","layer":16,"bytes":40960}
{"schema_version":1,"ts_ns":37336616319,"event":"layer_begin","layer":16}
{"schema_version":1,"ts_ns":37336627896,"event":"route","token":0,"layer":16,"expert":2}
{"schema_version":1,"ts_ns":37336632819,"event":"read_begin","token":0,"layer":16,"expert":2,"bytes":13236480}
{"schema_version":1,"ts_ns":37364577934,"event":"cache_miss","token":0,"layer":16,"expert":2,"cache_hit":false}
{"schema_version":1,"ts_ns":37364591319,"event":"read_end","token":0,"layer":16,"expert":2,"bytes":13236480,"duration_ns":27943039}
{"schema_version":1,"ts_ns":37364610242,"event":"prefetch_begin","token":0,"layer":16,"expert":24,"bytes":13236480}
{"schema_version":1,"ts_ns":37364613165,"event":"read_begin","token":0,"layer":16,"expert":24,"bytes":13236480}
{"schema_version":1,"ts_ns":37364617204,"event":"compute_begin","token":0,"layer":16,"expert":2}
{"schema_version":1,"ts_ns":37612393742,"event":"compute_end","token":0,"layer":16,"expert":2,"duration_ns":247773346}
{"schema_version":1,"ts_ns":37612410973,"event":"route","token":0,"layer":16,"expert":24}
{"schema_version":1,"ts_ns":37618716473,"event":"cache_miss","token":0,"layer":16,"expert":24,"cache_hit":false}
{"schema_version":1,"ts_ns":37618736165,"event":"read_end","token":0,"layer":16,"expert":24,"bytes":13236480,"duration_ns":56218538}
{"schema_version":1,"ts_ns":37618739588,"event":"prefetch_end","token":0,"layer":16,"expert":24,"bytes":13236480,"duration_ns":56218538}
{"schema_version":1,"ts_ns":37618742703,"event":"prefetch_wait_end","token":0,"layer":16,"expert":24,"duration_ns":885}
{"schema_version":1,"ts_ns":37618775511,"event":"prefetch_begin","token":0,"layer":16,"expert":4,"bytes":13236480}
{"schema_version":1,"ts_ns":37618966973,"event":"read_begin","token":0,"layer":16,"expert":4,"bytes":13236480}
{"schema_version":1,"ts_ns":37618972973,"event":"compute_begin","token":0,"layer":16,"expert":24}
{"schema_version":1,"ts_ns":37866674049,"event":"compute_end","token":0,"layer":16,"expert":24,"duration_ns":247698346}
{"schema_version":1,"ts_ns":37866691203,"event":"route","token":0,"layer":16,"expert":4}
{"schema_version":1,"ts_ns":37873433357,"event":"cache_miss","token":0,"layer":16,"expert":4,"cache_hit":false}
{"schema_version":1,"ts_ns":37873455280,"event":"read_end","token":0,"layer":16,"expert":4,"bytes":13236480,"duration_ns":87035269}
{"schema_version":1,"ts_ns":37873460242,"event":"prefetch_end","token":0,"layer":16,"expert":4,"bytes":13236480,"duration_ns":87035269}
{"schema_version":1,"ts_ns":37873463819,"event":"prefetch_wait_end","token":0,"layer":16,"expert":4,"duration_ns":1346}
{"schema_version":1,"ts_ns":37873512126,"event":"prefetch_begin","token":0,"layer":16,"expert":22,"bytes":13236480}
{"schema_version":1,"ts_ns":37873518665,"event":"read_begin","token":0,"layer":16,"expert":22,"bytes":13236480}
{"schema_version":1,"ts_ns":37873524280,"event":"compute_begin","token":0,"layer":16,"expert":4}
{"schema_version":1,"ts_ns":38121320626,"event":"compute_end","token":0,"layer":16,"expert":4,"duration_ns":247793461}
{"schema_version":1,"ts_ns":38121336588,"event":"route","token":0,"layer":16,"expert":22}
{"schema_version":1,"ts_ns":38127654165,"event":"cache_miss","token":0,"layer":16,"expert":22,"cache_hit":false}
{"schema_version":1,"ts_ns":38127674895,"event":"read_end","token":0,"layer":16,"expert":22,"bytes":13236480,"duration_ns":88266962}
{"schema_version":1,"ts_ns":38127679280,"event":"prefetch_end","token":0,"layer":16,"expert":22,"bytes":13236480,"duration_ns":88266962}
{"schema_version":1,"ts_ns":38127682818,"event":"prefetch_wait_end","token":0,"layer":16,"expert":22,"duration_ns":1116}
{"schema_version":1,"ts_ns":38127692703,"event":"compute_begin","token":0,"layer":16,"expert":22}
{"schema_version":1,"ts_ns":38375272703,"event":"compute_end","token":0,"layer":16,"expert":22,"duration_ns":247576730}
{"schema_version":1,"ts_ns":38375292934,"event":"route","token":1,"layer":16,"expert":2}
{"schema_version":1,"ts_ns":38375299011,"event":"read_begin","token":1,"layer":16,"expert":2,"bytes":13236480}
{"schema_version":1,"ts_ns":38382923857,"event":"cache_miss","token":1,"layer":16,"expert":2,"cache_hit":false}
{"schema_version":1,"ts_ns":38382931703,"event":"read_end","token":1,"layer":16,"expert":2,"bytes":13236480,"duration_ns":7624731}
{"schema_version":1,"ts_ns":38382939241,"event":"compute_begin","token":1,"layer":16,"expert":2}
{"schema_version":1,"ts_ns":38630616857,"event":"compute_end","token":1,"layer":16,"expert":2,"duration_ns":247673692}
{"schema_version":1,"ts_ns":38630636741,"event":"route","token":1,"layer":16,"expert":4}
{"schema_version":1,"ts_ns":38630643472,"event":"cache_hit","token":1,"layer":16,"expert":4,"cache_hit":true}
{"schema_version":1,"ts_ns":38630660972,"event":"prefetch_begin","token":1,"layer":16,"expert":31,"bytes":13236480}
{"schema_version":1,"ts_ns":38630664164,"event":"read_begin","token":1,"layer":16,"expert":31,"bytes":13236480}
{"schema_version":1,"ts_ns":38630667357,"event":"compute_begin","token":1,"layer":16,"expert":4}
{"schema_version":1,"ts_ns":38878874933,"event":"compute_end","token":1,"layer":16,"expert":4,"duration_ns":248204692}
{"schema_version":1,"ts_ns":38878891087,"event":"route","token":1,"layer":16,"expert":31}
{"schema_version":1,"ts_ns":38885564818,"event":"cache_miss","token":1,"layer":16,"expert":31,"cache_hit":false}
{"schema_version":1,"ts_ns":38885587087,"event":"read_end","token":1,"layer":16,"expert":31,"bytes":13236480,"duration_ns":53251961}
{"schema_version":1,"ts_ns":38885591510,"event":"prefetch_end","token":1,"layer":16,"expert":31,"bytes":13236480,"duration_ns":53251961}
{"schema_version":1,"ts_ns":38885595472,"event":"prefetch_wait_end","token":1,"layer":16,"expert":31,"duration_ns":1192}
{"schema_version":1,"ts_ns":38885777933,"event":"prefetch_begin","token":1,"layer":16,"expert":24,"bytes":13236480}
{"schema_version":1,"ts_ns":38885780856,"event":"read_begin","token":1,"layer":16,"expert":24,"bytes":13236480}
{"schema_version":1,"ts_ns":38885785126,"event":"compute_begin","token":1,"layer":16,"expert":31}
{"schema_version":1,"ts_ns":39136113202,"event":"compute_end","token":1,"layer":16,"expert":31,"duration_ns":250318769}
{"schema_version":1,"ts_ns":39136160895,"event":"route","token":1,"layer":16,"expert":24}
{"schema_version":1,"ts_ns":39139982164,"event":"cache_miss","token":1,"layer":16,"expert":24,"cache_hit":false}
{"schema_version":1,"ts_ns":39139990241,"event":"read_end","token":1,"layer":16,"expert":24,"bytes":13236480,"duration_ns":18600539}
{"schema_version":1,"ts_ns":39139993279,"event":"prefetch_end","token":1,"layer":16,"expert":24,"bytes":13236480,"duration_ns":18600539}
{"schema_version":1,"ts_ns":39139996241,"event":"prefetch_wait_end","token":1,"layer":16,"expert":24,"duration_ns":2692}
{"schema_version":1,"ts_ns":39140001241,"event":"compute_begin","token":1,"layer":16,"expert":24}
{"schema_version":1,"ts_ns":39387605010,"event":"compute_end","token":1,"layer":16,"expert":24,"duration_ns":247601077}
{"schema_version":1,"ts_ns":39387622202,"event":"layer_end","layer":16}
{"schema_version":1,"ts_ns":39387631818,"event":"decoder_layer_end","layer":16}
{"schema_version":1,"ts_ns":39387641279,"event":"decoder_layer_begin","layer":17}
{"schema_version":1,"ts_ns":39810202663,"event":"attention_end","layer":17,"bytes":40960}
{"schema_version":1,"ts_ns":39813230856,"event":"layer_begin","layer":17}
{"schema_version":1,"ts_ns":39813247240,"event":"route","token":0,"layer":17,"expert":5}
{"schema_version":1,"ts_ns":39813253086,"event":"read_begin","token":0,"layer":17,"expert":5,"bytes":13236480}
{"schema_version":1,"ts_ns":39852193817,"event":"cache_miss","token":0,"layer":17,"expert":5,"cache_hit":false}
{"schema_version":1,"ts_ns":39852210433,"event":"read_end","token":0,"layer":17,"expert":5,"bytes":13236480,"duration_ns":38937654}
{"schema_version":1,"ts_ns":39852227817,"event":"prefetch_begin","token":0,"layer":17,"expert":23,"bytes":13236480}
{"schema_version":1,"ts_ns":39852230933,"event":"read_begin","token":0,"layer":17,"expert":23,"bytes":13236480}
{"schema_version":1,"ts_ns":39852234971,"event":"compute_begin","token":0,"layer":17,"expert":5}
{"schema_version":1,"ts_ns":40100152932,"event":"compute_end","token":0,"layer":17,"expert":5,"duration_ns":247904962}
{"schema_version":1,"ts_ns":40100198971,"event":"route","token":0,"layer":17,"expert":23}
{"schema_version":1,"ts_ns":40106735509,"event":"cache_miss","token":0,"layer":17,"expert":23,"cache_hit":false}
{"schema_version":1,"ts_ns":40106743279,"event":"read_end","token":0,"layer":17,"expert":23,"bytes":13236480,"duration_ns":66429769}
{"schema_version":1,"ts_ns":40106746394,"event":"prefetch_end","token":0,"layer":17,"expert":23,"bytes":13236480,"duration_ns":66429769}
{"schema_version":1,"ts_ns":40106749432,"event":"prefetch_wait_end","token":0,"layer":17,"expert":23,"duration_ns":3654}
{"schema_version":1,"ts_ns":40106765086,"event":"prefetch_begin","token":0,"layer":17,"expert":10,"bytes":13236480}
{"schema_version":1,"ts_ns":40106768394,"event":"read_begin","token":0,"layer":17,"expert":10,"bytes":13236480}
{"schema_version":1,"ts_ns":40106772663,"event":"compute_begin","token":0,"layer":17,"expert":23}
{"schema_version":1,"ts_ns":40363338394,"event":"compute_end","token":0,"layer":17,"expert":23,"duration_ns":256562769}
{"schema_version":1,"ts_ns":40363380663,"event":"route","token":0,"layer":17,"expert":10}
{"schema_version":1,"ts_ns":40366949163,"event":"cache_miss","token":0,"layer":17,"expert":10,"cache_hit":false}
{"schema_version":1,"ts_ns":40366954894,"event":"read_end","token":0,"layer":17,"expert":10,"bytes":13236480,"duration_ns":70629192}
{"schema_version":1,"ts_ns":40366957971,"event":"prefetch_end","token":0,"layer":17,"expert":10,"bytes":13236480,"duration_ns":70629192}
{"schema_version":1,"ts_ns":40367015394,"event":"prefetch_wait_end","token":0,"layer":17,"expert":10,"duration_ns":2654}
{"schema_version":1,"ts_ns":40367031817,"event":"prefetch_begin","token":0,"layer":17,"expert":15,"bytes":13236480}
{"schema_version":1,"ts_ns":40367034817,"event":"read_begin","token":0,"layer":17,"expert":15,"bytes":13236480}
{"schema_version":1,"ts_ns":40367039548,"event":"compute_begin","token":0,"layer":17,"expert":10}
{"schema_version":1,"ts_ns":40614829009,"event":"compute_end","token":0,"layer":17,"expert":10,"duration_ns":247782539}
{"schema_version":1,"ts_ns":40614871317,"event":"route","token":0,"layer":17,"expert":15}
{"schema_version":1,"ts_ns":40619479394,"event":"cache_miss","token":0,"layer":17,"expert":15,"cache_hit":false}
{"schema_version":1,"ts_ns":40619487278,"event":"read_end","token":0,"layer":17,"expert":15,"bytes":13236480,"duration_ns":69330154}
{"schema_version":1,"ts_ns":40619490317,"event":"prefetch_end","token":0,"layer":17,"expert":15,"bytes":13236480,"duration_ns":69330154}
{"schema_version":1,"ts_ns":40619493201,"event":"prefetch_wait_end","token":0,"layer":17,"expert":15,"duration_ns":3423}
{"schema_version":1,"ts_ns":40619498047,"event":"compute_begin","token":0,"layer":17,"expert":15}
{"schema_version":1,"ts_ns":40867360470,"event":"compute_end","token":0,"layer":17,"expert":15,"duration_ns":247857692}
{"schema_version":1,"ts_ns":40867393778,"event":"route","token":1,"layer":17,"expert":5}
{"schema_version":1,"ts_ns":40867401201,"event":"read_begin","token":1,"layer":17,"expert":5,"bytes":13236480}
{"schema_version":1,"ts_ns":40875707086,"event":"cache_miss","token":1,"layer":17,"expert":5,"cache_hit":false}
{"schema_version":1,"ts_ns":40875714663,"event":"read_end","token":1,"layer":17,"expert":5,"bytes":13236480,"duration_ns":8307154}
{"schema_version":1,"ts_ns":40875729086,"event":"prefetch_begin","token":1,"layer":17,"expert":23,"bytes":13236480}
{"schema_version":1,"ts_ns":40875732624,"event":"read_begin","token":1,"layer":17,"expert":23,"bytes":13236480}
{"schema_version":1,"ts_ns":40875737509,"event":"compute_begin","token":1,"layer":17,"expert":5}
{"schema_version":1,"ts_ns":41125881124,"event":"compute_end","token":1,"layer":17,"expert":5,"duration_ns":250135730}
{"schema_version":1,"ts_ns":41125927739,"event":"route","token":1,"layer":17,"expert":23}
{"schema_version":1,"ts_ns":41129943624,"event":"cache_miss","token":1,"layer":17,"expert":23,"cache_hit":false}
{"schema_version":1,"ts_ns":41129950239,"event":"read_end","token":1,"layer":17,"expert":23,"bytes":13236480,"duration_ns":12849808}
{"schema_version":1,"ts_ns":41129953316,"event":"prefetch_end","token":1,"layer":17,"expert":23,"bytes":13236480,"duration_ns":12849808}
{"schema_version":1,"ts_ns":41129956355,"event":"prefetch_wait_end","token":1,"layer":17,"expert":23,"duration_ns":3500}
{"schema_version":1,"ts_ns":41129972662,"event":"prefetch_begin","token":1,"layer":17,"expert":22,"bytes":13236480}
{"schema_version":1,"ts_ns":41129976586,"event":"read_begin","token":1,"layer":17,"expert":22,"bytes":13236480}
{"schema_version":1,"ts_ns":41129980701,"event":"compute_begin","token":1,"layer":17,"expert":23}
{"schema_version":1,"ts_ns":41378097085,"event":"compute_end","token":1,"layer":17,"expert":23,"duration_ns":248109154}
{"schema_version":1,"ts_ns":41378140239,"event":"route","token":1,"layer":17,"expert":22}
{"schema_version":1,"ts_ns":41382540393,"event":"cache_miss","token":1,"layer":17,"expert":22,"cache_hit":false}
{"schema_version":1,"ts_ns":41382547278,"event":"read_end","token":1,"layer":17,"expert":22,"bytes":13236480,"duration_ns":45595962}
{"schema_version":1,"ts_ns":41382550239,"event":"prefetch_end","token":1,"layer":17,"expert":22,"bytes":13236480,"duration_ns":45595962}
{"schema_version":1,"ts_ns":41382553201,"event":"prefetch_wait_end","token":1,"layer":17,"expert":22,"duration_ns":3270}
{"schema_version":1,"ts_ns":41382568393,"event":"prefetch_begin","token":1,"layer":17,"expert":2,"bytes":13236480}
{"schema_version":1,"ts_ns":41382571201,"event":"read_begin","token":1,"layer":17,"expert":2,"bytes":13236480}
{"schema_version":1,"ts_ns":41382608239,"event":"compute_begin","token":1,"layer":17,"expert":22}
{"schema_version":1,"ts_ns":41630415624,"event":"compute_end","token":1,"layer":17,"expert":22,"duration_ns":247799116}
{"schema_version":1,"ts_ns":41630450777,"event":"route","token":1,"layer":17,"expert":2}
{"schema_version":1,"ts_ns":41635697316,"event":"cache_miss","token":1,"layer":17,"expert":2,"cache_hit":false}
{"schema_version":1,"ts_ns":41635704816,"event":"read_end","token":1,"layer":17,"expert":2,"bytes":13236480,"duration_ns":82228423}
{"schema_version":1,"ts_ns":41635708047,"event":"prefetch_end","token":1,"layer":17,"expert":2,"bytes":13236480,"duration_ns":82228423}
{"schema_version":1,"ts_ns":41635711162,"event":"prefetch_wait_end","token":1,"layer":17,"expert":2,"duration_ns":4654}
{"schema_version":1,"ts_ns":41635716354,"event":"compute_begin","token":1,"layer":17,"expert":2}
{"schema_version":1,"ts_ns":41883444200,"event":"compute_end","token":1,"layer":17,"expert":2,"duration_ns":247724884}
{"schema_version":1,"ts_ns":41883460393,"event":"layer_end","layer":17}
{"schema_version":1,"ts_ns":41883470162,"event":"decoder_layer_end","layer":17}
{"schema_version":1,"ts_ns":41883479777,"event":"decoder_layer_begin","layer":18}
{"schema_version":1,"ts_ns":42393036892,"event":"attention_end","layer":18,"bytes":40960}
{"schema_version":1,"ts_ns":42396331777,"event":"layer_begin","layer":18}
{"schema_version":1,"ts_ns":42396344623,"event":"route","token":0,"layer":18,"expert":14}
{"schema_version":1,"ts_ns":42396349623,"event":"read_begin","token":0,"layer":18,"expert":14,"bytes":13236480}
{"schema_version":1,"ts_ns":42433146277,"event":"cache_miss","token":0,"layer":18,"expert":14,"cache_hit":false}
{"schema_version":1,"ts_ns":42433162392,"event":"read_end","token":0,"layer":18,"expert":14,"bytes":13236480,"duration_ns":36794654}
{"schema_version":1,"ts_ns":42433202623,"event":"prefetch_begin","token":0,"layer":18,"expert":1,"bytes":13236480}
{"schema_version":1,"ts_ns":42433261238,"event":"read_begin","token":0,"layer":18,"expert":1,"bytes":13236480}
{"schema_version":1,"ts_ns":42433267700,"event":"compute_begin","token":0,"layer":18,"expert":14}
{"schema_version":1,"ts_ns":42762539161,"event":"compute_end","token":0,"layer":18,"expert":14,"duration_ns":329267846}
{"schema_version":1,"ts_ns":42762562931,"event":"route","token":0,"layer":18,"expert":1}
{"schema_version":1,"ts_ns":42765945200,"event":"cache_miss","token":0,"layer":18,"expert":1,"cache_hit":false}
{"schema_version":1,"ts_ns":42765952854,"event":"read_end","token":0,"layer":18,"expert":1,"bytes":13236480,"duration_ns":39826693}
{"schema_version":1,"ts_ns":42765956892,"event":"prefetch_end","token":0,"layer":18,"expert":1,"bytes":13236480,"duration_ns":39826693}
{"schema_version":1,"ts_ns":42765959931,"event":"prefetch_wait_end","token":0,"layer":18,"expert":1,"duration_ns":1230}
{"schema_version":1,"ts_ns":42765981931,"event":"prefetch_begin","token":0,"layer":18,"expert":26,"bytes":13236480}
{"schema_version":1,"ts_ns":42765986623,"event":"read_begin","token":0,"layer":18,"expert":26,"bytes":13236480}
{"schema_version":1,"ts_ns":42765990931,"event":"compute_begin","token":0,"layer":18,"expert":1}
{"schema_version":1,"ts_ns":43013625430,"event":"compute_end","token":0,"layer":18,"expert":1,"duration_ns":247632115}
{"schema_version":1,"ts_ns":43013643700,"event":"route","token":0,"layer":18,"expert":26}
{"schema_version":1,"ts_ns":43017416853,"event":"cache_miss","token":0,"layer":18,"expert":26,"cache_hit":false}
{"schema_version":1,"ts_ns":43017424277,"event":"read_end","token":0,"layer":18,"expert":26,"bytes":13236480,"duration_ns":11206884}
{"schema_version":1,"ts_ns":43017428661,"event":"prefetch_end","token":0,"layer":18,"expert":26,"bytes":13236480,"duration_ns":11206884}
{"schema_version":1,"ts_ns":43017431738,"event":"prefetch_wait_end","token":0,"layer":18,"expert":26,"duration_ns":1423}
{"schema_version":1,"ts_ns":43017452892,"event":"prefetch_begin","token":0,"layer":18,"expert":30,"bytes":13236480}
{"schema_version":1,"ts_ns":43017521469,"event":"read_begin","token":0,"layer":18,"expert":30,"bytes":13236480}
{"schema_version":1,"ts_ns":43017529930,"event":"compute_begin","token":0,"layer":18,"expert":26}
{"schema_version":1,"ts_ns":43265101661,"event":"compute_end","token":0,"layer":18,"expert":26,"duration_ns":247569231}
{"schema_version":1,"ts_ns":43265117276,"event":"route","token":0,"layer":18,"expert":30}
{"schema_version":1,"ts_ns":43268659315,"event":"cache_miss","token":0,"layer":18,"expert":30,"cache_hit":false}
{"schema_version":1,"ts_ns":43268666469,"event":"read_end","token":0,"layer":18,"expert":30,"bytes":13236480,"duration_ns":12132154}
{"schema_version":1,"ts_ns":43268670507,"event":"prefetch_end","token":0,"layer":18,"expert":30,"bytes":13236480,"duration_ns":12132154}
{"schema_version":1,"ts_ns":43268674161,"event":"prefetch_wait_end","token":0,"layer":18,"expert":30,"duration_ns":1192}
{"schema_version":1,"ts_ns":43268679699,"event":"compute_begin","token":0,"layer":18,"expert":30}
{"schema_version":1,"ts_ns":43516344007,"event":"compute_end","token":0,"layer":18,"expert":30,"duration_ns":247660923}
{"schema_version":1,"ts_ns":43516369430,"event":"route","token":1,"layer":18,"expert":14}
{"schema_version":1,"ts_ns":43516374584,"event":"read_begin","token":1,"layer":18,"expert":14,"bytes":13236480}
{"schema_version":1,"ts_ns":43523090161,"event":"cache_miss","token":1,"layer":18,"expert":14,"cache_hit":false}
{"schema_version":1,"ts_ns":43523097968,"event":"read_end","token":1,"layer":18,"expert":14,"bytes":13236480,"duration_ns":6715808}
{"schema_version":1,"ts_ns":43523124430,"event":"prefetch_begin","token":1,"layer":18,"expert":1,"bytes":13236480}
{"schema_version":1,"ts_ns":43523128545,"event":"read_begin","token":1,"layer":18,"expert":1,"bytes":13236480}
{"schema_version":1,"ts_ns":43523132815,"event":"compute_begin","token":1,"layer":18,"expert":14}
{"schema_version":1,"ts_ns":43770954122,"event":"compute_end","token":1,"layer":18,"expert":14,"duration_ns":247818308}
{"schema_version":1,"ts_ns":43770970468,"event":"route","token":1,"layer":18,"expert":1}
{"schema_version":1,"ts_ns":43774694468,"event":"cache_miss","token":1,"layer":18,"expert":1,"cache_hit":false}
{"schema_version":1,"ts_ns":43774702276,"event":"read_end","token":1,"layer":18,"expert":1,"bytes":13236480,"duration_ns":10963808}
{"schema_version":1,"ts_ns":43774705507,"event":"prefetch_end","token":1,"layer":18,"expert":1,"bytes":13236480,"duration_ns":10963808}
{"schema_version":1,"ts_ns":43774709122,"event":"prefetch_wait_end","token":1,"layer":18,"expert":1,"duration_ns":961}
{"schema_version":1,"ts_ns":43774724661,"event":"prefetch_begin","token":1,"layer":18,"expert":26,"bytes":13236480}
{"schema_version":1,"ts_ns":43774728391,"event":"read_begin","token":1,"layer":18,"expert":26,"bytes":13236480}
{"schema_version":1,"ts_ns":43774732699,"event":"compute_begin","token":1,"layer":18,"expert":1}
{"schema_version":1,"ts_ns":44022431237,"event":"compute_end","token":1,"layer":18,"expert":1,"duration_ns":247695538}
{"schema_version":1,"ts_ns":44022446737,"event":"route","token":1,"layer":18,"expert":26}
{"schema_version":1,"ts_ns":44026004776,"event":"cache_miss","token":1,"layer":18,"expert":26,"cache_hit":false}
{"schema_version":1,"ts_ns":44026012507,"event":"read_end","token":1,"layer":18,"expert":26,"bytes":13236480,"duration_ns":10737039}
{"schema_version":1,"ts_ns":44026015891,"event":"prefetch_end","token":1,"layer":18,"expert":26,"bytes":13236480,"duration_ns":10737039}
{"schema_version":1,"ts_ns":44026019007,"event":"prefetch_wait_end","token":1,"layer":18,"expert":26,"duration_ns":961}
{"schema_version":1,"ts_ns":44026035276,"event":"prefetch_begin","token":1,"layer":18,"expert":7,"bytes":13236480}
{"schema_version":1,"ts_ns":44026038930,"event":"read_begin","token":1,"layer":18,"expert":7,"bytes":13236480}
{"schema_version":1,"ts_ns":44026042968,"event":"compute_begin","token":1,"layer":18,"expert":26}
{"schema_version":1,"ts_ns":44273648737,"event":"compute_end","token":1,"layer":18,"expert":26,"duration_ns":247603230}
{"schema_version":1,"ts_ns":44273727468,"event":"route","token":1,"layer":18,"expert":7}
{"schema_version":1,"ts_ns":44277484468,"event":"cache_miss","token":1,"layer":18,"expert":7,"cache_hit":false}
{"schema_version":1,"ts_ns":44277494122,"event":"read_end","token":1,"layer":18,"expert":7,"bytes":13236480,"duration_ns":13586423}
{"schema_version":1,"ts_ns":44277498276,"event":"prefetch_end","token":1,"layer":18,"expert":7,"bytes":13236480,"duration_ns":13586423}
{"schema_version":1,"ts_ns":44277501314,"event":"prefetch_wait_end","token":1,"layer":18,"expert":7,"duration_ns":1154}
{"schema_version":1,"ts_ns":44277507468,"event":"compute_begin","token":1,"layer":18,"expert":7}
{"schema_version":1,"ts_ns":44525177506,"event":"compute_end","token":1,"layer":18,"expert":7,"duration_ns":247667807}
{"schema_version":1,"ts_ns":44525195468,"event":"layer_end","layer":18}
{"schema_version":1,"ts_ns":44525206429,"event":"decoder_layer_end","layer":18}
{"schema_version":1,"ts_ns":44525220314,"event":"decoder_layer_begin","layer":19}
{"schema_version":1,"ts_ns":44788308352,"event":"attention_end","layer":19,"bytes":40960}
{"schema_version":1,"ts_ns":44793456044,"event":"layer_begin","layer":19}
{"schema_version":1,"ts_ns":44793471737,"event":"route","token":0,"layer":19,"expert":6}
{"schema_version":1,"ts_ns":44793477544,"event":"read_begin","token":0,"layer":19,"expert":6,"bytes":13236480}
{"schema_version":1,"ts_ns":44826628891,"event":"cache_miss","token":0,"layer":19,"expert":6,"cache_hit":false}
{"schema_version":1,"ts_ns":44826643468,"event":"read_end","token":0,"layer":19,"expert":6,"bytes":13236480,"duration_ns":33150231}
{"schema_version":1,"ts_ns":44826728737,"event":"prefetch_begin","token":0,"layer":19,"expert":22,"bytes":13236480}
{"schema_version":1,"ts_ns":44826732468,"event":"read_begin","token":0,"layer":19,"expert":22,"bytes":13236480}
{"schema_version":1,"ts_ns":44826738006,"event":"compute_begin","token":0,"layer":19,"expert":6}
{"schema_version":1,"ts_ns":45077119544,"event":"compute_end","token":0,"layer":19,"expert":6,"duration_ns":250370693}
{"schema_version":1,"ts_ns":45077166583,"event":"route","token":0,"layer":19,"expert":22}
{"schema_version":1,"ts_ns":45081107237,"event":"cache_miss","token":0,"layer":19,"expert":22,"cache_hit":false}
{"schema_version":1,"ts_ns":45081114890,"event":"read_end","token":0,"layer":19,"expert":22,"bytes":13236480,"duration_ns":42891731}
{"schema_version":1,"ts_ns":45081118121,"event":"prefetch_end","token":0,"layer":19,"expert":22,"bytes":13236480,"duration_ns":42891731}
{"schema_version":1,"ts_ns":45081121237,"event":"prefetch_wait_end","token":0,"layer":19,"expert":22,"duration_ns":3038}
{"schema_version":1,"ts_ns":45081137660,"event":"prefetch_begin","token":0,"layer":19,"expert":3,"bytes":13236480}
{"schema_version":1,"ts_ns":45081140890,"event":"read_begin","token":0,"layer":19,"expert":3,"bytes":13236480}
{"schema_version":1,"ts_ns":45081145160,"event":"compute_begin","token":0,"layer":19,"expert":22}
{"schema_version":1,"ts_ns":45328852890,"event":"compute_end","token":0,"layer":19,"expert":22,"duration_ns":247701230}
{"schema_version":1,"ts_ns":45328890352,"event":"route","token":0,"layer":19,"expert":3}
{"schema_version":1,"ts_ns":45333880313,"event":"cache_miss","token":0,"layer":19,"expert":3,"cache_hit":false}
{"schema_version":1,"ts_ns":45333886929,"event":"read_end","token":0,"layer":19,"expert":3,"bytes":13236480,"duration_ns":85776307}
{"schema_version":1,"ts_ns":45333889967,"event":"prefetch_end","token":0,"layer":19,"expert":3,"bytes":13236480,"duration_ns":85776307}
{"schema_version":1,"ts_ns":45333892890,"event":"prefetch_wait_end","token":0,"layer":19,"expert":3,"duration_ns":2231}
{"schema_version":1,"ts_ns":45333907390,"event":"prefetch_begin","token":0,"layer":19,"expert":4,"bytes":13236480}
{"schema_version":1,"ts_ns":45333910852,"event":"read_begin","token":0,"layer":19,"expert":4,"bytes":13236480}
{"schema_version":1,"ts_ns":45333914890,"event":"compute_begin","token":0,"layer":19,"expert":3}
{"schema_version":1,"ts_ns":45581586467,"event":"compute_end","token":0,"layer":19,"expert":3,"duration_ns":247665000}
{"schema_version":1,"ts_ns":45581837890,"event":"route","token":0,"layer":19,"expert":4}
{"schema_version":1,"ts_ns":45586998967,"event":"cache_miss","token":0,"layer":19,"expert":4,"cache_hit":false}
{"schema_version":1,"ts_ns":45587006313,"event":"read_end","token":0,"layer":19,"expert":4,"bytes":13236480,"duration_ns":85465230}
{"schema_version":1,"ts_ns":45587009467,"event":"prefetch_end","token":0,"layer":19,"expert":4,"bytes":13236480,"duration_ns":85465230}
{"schema_version":1,"ts_ns":45587012582,"event":"prefetch_wait_end","token":0,"layer":19,"expert":4,"duration_ns":1077}
{"schema_version":1,"ts_ns":45587018044,"event":"compute_begin","token":0,"layer":19,"expert":4}
{"schema_version":1,"ts_ns":45834795505,"event":"compute_end","token":0,"layer":19,"expert":4,"duration_ns":247771461}
{"schema_version":1,"ts_ns":45834832044,"event":"route","token":1,"layer":19,"expert":6}
{"schema_version":1,"ts_ns":45834839851,"event":"read_begin","token":1,"layer":19,"expert":6,"bytes":13236480}
{"schema_version":1,"ts_ns":45842814159,"event":"cache_miss","token":1,"layer":19,"expert":6,"cache_hit":false}
{"schema_version":1,"ts_ns":45842821467,"event":"read_end","token":1,"layer":19,"expert":6,"bytes":13236480,"duration_ns":7975231}
{"schema_version":1,"ts_ns":45842830544,"event":"compute_begin","token":1,"layer":19,"expert":6}
{"schema_version":1,"ts_ns":46090590390,"event":"compute_end","token":1,"layer":19,"expert":6,"duration_ns":247756808}
{"schema_version":1,"ts_ns":46090606428,"event":"route","token":1,"layer":19,"expert":4}
{"schema_version":1,"ts_ns":46090614274,"event":"cache_hit","token":1,"layer":19,"expert":4,"cache_hit":true}
{"schema_version":1,"ts_ns":46090630467,"event":"prefetch_begin","token":1,"layer":19,"expert":13,"bytes":13236480}
{"schema_version":1,"ts_ns":46090634044,"event":"read_begin","token":1,"layer":19,"expert":13,"bytes":13236480}
{"schema_version":1,"ts_ns":46090637005,"event":"compute_begin","token":1,"layer":19,"expert":4}
{"schema_version":1,"ts_ns":46338457313,"event":"compute_end","token":1,"layer":19,"expert":4,"duration_ns":247817346}
{"schema_version":1,"ts_ns":46338471890,"event":"route","token":1,"layer":19,"expert":13}
{"schema_version":1,"ts_ns":46345076428,"event":"cache_miss","token":1,"layer":19,"expert":13,"cache_hit":false}
{"schema_version":1,"ts_ns":46345084197,"event":"read_end","token":1,"layer":19,"expert":13,"bytes":13236480,"duration_ns":92146538}
{"schema_version":1,"ts_ns":46345087582,"event":"prefetch_end","token":1,"layer":19,"expert":13,"bytes":13236480,"duration_ns":92146538}
{"schema_version":1,"ts_ns":46345090890,"event":"prefetch_wait_end","token":1,"layer":19,"expert":13,"duration_ns":1692}
{"schema_version":1,"ts_ns":46345107005,"event":"prefetch_begin","token":1,"layer":19,"expert":9,"bytes":13236480}
{"schema_version":1,"ts_ns":46345110351,"event":"read_begin","token":1,"layer":19,"expert":9,"bytes":13236480}
{"schema_version":1,"ts_ns":46345114582,"event":"compute_begin","token":1,"layer":19,"expert":13}
{"schema_version":1,"ts_ns":46592841235,"event":"compute_end","token":1,"layer":19,"expert":13,"duration_ns":247724193}
{"schema_version":1,"ts_ns":46592858197,"event":"route","token":1,"layer":19,"expert":9}
{"schema_version":1,"ts_ns":46599573312,"event":"cache_miss","token":1,"layer":19,"expert":9,"cache_hit":false}
{"schema_version":1,"ts_ns":46599594928,"event":"read_end","token":1,"layer":19,"expert":9,"bytes":13236480,"duration_ns":92632807}
{"schema_version":1,"ts_ns":46599599159,"event":"prefetch_end","token":1,"layer":19,"expert":9,"bytes":13236480,"duration_ns":92632807}
{"schema_version":1,"ts_ns":46599602582,"event":"prefetch_wait_end","token":1,"layer":19,"expert":9,"duration_ns":1462}
{"schema_version":1,"ts_ns":46599610735,"event":"compute_begin","token":1,"layer":19,"expert":9}
{"schema_version":1,"ts_ns":46847397428,"event":"compute_end","token":1,"layer":19,"expert":9,"duration_ns":247783346}
{"schema_version":1,"ts_ns":46847415774,"event":"layer_end","layer":19}
{"schema_version":1,"ts_ns":46847494697,"event":"decoder_layer_end","layer":19}
{"schema_version":1,"ts_ns":46847504966,"event":"decoder_layer_begin","layer":20}
{"schema_version":1,"ts_ns":47283099658,"event":"attention_end","layer":20,"bytes":40960}
{"schema_version":1,"ts_ns":47287871889,"event":"layer_begin","layer":20}
{"schema_version":1,"ts_ns":47287888697,"event":"route","token":0,"layer":20,"expert":5}
{"schema_version":1,"ts_ns":47287893773,"event":"read_begin","token":0,"layer":20,"expert":5,"bytes":13236480}
{"schema_version":1,"ts_ns":47339362812,"event":"cache_miss","token":0,"layer":20,"expert":5,"cache_hit":false}
{"schema_version":1,"ts_ns":47339384427,"event":"read_end","token":0,"layer":20,"expert":5,"bytes":13236480,"duration_ns":51466384}
{"schema_version":1,"ts_ns":47339468312,"event":"prefetch_begin","token":0,"layer":20,"expert":26,"bytes":13236480}
{"schema_version":1,"ts_ns":47339472812,"event":"read_begin","token":0,"layer":20,"expert":26,"bytes":13236480}
{"schema_version":1,"ts_ns":47339477504,"event":"compute_begin","token":0,"layer":20,"expert":5}
{"schema_version":1,"ts_ns":47588540927,"event":"compute_end","token":0,"layer":20,"expert":5,"duration_ns":249059615}
{"schema_version":1,"ts_ns":47588575966,"event":"route","token":0,"layer":20,"expert":26}
{"schema_version":1,"ts_ns":47595066927,"event":"cache_miss","token":0,"layer":20,"expert":26,"cache_hit":false}
{"schema_version":1,"ts_ns":47595074966,"event":"read_end","token":0,"layer":20,"expert":26,"bytes":13236480,"duration_ns":72492539}
{"schema_version":1,"ts_ns":47595078735,"event":"prefetch_end","token":0,"layer":20,"expert":26,"bytes":13236480,"duration_ns":72492539}
{"schema_version":1,"ts_ns":47595081735,"event":"prefetch_wait_end","token":0,"layer":20,"expert":26,"duration_ns":2270}
{"schema_version":1,"ts_ns":47595102619,"event":"prefetch_begin","token":0,"layer":20,"expert":22,"bytes":13236480}
{"schema_version":1,"ts_ns":47595106042,"event":"read_begin","token":0,"layer":20,"expert":22,"bytes":13236480}
{"schema_version":1,"ts_ns":47595110004,"event":"compute_begin","token":0,"layer":20,"expert":26}
{"schema_version":1,"ts_ns":47842922619,"event":"compute_end","token":0,"layer":20,"expert":26,"duration_ns":247809730}
{"schema_version":1,"ts_ns":47842941427,"event":"route","token":0,"layer":20,"expert":22}
{"schema_version":1,"ts_ns":47849481312,"event":"cache_miss","token":0,"layer":20,"expert":22,"cache_hit":false}
{"schema_version":1,"ts_ns":47849504081,"event":"read_end","token":0,"layer":20,"expert":22,"bytes":13236480,"duration_ns":85492077}
{"schema_version":1,"ts_ns":47849508004,"event":"prefetch_end","token":0,"layer":20,"expert":22,"bytes":13236480,"duration_ns":85492077}
{"schema_version":1,"ts_ns":47849512119,"event":"prefetch_wait_end","token":0,"layer":20,"expert":22,"duration_ns":1192}
{"schema_version":1,"ts_ns":47849567619,"event":"prefetch_begin","token":0,"layer":20,"expert":15,"bytes":13236480}
{"schema_version":1,"ts_ns":47849575850,"event":"read_begin","token":0,"layer":20,"expert":15,"bytes":13236480}
{"schema_version":1,"ts_ns":47849581735,"event":"compute_begin","token":0,"layer":20,"expert":22}
{"schema_version":1,"ts_ns":48102420542,"event":"compute_end","token":0,"layer":20,"expert":22,"duration_ns":252835538}
{"schema_version":1,"ts_ns":48102441850,"event":"route","token":0,"layer":20,"expert":15}
{"schema_version":1,"ts_ns":48105947311,"event":"cache_miss","token":0,"layer":20,"expert":15,"cache_hit":false}
{"schema_version":1,"ts_ns":48105956004,"event":"read_end","token":0,"layer":20,"expert":15,"bytes":13236480,"duration_ns":70402730}
{"schema_version":1,"ts_ns":48105960427,"event":"prefetch_end","token":0,"layer":20,"expert":15,"bytes":13236480,"duration_ns":70402730}
{"schema_version":1,"ts_ns":48105963965,"event":"prefetch_wait_end","token":0,"layer":20,"expert":15,"duration_ns":923}
{"schema_version":1,"ts_ns":48105969619,"event":"compute_begin","token":0,"layer":20,"expert":15}
{"schema_version":1,"ts_ns":48353656119,"event":"compute_end","token":0,"layer":20,"expert":15,"duration_ns":247684038}
{"schema_version":1,"ts_ns":48353754696,"event":"route","token":1,"layer":20,"expert":5}
{"schema_version":1,"ts_ns":48353763427,"event":"read_begin","token":1,"layer":20,"expert":5,"bytes":13236480}
{"schema_version":1,"ts_ns":48359985927,"event":"cache_miss","token":1,"layer":20,"expert":5,"cache_hit":false}
{"schema_version":1,"ts_ns":48359993273,"event":"read_end","token":1,"layer":20,"expert":5,"bytes":13236480,"duration_ns":6222462}
{"schema_version":1,"ts_ns":48360018273,"event":"prefetch_begin","token":1,"layer":20,"expert":26,"bytes":13236480}
{"schema_version":1,"ts_ns":48360022580,"event":"read_begin","token":1,"layer":20,"expert":26,"bytes":13236480}
{"schema_version":1,"ts_ns":48360026619,"event":"compute_begin","token":1,"layer":20,"expert":5}
{"schema_version":1,"ts_ns":48607821734,"event":"compute_end","token":1,"layer":20,"expert":5,"duration_ns":247791731}
{"schema_version":1,"ts_ns":48607838849,"event":"route","token":1,"layer":20,"expert":26}
{"schema_version":1,"ts_ns":48611450696,"event":"cache_miss","token":1,"layer":20,"expert":26,"cache_hit":false}
{"schema_version":1,"ts_ns":48611457657,"event":"read_end","token":1,"layer":20,"expert":26,"bytes":13236480,"duration_ns":13725154}
{"schema_version":1,"ts_ns":48611461734,"event":"prefetch_end","token":1,"layer":20,"expert":26,"bytes":13236480,"duration_ns":13725154}
{"schema_version":1,"ts_ns":48611465273,"event":"prefetch_wait_end","token":1,"layer":20,"expert":26,"duration_ns":577}
{"schema_version":1,"ts_ns":48611484080,"event":"prefetch_begin","token":1,"layer":20,"expert":8,"bytes":13236480}
{"schema_version":1,"ts_ns":48611488080,"event":"read_begin","token":1,"layer":20,"expert":8,"bytes":13236480}
{"schema_version":1,"ts_ns":48611492157,"event":"compute_begin","token":1,"layer":20,"expert":26}
{"schema_version":1,"ts_ns":48859422772,"event":"compute_end","token":1,"layer":20,"expert":26,"duration_ns":247928077}
{"schema_version":1,"ts_ns":48859441003,"event":"route","token":1,"layer":20,"expert":8}
{"schema_version":1,"ts_ns":48862803695,"event":"cache_miss","token":1,"layer":20,"expert":8,"cache_hit":false}
{"schema_version":1,"ts_ns":48862810234,"event":"read_end","token":1,"layer":20,"expert":8,"bytes":13236480,"duration_ns":83113038}
{"schema_version":1,"ts_ns":48862814042,"event":"prefetch_end","token":1,"layer":20,"expert":8,"bytes":13236480,"duration_ns":83113038}
{"schema_version":1,"ts_ns":48862817080,"event":"prefetch_wait_end","token":1,"layer":20,"expert":8,"duration_ns":1577}
{"schema_version":1,"ts_ns":48862835849,"event":"prefetch_begin","token":1,"layer":20,"expert":12,"bytes":13236480}
{"schema_version":1,"ts_ns":48862840734,"event":"read_begin","token":1,"layer":20,"expert":12,"bytes":13236480}
{"schema_version":1,"ts_ns":48862846003,"event":"compute_begin","token":1,"layer":20,"expert":8}
{"schema_version":1,"ts_ns":49112602003,"event":"compute_end","token":1,"layer":20,"expert":8,"duration_ns":249752423}
{"schema_version":1,"ts_ns":49112624580,"event":"route","token":1,"layer":20,"expert":12}
{"schema_version":1,"ts_ns":49116531541,"event":"cache_miss","token":1,"layer":20,"expert":12,"cache_hit":false}
{"schema_version":1,"ts_ns":49116539157,"event":"read_end","token":1,"layer":20,"expert":12,"bytes":13236480,"duration_ns":82384693}
{"schema_version":1,"ts_ns":49116542464,"event":"prefetch_end","token":1,"layer":20,"expert":12,"bytes":13236480,"duration_ns":82384693}
{"schema_version":1,"ts_ns":49116545541,"event":"prefetch_wait_end","token":1,"layer":20,"expert":12,"duration_ns":1500}
{"schema_version":1,"ts_ns":49116550926,"event":"compute_begin","token":1,"layer":20,"expert":12}
{"schema_version":1,"ts_ns":49364284964,"event":"compute_end","token":1,"layer":20,"expert":12,"duration_ns":247730653}
{"schema_version":1,"ts_ns":49364304503,"event":"layer_end","layer":20}
{"schema_version":1,"ts_ns":49364315003,"event":"decoder_layer_end","layer":20}
{"schema_version":1,"ts_ns":49364325349,"event":"decoder_layer_begin","layer":21}
{"schema_version":1,"ts_ns":49830472425,"event":"attention_end","layer":21,"bytes":40960}
{"schema_version":1,"ts_ns":49835554310,"event":"layer_begin","layer":21}
{"schema_version":1,"ts_ns":49835564387,"event":"route","token":0,"layer":21,"expert":11}
{"schema_version":1,"ts_ns":49835933425,"event":"read_begin","token":0,"layer":21,"expert":11,"bytes":13236480}
{"schema_version":1,"ts_ns":49888744195,"event":"cache_miss","token":0,"layer":21,"expert":11,"cache_hit":false}
{"schema_version":1,"ts_ns":49888758118,"event":"read_end","token":0,"layer":21,"expert":11,"bytes":13236480,"duration_ns":53173731}
{"schema_version":1,"ts_ns":49888777656,"event":"prefetch_begin","token":0,"layer":21,"expert":4,"bytes":13236480}
{"schema_version":1,"ts_ns":49888780502,"event":"read_begin","token":0,"layer":21,"expert":4,"bytes":13236480}
{"schema_version":1,"ts_ns":49888784772,"event":"compute_begin","token":0,"layer":21,"expert":11}
{"schema_version":1,"ts_ns":50145468925,"event":"compute_end","token":0,"layer":21,"expert":11,"duration_ns":256680807}
{"schema_version":1,"ts_ns":50145488041,"event":"route","token":0,"layer":21,"expert":4}
{"schema_version":1,"ts_ns":50148924156,"event":"cache_miss","token":0,"layer":21,"expert":4,"cache_hit":false}
{"schema_version":1,"ts_ns":50148931502,"event":"read_end","token":0,"layer":21,"expert":4,"bytes":13236480,"duration_ns":75155769}
{"schema_version":1,"ts_ns":50148936233,"event":"prefetch_end","token":0,"layer":21,"expert":4,"bytes":13236480,"duration_ns":75155769}
{"schema_version":1,"ts_ns":50148939771,"event":"prefetch_wait_end","token":0,"layer":21,"expert":4,"duration_ns":923}
{"schema_version":1,"ts_ns":50149029771,"event":"prefetch_begin","token":0,"layer":21,"expert":20,"bytes":13236480}
{"schema_version":1,"ts_ns":50149035348,"event":"read_begin","token":0,"layer":21,"expert":20,"bytes":13236480}
{"schema_version":1,"ts_ns":50149039579,"event":"compute_begin","token":0,"layer":21,"expert":4}
{"schema_version":1,"ts_ns":50397117887,"event":"compute_end","token":0,"layer":21,"expert":4,"duration_ns":248074769}
{"schema_version":1,"ts_ns":50397138271,"event":"route","token":0,"layer":21,"expert":20}
{"schema_version":1,"ts_ns":50400652848,"event":"cache_miss","token":0,"layer":21,"expert":20,"cache_hit":false}
{"schema_version":1,"ts_ns":50400660117,"event":"read_end","token":0,"layer":21,"expert":20,"bytes":13236480,"duration_ns":76267192}
{"schema_version":1,"ts_ns":50400663579,"event":"prefetch_end","token":0,"layer":21,"expert":20,"bytes":13236480,"duration_ns":76267192}
{"schema_version":1,"ts_ns":50400666771,"event":"prefetch_wait_end","token":0,"layer":21,"expert":20,"duration_ns":962}
{"schema_version":1,"ts_ns":50400692810,"event":"prefetch_begin","token":0,"layer":21,"expert":26,"bytes":13236480}
{"schema_version":1,"ts_ns":50400696964,"event":"read_begin","token":0,"layer":21,"expert":26,"bytes":13236480}
{"schema_version":1,"ts_ns":50400701233,"event":"compute_begin","token":0,"layer":21,"expert":20}
{"schema_version":1,"ts_ns":50648483156,"event":"compute_end","token":0,"layer":21,"expert":20,"duration_ns":247778731}
{"schema_version":1,"ts_ns":50648498810,"event":"route","token":0,"layer":21,"expert":26}
{"schema_version":1,"ts_ns":50651962463,"event":"cache_miss","token":0,"layer":21,"expert":26,"cache_hit":false}
{"schema_version":1,"ts_ns":50651969386,"event":"read_end","token":0,"layer":21,"expert":26,"bytes":13236480,"duration_ns":88474808}
{"schema_version":1,"ts_ns":50651972617,"event":"prefetch_end","token":0,"layer":21,"expert":26,"bytes":13236480,"duration_ns":88474808}
{"schema_version":1,"ts_ns":50651975771,"event":"prefetch_wait_end","token":0,"layer":21,"expert":26,"duration_ns":731}
{"schema_version":1,"ts_ns":50651981040,"event":"compute_begin","token":0,"layer":21,"expert":26}
{"schema_version":1,"ts_ns":50899699886,"event":"compute_end","token":0,"layer":21,"expert":26,"duration_ns":247712000}
{"schema_version":1,"ts_ns":50899743348,"event":"route","token":1,"layer":21,"expert":4}
{"schema_version":1,"ts_ns":50899752271,"event":"cache_hit","token":1,"layer":21,"expert":4,"cache_hit":true}
{"schema_version":1,"ts_ns":50899770348,"event":"prefetch_begin","token":1,"layer":21,"expert":9,"bytes":13236480}
{"schema_version":1,"ts_ns":50899840194,"event":"read_begin","token":1,"layer":21,"expert":9,"bytes":13236480}
{"schema_version":1,"ts_ns":50899843425,"event":"compute_begin","token":1,"layer":21,"expert":4}
{"schema_version":1,"ts_ns":51150414271,"event":"compute_end","token":1,"layer":21,"expert":4,"duration_ns":250567308}
{"schema_version":1,"ts_ns":51150435463,"event":"route","token":1,"layer":21,"expert":9}
{"schema_version":1,"ts_ns":51153936001,"event":"cache_miss","token":1,"layer":21,"expert":9,"cache_hit":false}
{"schema_version":1,"ts_ns":51153944271,"event":"read_end","token":1,"layer":21,"expert":9,"bytes":13236480,"duration_ns":57979654}
{"schema_version":1,"ts_ns":51153948309,"event":"prefetch_end","token":1,"layer":21,"expert":9,"bytes":13236480,"duration_ns":57979654}
{"schema_version":1,"ts_ns":51153951386,"event":"prefetch_wait_end","token":1,"layer":21,"expert":9,"duration_ns":1000}
{"schema_version":1,"ts_ns":51153970155,"event":"prefetch_begin","token":1,"layer":21,"expert":6,"bytes":13236480}
{"schema_version":1,"ts_ns":51153974232,"event":"read_begin","token":1,"layer":21,"expert":6,"bytes":13236480}
{"schema_version":1,"ts_ns":51153978617,"event":"compute_begin","token":1,"layer":21,"expert":9}
{"schema_version":1,"ts_ns":51401681424,"event":"compute_end","token":1,"layer":21,"expert":9,"duration_ns":247700692}
{"schema_version":1,"ts_ns":51401697463,"event":"route","token":1,"layer":21,"expert":6}
{"schema_version":1,"ts_ns":51405526847,"event":"cache_miss","token":1,"layer":21,"expert":6,"cache_hit":false}
{"schema_version":1,"ts_ns":51405534501,"event":"read_end","token":1,"layer":21,"expert":6,"bytes":13236480,"duration_ns":86745308}
{"schema_version":1,"ts_ns":51405538117,"event":"prefetch_end","token":1,"layer":21,"expert":6,"bytes":13236480,"duration_ns":86745308}
{"schema_version":1,"ts_ns":51405541309,"event":"prefetch_wait_end","token":1,"layer":21,"expert":6,"duration_ns":693}
{"schema_version":1,"ts_ns":51405558655,"event":"prefetch_begin","token":1,"layer":21,"expert":16,"bytes":13236480}
{"schema_version":1,"ts_ns":51405563194,"event":"read_begin","token":1,"layer":21,"expert":16,"bytes":13236480}
{"schema_version":1,"ts_ns":51405567655,"event":"compute_begin","token":1,"layer":21,"expert":6}
{"schema_version":1,"ts_ns":51658173309,"event":"compute_end","token":1,"layer":21,"expert":6,"duration_ns":252601576}
{"schema_version":1,"ts_ns":51658198847,"event":"route","token":1,"layer":21,"expert":16}
{"schema_version":1,"ts_ns":51661722963,"event":"cache_miss","token":1,"layer":21,"expert":16,"cache_hit":false}
{"schema_version":1,"ts_ns":51661734347,"event":"read_end","token":1,"layer":21,"expert":16,"bytes":13236480,"duration_ns":70225615}
{"schema_version":1,"ts_ns":51661738809,"event":"prefetch_end","token":1,"layer":21,"expert":16,"bytes":13236480,"duration_ns":70225615}
{"schema_version":1,"ts_ns":51661741963,"event":"prefetch_wait_end","token":1,"layer":21,"expert":16,"duration_ns":1076}
{"schema_version":1,"ts_ns":51661747963,"event":"compute_begin","token":1,"layer":21,"expert":16}
{"schema_version":1,"ts_ns":51909365924,"event":"compute_end","token":1,"layer":21,"expert":16,"duration_ns":247615423}
{"schema_version":1,"ts_ns":51909382347,"event":"layer_end","layer":21}
{"schema_version":1,"ts_ns":51909392655,"event":"decoder_layer_end","layer":21}
{"schema_version":1,"ts_ns":51909402924,"event":"decoder_layer_begin","layer":22}
{"schema_version":1,"ts_ns":52502122847,"event":"attention_end","layer":22,"bytes":40960}
{"schema_version":1,"ts_ns":52506744039,"event":"layer_begin","layer":22}
{"schema_version":1,"ts_ns":52506760924,"event":"route","token":0,"layer":22,"expert":27}
{"schema_version":1,"ts_ns":52506766000,"event":"read_begin","token":0,"layer":22,"expert":27,"bytes":13236480}
{"schema_version":1,"ts_ns":52545421731,"event":"cache_miss","token":0,"layer":22,"expert":27,"cache_hit":false}
{"schema_version":1,"ts_ns":52545431308,"event":"read_end","token":0,"layer":22,"expert":27,"bytes":13236480,"duration_ns":38654808}
{"schema_version":1,"ts_ns":52545494424,"event":"prefetch_begin","token":0,"layer":22,"expert":13,"bytes":13236480}
{"schema_version":1,"ts_ns":52545497731,"event":"read_begin","token":0,"layer":22,"expert":13,"bytes":13236480}
{"schema_version":1,"ts_ns":52545502077,"event":"compute_begin","token":0,"layer":22,"expert":27}
{"schema_version":1,"ts_ns":52793411539,"event":"compute_end","token":0,"layer":22,"expert":27,"duration_ns":247906115}
{"schema_version":1,"ts_ns":52793430462,"event":"route","token":0,"layer":22,"expert":13}
{"schema_version":1,"ts_ns":52800028116,"event":"cache_miss","token":0,"layer":22,"expert":13,"cache_hit":false}
{"schema_version":1,"ts_ns":52800046616,"event":"read_end","token":0,"layer":22,"expert":13,"bytes":13236480,"duration_ns":52392269}
{"schema_version":1,"ts_ns":52800050693,"event":"prefetch_end","token":0,"layer":22,"expert":13,"bytes":13236480,"duration_ns":52392269}
{"schema_version":1,"ts_ns":52800054577,"event":"prefetch_wait_end","token":0,"layer":22,"expert":13,"duration_ns":1731}
{"schema_version":1,"ts_ns":52800088693,"event":"prefetch_begin","token":0,"layer":22,"expert":20,"bytes":13236480}
{"schema_version":1,"ts_ns":52800096616,"event":"read_begin","token":0,"layer":22,"expert":20,"bytes":13236480}
{"schema_version":1,"ts_ns":52800102000,"event":"compute_begin","token":0,"layer":22,"expert":13}
{"schema_version":1,"ts_ns":53048556500,"event":"compute_end","token":0,"layer":22,"expert":13,"duration_ns":248451307}
{"schema_version":1,"ts_ns":53048574769,"event":"route","token":0,"layer":22,"expert":20}
{"schema_version":1,"ts_ns":53052821308,"event":"cache_miss","token":0,"layer":22,"expert":20,"cache_hit":false}
{"schema_version":1,"ts_ns":53052842039,"event":"read_end","token":0,"layer":22,"expert":20,"bytes":13236480,"duration_ns":57938770}
{"schema_version":1,"ts_ns":53052846077,"event":"prefetch_end","token":0,"layer":22,"expert":20,"bytes":13236480,"duration_ns":57938770}
{"schema_version":1,"ts_ns":53052849423,"event":"prefetch_wait_end","token":0,"layer":22,"expert":20,"duration_ns":1846}
{"schema_version":1,"ts_ns":53052896462,"event":"prefetch_begin","token":0,"layer":22,"expert":23,"bytes":13236480}
{"schema_version":1,"ts_ns":53052904846,"event":"read_begin","token":0,"layer":22,"expert":23,"bytes":13236480}
{"schema_version":1,"ts_ns":53052909769,"event":"compute_begin","token":0,"layer":22,"expert":20}
{"schema_version":1,"ts_ns":53302650808,"event":"compute_end","token":0,"layer":22,"expert":20,"duration_ns":249737039}
{"schema_version":1,"ts_ns":53302674346,"event":"route","token":0,"layer":22,"expert":23}
{"schema_version":1,"ts_ns":53308299654,"event":"cache_miss","token":0,"layer":22,"expert":23,"cache_hit":false}
{"schema_version":1,"ts_ns":53308322923,"event":"read_end","token":0,"layer":22,"expert":23,"bytes":13236480,"duration_ns":62307269}
{"schema_version":1,"ts_ns":53308326615,"event":"prefetch_end","token":0,"layer":22,"expert":23,"bytes":13236480,"duration_ns":62307269}
{"schema_version":1,"ts_ns":53308329923,"event":"prefetch_wait_end","token":0,"layer":22,"expert":23,"duration_ns":1576}
{"schema_version":1,"ts_ns":53308339461,"event":"compute_begin","token":0,"layer":22,"expert":23}
{"schema_version":1,"ts_ns":53556096538,"event":"compute_end","token":0,"layer":22,"expert":23,"duration_ns":247753884}
{"schema_version":1,"ts_ns":53556119884,"event":"route","token":1,"layer":22,"expert":13}
{"schema_version":1,"ts_ns":53556128384,"event":"cache_hit","token":1,"layer":22,"expert":13,"cache_hit":true}
{"schema_version":1,"ts_ns":53556156384,"event":"prefetch_begin","token":1,"layer":22,"expert":27,"bytes":13236480}
{"schema_version":1,"ts_ns":53556160077,"event":"read_begin","token":1,"layer":22,"expert":27,"bytes":13236480}
{"schema_version":1,"ts_ns":53556164769,"event":"compute_begin","token":1,"layer":22,"expert":13}
{"schema_version":1,"ts_ns":53804018307,"event":"compute_end","token":1,"layer":22,"expert":13,"duration_ns":247848769}
{"schema_version":1,"ts_ns":53804046923,"event":"route","token":1,"layer":22,"expert":27}
{"schema_version":1,"ts_ns":53810357807,"event":"cache_miss","token":1,"layer":22,"expert":27,"cache_hit":false}
{"schema_version":1,"ts_ns":53810383884,"event":"read_end","token":1,"layer":22,"expert":27,"bytes":13236480,"duration_ns":14701154}
{"schema_version":1,"ts_ns":53810387653,"event":"prefetch_end","token":1,"layer":22,"expert":27,"bytes":13236480,"duration_ns":14701154}
{"schema_version":1,"ts_ns":53810391230,"event":"prefetch_wait_end","token":1,"layer":22,"expert":27,"duration_ns":1192}
{"schema_version":1,"ts_ns":53810429269,"event":"prefetch_begin","token":1,"layer":22,"expert":20,"bytes":13236480}
{"schema_version":1,"ts_ns":53810434115,"event":"read_begin","token":1,"layer":22,"expert":20,"bytes":13236480}
{"schema_version":1,"ts_ns":53810439807,"event":"compute_begin","token":1,"layer":22,"expert":27}
{"schema_version":1,"ts_ns":54058305192,"event":"compute_end","token":1,"layer":22,"expert":27,"duration_ns":247862500}
{"schema_version":1,"ts_ns":54058322153,"event":"route","token":1,"layer":22,"expert":20}
{"schema_version":1,"ts_ns":54064618999,"event":"cache_miss","token":1,"layer":22,"expert":20,"cache_hit":false}
{"schema_version":1,"ts_ns":54064641999,"event":"read_end","token":1,"layer":22,"expert":20,"bytes":13236480,"duration_ns":14899270}
{"schema_version":1,"ts_ns":54064646115,"event":"prefetch_end","token":1,"layer":22,"expert":20,"bytes":13236480,"duration_ns":14899270}
{"schema_version":1,"ts_ns":54064649576,"event":"prefetch_wait_end","token":1,"layer":22,"expert":20,"duration_ns":1693}
{"schema_version":1,"ts_ns":54064684961,"event":"prefetch_begin","token":1,"layer":22,"expert":1,"bytes":13236480}
{"schema_version":1,"ts_ns":54064692192,"event":"read_begin","token":1,"layer":22,"expert":1,"bytes":13236480}
{"schema_version":1,"ts_ns":54064697230,"event":"compute_begin","token":1,"layer":22,"expert":20}
{"schema_version":1,"ts_ns":54312802999,"event":"compute_end","token":1,"layer":22,"expert":20,"duration_ns":248103154}
{"schema_version":1,"ts_ns":54312817615,"event":"route","token":1,"layer":22,"expert":1}
{"schema_version":1,"ts_ns":54319253307,"event":"cache_miss","token":1,"layer":22,"expert":1,"cache_hit":false}
{"schema_version":1,"ts_ns":54319272768,"event":"read_end","token":1,"layer":22,"expert":1,"bytes":13236480,"duration_ns":66273961}
{"schema_version":1,"ts_ns":54319276576,"event":"prefetch_end","token":1,"layer":22,"expert":1,"bytes":13236480,"duration_ns":66273961}
{"schema_version":1,"ts_ns":54319280345,"event":"prefetch_wait_end","token":1,"layer":22,"expert":1,"duration_ns":1000}
{"schema_version":1,"ts_ns":54319289691,"event":"compute_begin","token":1,"layer":22,"expert":1}
{"schema_version":1,"ts_ns":54569299807,"event":"compute_end","token":1,"layer":22,"expert":1,"duration_ns":250006307}
{"schema_version":1,"ts_ns":54569324268,"event":"layer_end","layer":22}
{"schema_version":1,"ts_ns":54569333961,"event":"decoder_layer_end","layer":22}
{"schema_version":1,"ts_ns":54569344268,"event":"decoder_layer_begin","layer":23}
{"schema_version":1,"ts_ns":54983779076,"event":"attention_end","layer":23,"bytes":40960}
{"schema_version":1,"ts_ns":54984791037,"event":"layer_begin","layer":23}
{"schema_version":1,"ts_ns":54984800460,"event":"route","token":0,"layer":23,"expert":2}
{"schema_version":1,"ts_ns":54984805191,"event":"read_begin","token":0,"layer":23,"expert":2,"bytes":13236480}
{"schema_version":1,"ts_ns":55020521691,"event":"cache_miss","token":0,"layer":23,"expert":2,"cache_hit":false}
{"schema_version":1,"ts_ns":55020535768,"event":"read_end","token":0,"layer":23,"expert":2,"bytes":13236480,"duration_ns":35714769}
{"schema_version":1,"ts_ns":55020554576,"event":"prefetch_begin","token":0,"layer":23,"expert":23,"bytes":13236480}
{"schema_version":1,"ts_ns":55020557999,"event":"read_begin","token":0,"layer":23,"expert":23,"bytes":13236480}
{"schema_version":1,"ts_ns":55020562537,"event":"compute_begin","token":0,"layer":23,"expert":2}
{"schema_version":1,"ts_ns":55268705999,"event":"compute_end","token":0,"layer":23,"expert":2,"duration_ns":248141116}
{"schema_version":1,"ts_ns":55268722191,"event":"route","token":0,"layer":23,"expert":23}
{"schema_version":1,"ts_ns":55275380383,"event":"cache_miss","token":0,"layer":23,"expert":23,"cache_hit":false}
{"schema_version":1,"ts_ns":55275389383,"event":"read_end","token":0,"layer":23,"expert":23,"bytes":13236480,"duration_ns":48794884}
{"schema_version":1,"ts_ns":55275392652,"event":"prefetch_end","token":0,"layer":23,"expert":23,"bytes":13236480,"duration_ns":48794884}
{"schema_version":1,"ts_ns":55275395768,"event":"prefetch_wait_end","token":0,"layer":23,"expert":23,"duration_ns":1039}
{"schema_version":1,"ts_ns":55275419383,"event":"prefetch_begin","token":0,"layer":23,"expert":4,"bytes":13236480}
{"schema_version":1,"ts_ns":55275425806,"event":"read_begin","token":0,"layer":23,"expert":4,"bytes":13236480}
{"schema_version":1,"ts_ns":55275431537,"event":"compute_begin","token":0,"layer":23,"expert":23}
{"schema_version":1,"ts_ns":55523209306,"event":"compute_end","token":0,"layer":23,"expert":23,"duration_ns":247775423}
{"schema_version":1,"ts_ns":55523224191,"event":"route","token":0,"layer":23,"expert":4}
{"schema_version":1,"ts_ns":55529526614,"event":"cache_miss","token":0,"layer":23,"expert":4,"cache_hit":false}
{"schema_version":1,"ts_ns":55529548229,"event":"read_end","token":0,"layer":23,"expert":4,"bytes":13236480,"duration_ns":88629193}
{"schema_version":1,"ts_ns":55529553152,"event":"prefetch_end","token":0,"layer":23,"expert":4,"bytes":13236480,"duration_ns":88629193}
{"schema_version":1,"ts_ns":55529556883,"event":"prefetch_wait_end","token":0,"layer":23,"expert":4,"duration_ns":1039}
{"schema_version":1,"ts_ns":55529608421,"event":"prefetch_begin","token":0,"layer":23,"expert":27,"bytes":13236480}
{"schema_version":1,"ts_ns":55529614844,"event":"read_begin","token":0,"layer":23,"expert":27,"bytes":13236480}
{"schema_version":1,"ts_ns":55529620729,"event":"compute_begin","token":0,"layer":23,"expert":4}
{"schema_version":1,"ts_ns":55777489844,"event":"compute_end","token":0,"layer":23,"expert":4,"duration_ns":247866346}
{"schema_version":1,"ts_ns":55777507960,"event":"route","token":0,"layer":23,"expert":27}
{"schema_version":1,"ts_ns":55784012921,"event":"cache_miss","token":0,"layer":23,"expert":27,"cache_hit":false}
{"schema_version":1,"ts_ns":55784038383,"event":"read_end","token":0,"layer":23,"expert":27,"bytes":13236480,"duration_ns":76492000}
{"schema_version":1,"ts_ns":55784041806,"event":"prefetch_end","token":0,"layer":23,"expert":27,"bytes":13236480,"duration_ns":76492000}
{"schema_version":1,"ts_ns":55784045190,"event":"prefetch_wait_end","token":0,"layer":23,"expert":27,"duration_ns":1154}
{"schema_version":1,"ts_ns":55784052767,"event":"compute_begin","token":0,"layer":23,"expert":27}
{"schema_version":1,"ts_ns":56031773883,"event":"compute_end","token":0,"layer":23,"expert":27,"duration_ns":247717923}
{"schema_version":1,"ts_ns":56031796960,"event":"route","token":1,"layer":23,"expert":16}
{"schema_version":1,"ts_ns":56031802344,"event":"read_begin","token":1,"layer":23,"expert":16,"bytes":13236480}
{"schema_version":1,"ts_ns":56096085729,"event":"cache_miss","token":1,"layer":23,"expert":16,"cache_hit":false}
{"schema_version":1,"ts_ns":56096103959,"event":"read_end","token":1,"layer":23,"expert":16,"bytes":13236480,"duration_ns":64281461}
{"schema_version":1,"ts_ns":56096129575,"event":"prefetch_begin","token":1,"layer":23,"expert":2,"bytes":13236480}
{"schema_version":1,"ts_ns":56096133613,"event":"read_begin","token":1,"layer":23,"expert":2,"bytes":13236480}
{"schema_version":1,"ts_ns":56096139459,"event":"compute_begin","token":1,"layer":23,"expert":16}
{"schema_version":1,"ts_ns":56345860459,"event":"compute_end","token":1,"layer":23,"expert":16,"duration_ns":249711192}
{"schema_version":1,"ts_ns":56345903921,"event":"route","token":1,"layer":23,"expert":2}
{"schema_version":1,"ts_ns":56352639075,"event":"cache_miss","token":1,"layer":23,"expert":2,"cache_hit":false}
{"schema_version":1,"ts_ns":56352646152,"event":"read_end","token":1,"layer":23,"expert":2,"bytes":13236480,"duration_ns":15526769}
{"schema_version":1,"ts_n