{"schema_version":1,"ts_ns":41258731,"event":"decoder_layer_begin","layer":0}
{"schema_version":1,"ts_ns":367306808,"event":"attention_end","layer":0,"bytes":40960}
{"schema_version":1,"ts_ns":371576500,"event":"layer_begin","layer":0}
{"schema_version":1,"ts_ns":371591961,"event":"route","token":0,"layer":0,"expert":5}
{"schema_version":1,"ts_ns":371597038,"event":"read_begin","token":0,"layer":0,"expert":5,"bytes":13236480}
{"schema_version":1,"ts_ns":394631615,"event":"cache_miss","token":0,"layer":0,"expert":5,"cache_hit":false}
{"schema_version":1,"ts_ns":394644923,"event":"read_end","token":0,"layer":0,"expert":5,"bytes":13236480,"duration_ns":23034000}
{"schema_version":1,"ts_ns":394664038,"event":"prefetch_begin","token":0,"layer":0,"expert":9,"bytes":13236480}
{"schema_version":1,"ts_ns":394666961,"event":"read_begin","token":0,"layer":0,"expert":9,"bytes":13236480}
{"schema_version":1,"ts_ns":394671538,"event":"compute_begin","token":0,"layer":0,"expert":5}
{"schema_version":1,"ts_ns":642479269,"event":"compute_end","token":0,"layer":0,"expert":5,"duration_ns":247805000}
{"schema_version":1,"ts_ns":642497653,"event":"route","token":0,"layer":0,"expert":9}
{"schema_version":1,"ts_ns":645877115,"event":"cache_miss","token":0,"layer":0,"expert":9,"cache_hit":false}
{"schema_version":1,"ts_ns":645886423,"event":"read_end","token":0,"layer":0,"expert":9,"bytes":13236480,"duration_ns":45448346}
{"schema_version":1,"ts_ns":645890769,"event":"prefetch_end","token":0,"layer":0,"expert":9,"bytes":13236480,"duration_ns":45448346}
{"schema_version":1,"ts_ns":645894730,"event":"prefetch_wait_end","token":0,"layer":0,"expert":9,"duration_ns":1462}
{"schema_version":1,"ts_ns":645919077,"event":"prefetch_begin","token":0,"layer":0,"expert":16,"bytes":13236480}
{"schema_version":1,"ts_ns":645923077,"event":"read_begin","token":0,"layer":0,"expert":16,"bytes":13236480}
{"schema_version":1,"ts_ns":645928115,"event":"compute_begin","token":0,"layer":0,"expert":9}
{"schema_version":1,"ts_ns":893692192,"event":"compute_end","token":0,"layer":0,"expert":9,"duration_ns":247760846}
{"schema_version":1,"ts_ns":893709730,"event":"route","token":0,"layer":0,"expert":16}
{"schema_version":1,"ts_ns":897015884,"event":"cache_miss","token":0,"layer":0,"expert":16,"cache_hit":false}
{"schema_version":1,"ts_ns":897023653,"event":"read_end","token":0,"layer":0,"expert":16,"bytes":13236480,"duration_ns":59908692}
{"schema_version":1,"ts_ns":897027653,"event":"prefetch_end","token":0,"layer":0,"expert":16,"bytes":13236480,"duration_ns":59908692}
{"schema_version":1,"ts_ns":897030653,"event":"prefetch_wait_end","token":0,"layer":0,"expert":16,"duration_ns":1269}
{"schema_version":1,"ts_ns":897048807,"event":"prefetch_begin","token":0,"layer":0,"expert":15,"bytes":13236480}
{"schema_version":1,"ts_ns":897052615,"event":"read_begin","token":0,"layer":0,"expert":15,"bytes":13236480}
{"schema_version":1,"ts_ns":897056807,"event":"compute_begin","token":0,"layer":0,"expert":16}
{"schema_version":1,"ts_ns":1144803999,"event":"compute_end","token":0,"layer":0,"expert":16,"duration_ns":247744884}
{"schema_version":1,"ts_ns":1144819230,"event":"route","token":0,"layer":0,"expert":15}
{"schema_version":1,"ts_ns":1148601653,"event":"cache_miss","token":0,"layer":0,"expert":15,"cache_hit":false}
{"schema_version":1,"ts_ns":1148608769,"event":"read_end","token":0,"layer":0,"expert":15,"bytes":13236480,"duration_ns":63586885}
{"schema_version":1,"ts_ns":1148612307,"event":"prefetch_end","token":0,"layer":0,"expert":15,"bytes":13236480,"duration_ns":63586885}
{"schema_version":1,"ts_ns":1148615307,"event":"prefetch_wait_end","token":0,"layer":0,"expert":15,"duration_ns":1038}
{"schema_version":1,"ts_ns":1148620076,"event":"compute_begin","token":0,"layer":0,"expert":15}
{"schema_version":1,"ts_ns":1396257345,"event":"compute_end","token":0,"layer":0,"expert":15,"duration_ns":247633730}
{"schema_version":1,"ts_ns":1396280422,"event":"route","token":1,"layer":0,"expert":11}
{"schema_version":1,"ts_ns":1396286191,"event":"read_begin","token":1,"layer":0,"expert":11,"bytes":13236480}
{"schema_version":1,"ts_ns":1441983191,"event":"cache_miss","token":1,"layer":0,"expert":11,"cache_hit":false}
{"schema_version":1,"ts_ns":1441995691,"event":"read_end","token":1,"layer":0,"expert":11,"bytes":13236480,"duration_ns":45696346}
{"schema_version":1,"ts_ns":1442003153,"event":"compute_begin","token":1,"layer":0,"expert":11}
{"schema_version":1,"ts_ns":1689761499,"event":"compute_end","token":1,"layer":0,"expert":11,"duration_ns":247755961}
{"schema_version":1,"ts_ns":1689781076,"event":"route","token":1,"layer":0,"expert":15}
{"schema_version":1,"ts_ns":1689788499,"event":"cache_hit","token":1,"layer":0,"expert":15,"cache_hit":true}
{"schema_version":1,"ts_ns":1689809230,"event":"prefetch_begin","token":1,"layer":0,"expert":5,"bytes":13236480}
{"schema_version":1,"ts_ns":1689812922,"event":"read_begin","token":1,"layer":0,"expert":5,"bytes":13236480}
{"schema_version":1,"ts_ns":1689816345,"event":"compute_begin","token":1,"layer":0,"expert":15}
{"schema_version":1,"ts_ns":1937544306,"event":"compute_end","token":1,"layer":0,"expert":15,"duration_ns":247726077}
{"schema_version":1,"ts_ns":1937562229,"event":"route","token":1,"layer":0,"expert":5}
{"schema_version":1,"ts_ns":1940932191,"event":"cache_miss","token":1,"layer":0,"expert":5,"cache_hit":false}
{"schema_version":1,"ts_ns":1940940806,"event":"read_end","token":1,"layer":0,"expert":5,"bytes":13236480,"duration_ns":14014615}
{"schema_version":1,"ts_ns":1940944883,"event":"prefetch_end","token":1,"layer":0,"expert":5,"bytes":13236480,"duration_ns":14014615}
{"schema_version":1,"ts_ns":1940948191,"event":"prefetch_wait_end","token":1,"layer":0,"expert":5,"duration_ns":1347}
{"schema_version":1,"ts_ns":1940966422,"event":"prefetch_begin","token":1,"layer":0,"expert":0,"bytes":13236480}
{"schema_version":1,"ts_ns":1940970306,"event":"read_begin","token":1,"layer":0,"expert":0,"bytes":13236480}
{"schema_version":1,"ts_ns":1940974537,"event":"compute_begin","token":1,"layer":0,"expert":5}
{"schema_version":1,"ts_ns":2188710768,"event":"compute_end","token":1,"layer":0,"expert":5,"duration_ns":247733884}
{"schema_version":1,"ts_ns":2188726537,"event":"route","token":1,"layer":0,"expert":0}
{"schema_version":1,"ts_ns":2192023537,"event":"cache_miss","token":1,"layer":0,"expert":0,"cache_hit":false}
{"schema_version":1,"ts_ns":2192029691,"event":"read_end","token":1,"layer":0,"expert":0,"bytes":13236480,"duration_ns":60468847}
{"schema_version":1,"ts_ns":2192034729,"event":"prefetch_end","token":1,"layer":0,"expert":0,"bytes":13236480,"duration_ns":60468847}
{"schema_version":1,"ts_ns":2192038845,"event":"prefetch_wait_end","token":1,"layer":0,"expert":0,"duration_ns":1193}
{"schema_version":1,"ts_ns":2192044229,"event":"compute_begin","token":1,"layer":0,"expert":0}
{"schema_version":1,"ts_ns":2439691345,"event":"compute_end","token":1,"layer":0,"expert":0,"duration_ns":247644038}
{"schema_version":1,"ts_ns":2439710268,"event":"layer_end","layer":0}
{"schema_version":1,"ts_ns":2439719498,"event":"decoder_layer_end","layer":0}
{"schema_version":1,"ts_ns":2439728845,"event":"decoder_layer_begin","layer":1}
{"schema_version":1,"ts_ns":2786494998,"event":"attention_end","layer":1,"bytes":40960}
{"schema_version":1,"ts_ns":2790956575,"event":"layer_begin","layer":1}
{"schema_version":1,"ts_ns":2790972883,"event":"route","token":0,"layer":1,"expert":28}
{"schema_version":1,"ts_ns":2790978113,"event":"read_begin","token":0,"layer":1,"expert":28,"bytes":13236480}
{"schema_version":1,"ts_ns":2818021960,"event":"cache_miss","token":0,"layer":1,"expert":28,"cache_hit":false}
{"schema_version":1,"ts_ns":2818033960,"event":"read_end","token":0,"layer":1,"expert":28,"bytes":13236480,"duration_ns":27042500}
{"schema_version":1,"ts_ns":2818052267,"event":"prefetch_begin","token":0,"layer":1,"expert":4,"bytes":13236480}
{"schema_version":1,"ts_ns":2818055767,"event":"read_begin","token":0,"layer":1,"expert":4,"bytes":13236480}
{"schema_version":1,"ts_ns":2818060190,"event":"compute_begin","token":0,"layer":1,"expert":28}
{"schema_version":1,"ts_ns":3065929459,"event":"compute_end","token":0,"layer":1,"expert":28,"duration_ns":247866576}
{"schema_version":1,"ts_ns":3066021306,"event":"route","token":0,"layer":1,"expert":4}
{"schema_version":1,"ts_ns":3069629767,"event":"cache_miss","token":0,"layer":1,"expert":4,"cache_hit":false}
{"schema_version":1,"ts_ns":3069638575,"event":"read_end","token":0,"layer":1,"expert":4,"bytes":13236480,"duration_ns":38626962}
{"schema_version":1,"ts_ns":3069642729,"event":"prefetch_end","token":0,"layer":1,"expert":4,"bytes":13236480,"duration_ns":38626962}
{"schema_version":1,"ts_ns":3069646459,"event":"prefetch_wait_end","token":0,"layer":1,"expert":4,"duration_ns":1423}
{"schema_version":1,"ts_ns":3069670921,"event":"prefetch_begin","token":0,"layer":1,"expert":5,"bytes":13236480}
{"schema_version":1,"ts_ns":3069674536,"event":"read_begin","token":0,"layer":1,"expert":5,"bytes":13236480}
{"schema_version":1,"ts_ns":3069679152,"event":"compute_begin","token":0,"layer":1,"expert":4}
{"schema_version":1,"ts_ns":3317488190,"event":"compute_end","token":0,"layer":1,"expert":4,"duration_ns":247805923}
{"schema_version":1,"ts_ns":3317504844,"event":"route","token":0,"layer":1,"expert":5}
{"schema_version":1,"ts_ns":3321058267,"event":"cache_miss","token":0,"layer":1,"expert":5,"cache_hit":false}
{"schema_version":1,"ts_ns":3321067882,"event":"read_end","token":0,"layer":1,"expert":5,"bytes":13236480,"duration_ns":55643115}
{"schema_version":1,"ts_ns":3321072690,"event":"prefetch_end","token":0,"layer":1,"expert":5,"bytes":13236480,"duration_ns":55643115}
{"schema_version":1,"ts_ns":3321076113,"event":"prefetch_wait_end","token":0,"layer":1,"expert":5,"duration_ns":1269}
{"schema_version":1,"ts_ns":3321094459,"event":"prefetch_begin","token":0,"layer":1,"expert":23,"bytes":13236480}
{"schema_version":1,"ts_ns":3321097921,"event":"read_begin","token":0,"layer":1,"expert":23,"bytes":13236480}
{"schema_version":1,"ts_ns":3321102613,"event":"compute_begin","token":0,"layer":1,"expert":5}
{"schema_version":1,"ts_ns":3568920805,"event":"compute_end","token":0,"layer":1,"expert":5,"duration_ns":247814961}
{"schema_version":1,"ts_ns":3568938613,"event":"route","token":0,"layer":1,"expert":23}
{"schema_version":1,"ts_ns":3572678382,"event":"cache_miss","token":0,"layer":1,"expert":23,"cache_hit":false}
{"schema_version":1,"ts_ns":3572688074,"event":"read_end","token":0,"layer":1,"expert":23,"bytes":13236480,"duration_ns":56715808}
{"schema_version":1,"ts_ns":3572691536,"event":"prefetch_end","token":0,"layer":1,"expert":23,"bytes":13236480,"duration_ns":56715808}
{"schema_version":1,"ts_ns":3572694613,"event":"prefetch_wait_end","token":0,"layer":1,"expert":23,"duration_ns":1384}
{"schema_version":1,"ts_ns":3572699267,"event":"compute_begin","token":0,"layer":1,"expert":23}
{"schema_version":1,"ts_ns":3820394959,"event":"compute_end","token":0,"layer":1,"expert":23,"duration_ns":247693154}
{"schema_version":1,"ts_ns":3820418805,"event":"route","token":1,"layer":1,"expert":28}
{"schema_version":1,"ts_ns":3820424767,"event":"read_begin","token":1,"layer":1,"expert":28,"bytes":13236480}
{"schema_version":1,"ts_ns":3827657151,"event":"cache_miss","token":1,"layer":1,"expert":28,"cache_hit":false}
{"schema_version":1,"ts_ns":3827666344,"event":"read_end","token":1,"layer":1,"expert":28,"bytes":13236480,"duration_ns":7232500}
{"schema_version":1,"ts_ns":3827691536,"event":"prefetch_begin","token":1,"layer":1,"expert":11,"bytes":13236480}
{"schema_version":1,"ts_ns":3827694536,"event":"read_begin","token":1,"layer":1,"expert":11,"bytes":13236480}
{"schema_version":1,"ts_ns":3827699113,"event":"compute_begin","token":1,"layer":1,"expert":28}
{"schema_version":1,"ts_ns":4075597805,"event":"compute_end","token":1,"layer":1,"expert":28,"duration_ns":247896116}
{"schema_version":1,"ts_ns":4075614651,"event":"route","token":1,"layer":1,"expert":11}
{"schema_version":1,"ts_ns":4078624805,"event":"cache_miss","token":1,"layer":1,"expert":11,"cache_hit":false}
{"schema_version":1,"ts_ns":4078633343,"event":"read_end","token":1,"layer":1,"expert":11,"bytes":13236480,"duration_ns":67342538}
{"schema_version":1,"ts_ns":4078693228,"event":"prefetch_end","token":1,"layer":1,"expert":11,"bytes":13236480,"duration_ns":67342538}
{"schema_version":1,"ts_ns":4078696805,"event":"prefetch_wait_end","token":1,"layer":1,"expert":11,"duration_ns":808}
{"schema_version":1,"ts_ns":4078712843,"event":"prefetch_begin","token":1,"layer":1,"expert":15,"bytes":13236480}
{"schema_version":1,"ts_ns":4078716151,"event":"read_begin","token":1,"layer":1,"expert":15,"bytes":13236480}
{"schema_version":1,"ts_ns":4078720997,"event":"compute_begin","token":1,"layer":1,"expert":11}
{"schema_version":1,"ts_ns":4326543112,"event":"compute_end","token":1,"layer":1,"expert":11,"duration_ns":247819730}
{"schema_version":1,"ts_ns":4326562766,"event":"route","token":1,"layer":1,"expert":15}
{"schema_version":1,"ts_ns":4329960112,"event":"cache_miss","token":1,"layer":1,"expert":15,"cache_hit":false}
{"schema_version":1,"ts_ns":4329967882,"event":"read_end","token":1,"layer":1,"expert":15,"bytes":13236480,"duration_ns":63527308}
{"schema_version":1,"ts_ns":4329971382,"event":"prefetch_end","token":1,"layer":1,"expert":15,"bytes":13236480,"duration_ns":63527308}
{"schema_version":1,"ts_ns":4329974459,"event":"prefetch_wait_end","token":1,"layer":1,"expert":15,"duration_ns":1654}
{"schema_version":1,"ts_ns":4329992882,"event":"prefetch_begin","token":1,"layer":1,"expert":23,"bytes":13236480}
{"schema_version":1,"ts_ns":4329996151,"event":"read_begin","token":1,"layer":1,"expert":23,"bytes":13236480}
{"schema_version":1,"ts_ns":4330000766,"event":"compute_begin","token":1,"layer":1,"expert":15}
{"schema_version":1,"ts_ns":4577686997,"event":"compute_end","token":1,"layer":1,"expert":15,"duration_ns":247683538}
{"schema_version":1,"ts_ns":4577705458,"event":"route","token":1,"layer":1,"expert":23}
{"schema_version":1,"ts_ns":4581212381,"event":"cache_miss","token":1,"layer":1,"expert":23,"cache_hit":false}
{"schema_version":1,"ts_ns":4581219766,"event":"read_end","token":1,"layer":1,"expert":23,"bytes":13236480,"duration_ns":14951923}
{"schema_version":1,"ts_ns":4581223305,"event":"prefetch_end","token":1,"layer":1,"expert":23,"bytes":13236480,"duration_ns":14951923}
{"schema_version":1,"ts_ns":4581226689,"event":"prefetch_wait_end","token":1,"layer":1,"expert":23,"duration_ns":1192}
{"schema_version":1,"ts_ns":4581231497,"event":"compute_begin","token":1,"layer":1,"expert":23}
{"schema_version":1,"ts_ns":4828875612,"event":"compute_end","token":1,"layer":1,"expert":23,"duration_ns":247641462}
{"schema_version":1,"ts_ns":4828894304,"event":"layer_end","layer":1}
{"schema_version":1,"ts_ns":4828904189,"event":"decoder_layer_end","layer":1}
{"schema_version":1,"ts_ns":4828913650,"event":"decoder_layer_begin","layer":2}
{"schema_version":1,"ts_ns":5178727150,"event":"attention_end","layer":2,"bytes":40960}
{"schema_version":1,"ts_ns":5182955573,"event":"layer_begin","layer":2}
{"schema_version":1,"ts_ns":5182972189,"event":"route","token":0,"layer":2,"expert":10}
{"schema_version":1,"ts_ns":5182977573,"event":"read_begin","token":0,"layer":2,"expert":10,"bytes":13236480}
{"schema_version":1,"ts_ns":5209027304,"event":"cache_miss","token":0,"layer":2,"expert":10,"cache_hit":false}
{"schema_version":1,"ts_ns":5209040381,"event":"read_end","token":0,"layer":2,"expert":10,"bytes":13236480,"duration_ns":26049192}
{"schema_version":1,"ts_ns":5209056958,"event":"prefetch_begin","token":0,"layer":2,"expert":31,"bytes":13236480}
{"schema_version":1,"ts_ns":5209059958,"event":"read_begin","token":0,"layer":2,"expert":31,"bytes":13236480}
{"schema_version":1,"ts_ns":5209064189,"event":"compute_begin","token":0,"layer":2,"expert":10}
{"schema_version":1,"ts_ns":5456885496,"event":"compute_end","token":0,"layer":2,"expert":10,"duration_ns":247818307}
{"schema_version":1,"ts_ns":5456903765,"event":"route","token":0,"layer":2,"expert":31}
{"schema_version":1,"ts_ns":5460653958,"event":"cache_miss","token":0,"layer":2,"expert":31,"cache_hit":false}
{"schema_version":1,"ts_ns":5460662958,"event":"read_end","token":0,"layer":2,"expert":31,"bytes":13236480,"duration_ns":43718116}
{"schema_version":1,"ts_ns":5460728650,"event":"prefetch_end","token":0,"layer":2,"expert":31,"bytes":13236480,"duration_ns":43718116}
{"schema_version":1,"ts_ns":5460732265,"event":"prefetch_wait_end","token":0,"layer":2,"expert":31,"duration_ns":1616}
{"schema_version":1,"ts_ns":5460752842,"event":"prefetch_begin","token":0,"layer":2,"expert":14,"bytes":13236480}
{"schema_version":1,"ts_ns":5460756265,"event":"read_begin","token":0,"layer":2,"expert":14,"bytes":13236480}
{"schema_version":1,"ts_ns":5460761381,"event":"compute_begin","token":0,"layer":2,"expert":31}
{"schema_version":1,"ts_ns":5708674188,"event":"compute_end","token":0,"layer":2,"expert":31,"duration_ns":247909769}
{"schema_version":1,"ts_ns":5708692227,"event":"route","token":0,"layer":2,"expert":14}
{"schema_version":1,"ts_ns":5712211265,"event":"cache_miss","token":0,"layer":2,"expert":14,"cache_hit":false}
{"schema_version":1,"ts_ns":5712217996,"event":"read_end","token":0,"layer":2,"expert":14,"bytes":13236480,"duration_ns":64207192}
{"schema_version":1,"ts_ns":5712221688,"event":"prefetch_end","token":0,"layer":2,"expert":14,"bytes":13236480,"duration_ns":64207192}
{"schema_version":1,"ts_ns":5712225304,"event":"prefetch_wait_end","token":0,"layer":2,"expert":14,"duration_ns":1269}
{"schema_version":1,"ts_ns":5712246227,"event":"prefetch_begin","token":0,"layer":2,"expert":5,"bytes":13236480}
{"schema_version":1,"ts_ns":5712250265,"event":"read_begin","token":0,"layer":2,"expert":5,"bytes":13236480}
{"schema_version":1,"ts_ns":5712254996,"event":"compute_begin","token":0,"layer":2,"expert":14}
{"schema_version":1,"ts_ns":5960219727,"event":"compute_end","token":0,"layer":2,"expert":14,"duration_ns":247960269}
{"schema_version":1,"ts_ns":5960240611,"event":"route","token":0,"layer":2,"expert":5}
{"schema_version":1,"ts_ns":5963858150,"event":"cache_miss","token":0,"layer":2,"expert":5,"cache_hit":false}
{"schema_version":1,"ts_ns":5963867457,"event":"read_end","token":0,"layer":2,"expert":5,"bytes":13236480,"duration_ns":64028346}
{"schema_version":1,"ts_ns":5963871342,"event":"prefetch_end","token":0,"layer":2,"expert":5,"bytes":13236480,"duration_ns":64028346}
{"schema_version":1,"ts_ns":5963874688,"event":"prefetch_wait_end","token":0,"layer":2,"expert":5,"duration_ns":1577}
{"schema_version":1,"ts_ns":5963880842,"event":"compute_begin","token":0,"layer":2,"expert":5}
{"schema_version":1,"ts_ns":6211600880,"event":"compute_end","token":0,"layer":2,"expert":5,"duration_ns":247717769}
{"schema_version":1,"ts_ns":6211628957,"event":"route","token":1,"layer":2,"expert":14}
{"schema_version":1,"ts_ns":6211635688,"event":"cache_hit","token":1,"layer":2,"expert":14,"cache_hit":true}
{"schema_version":1,"ts_ns":6211656496,"event":"prefetch_begin","token":1,"layer":2,"expert":10,"bytes":13236480}
{"schema_version":1,"ts_ns":6211659957,"event":"read_begin","token":1,"layer":2,"expert":10,"bytes":13236480}
{"schema_version":1,"ts_ns":6211663996,"event":"compute_begin","token":1,"layer":2,"expert":14}
{"schema_version":1,"ts_ns":6459512649,"event":"compute_end","token":1,"layer":2,"expert":14,"duration_ns":247846884}
{"schema_version":1,"ts_ns":6459529611,"event":"route","token":1,"layer":2,"expert":10}
{"schema_version":1,"ts_ns":6463195803,"event":"cache_miss","token":1,"layer":2,"expert":10,"cache_hit":false}
{"schema_version":1,"ts_ns":6463203072,"event":"read_end","token":1,"layer":2,"expert":10,"bytes":13236480,"duration_ns":18004807}
{"schema_version":1,"ts_ns":6463206649,"event":"prefetch_end","token":1,"layer":2,"expert":10,"bytes":13236480,"duration_ns":18004807}
{"schema_version":1,"ts_ns":6463209649,"event":"prefetch_wait_end","token":1,"layer":2,"expert":10,"duration_ns":1077}
{"schema_version":1,"ts_ns":6463227265,"event":"prefetch_begin","token":1,"layer":2,"expert":31,"bytes":13236480}
{"schema_version":1,"ts_ns":6463231111,"event":"read_begin","token":1,"layer":2,"expert":31,"bytes":13236480}
{"schema_version":1,"ts_ns":6463236265,"event":"compute_begin","token":1,"layer":2,"expert":10}
{"schema_version":1,"ts_ns":6711580880,"event":"compute_end","token":1,"layer":2,"expert":10,"duration_ns":248198807}
{"schema_version":1,"ts_ns":6711608188,"event":"route","token":1,"layer":2,"expert":31}
{"schema_version":1,"ts_ns":6715449765,"event":"cache_miss","token":1,"layer":2,"expert":31,"cache_hit":false}
{"schema_version":1,"ts_ns":6715458188,"event":"read_end","token":1,"layer":2,"expert":31,"bytes":13236480,"duration_ns":11790615}
{"schema_version":1,"ts_ns":6715461726,"event":"prefetch_end","token":1,"layer":2,"expert":31,"bytes":13236480,"duration_ns":11790615}
{"schema_version":1,"ts_ns":6715464880,"event":"prefetch_wait_end","token":1,"layer":2,"expert":31,"duration_ns":2500}
{"schema_version":1,"ts_ns":6715482034,"event":"prefetch_begin","token":1,"layer":2,"expert":17,"bytes":13236480}
{"schema_version":1,"ts_ns":6715485611,"event":"read_begin","token":1,"layer":2,"expert":17,"bytes":13236480}
{"schema_version":1,"ts_ns":6715489341,"event":"compute_begin","token":1,"layer":2,"expert":31}
{"schema_version":1,"ts_ns":6963555034,"event":"compute_end","token":1,"layer":2,"expert":31,"duration_ns":248063039}
{"schema_version":1,"ts_ns":6963573380,"event":"route","token":1,"layer":2,"expert":17}
{"schema_version":1,"ts_ns":6966928918,"event":"cache_miss","token":1,"layer":2,"expert":17,"cache_hit":false}
{"schema_version":1,"ts_ns":6966936418,"event":"read_end","token":1,"layer":2,"expert":17,"bytes":13236480,"duration_ns":39836231}
{"schema_version":1,"ts_ns":6966939957,"event":"prefetch_end","token":1,"layer":2,"expert":17,"bytes":13236480,"duration_ns":39836231}
{"schema_version":1,"ts_ns":6966942957,"event":"prefetch_wait_end","token":1,"layer":2,"expert":17,"duration_ns":1077}
{"schema_version":1,"ts_ns":6966947534,"event":"compute_begin","token":1,"layer":2,"expert":17}
{"schema_version":1,"ts_ns":7214672264,"event":"compute_end","token":1,"layer":2,"expert":17,"duration_ns":247721539}
{"schema_version":1,"ts_ns":7214691995,"event":"layer_end","layer":2}
{"schema_version":1,"ts_ns":7214701341,"event":"decoder_layer_end","layer":2}
{"schema_version":1,"ts_ns":7214711610,"event":"decoder_layer_begin","layer":3}
{"schema_version":1,"ts_ns":7564077149,"event":"attention_end","layer":3,"bytes":40960}
{"schema_version":1,"ts_ns":7569128995,"event":"layer_begin","layer":3}
{"schema_version":1,"ts_ns":7569146456,"event":"route","token":0,"layer":3,"expert":31}
{"schema_version":1,"ts_ns":7569152418,"event":"read_begin","token":0,"layer":3,"expert":31,"bytes":13236480}
{"schema_version":1,"ts_ns":7594503225,"event":"cache_miss","token":0,"layer":3,"expert":31,"cache_hit":false}
{"schema_version":1,"ts_ns":7594517187,"event":"read_end","token":0,"layer":3,"expert":31,"bytes":13236480,"duration_ns":25350230}
{"schema_version":1,"ts_ns":7594535649,"event":"prefetch_begin","token":0,"layer":3,"expert":23,"bytes":13236480}
{"schema_version":1,"ts_ns":7594538687,"event":"read_begin","token":0,"layer":3,"expert":23,"bytes":13236480}
{"schema_version":1,"ts_ns":7594542802,"event":"compute_begin","token":0,"layer":3,"expert":31}
{"schema_version":1,"ts_ns":7842464494,"event":"compute_end","token":0,"layer":3,"expert":31,"duration_ns":247918961}
{"schema_version":1,"ts_ns":7842483918,"event":"route","token":0,"layer":3,"expert":23}
{"schema_version":1,"ts_ns":7845877571,"event":"cache_miss","token":0,"layer":3,"expert":23,"cache_hit":false}
{"schema_version":1,"ts_ns":7845885110,"event":"read_end","token":0,"layer":3,"expert":23,"bytes":13236480,"duration_ns":36980577}
{"schema_version":1,"ts_ns":7845889110,"event":"prefetch_end","token":0,"layer":3,"expert":23,"bytes":13236480,"duration_ns":36980577}
{"schema_version":1,"ts_ns":7845892148,"event":"prefetch_wait_end","token":0,"layer":3,"expert":23,"duration_ns":1576}
{"schema_version":1,"ts_ns":7845914110,"event":"prefetch_begin","token":0,"layer":3,"expert":25,"bytes":13236480}
{"schema_version":1,"ts_ns":7845917764,"event":"read_begin","token":0,"layer":3,"expert":25,"bytes":13236480}
{"schema_version":1,"ts_ns":7845922071,"event":"compute_begin","token":0,"layer":3,"expert":23}
{"schema_version":1,"ts_ns":8093853302,"event":"compute_end","token":0,"layer":3,"expert":23,"duration_ns":247859422}
{"schema_version":1,"ts_ns":8093868956,"event":"route","token":0,"layer":3,"expert":25}
{"schema_version":1,"ts_ns":8097718340,"event":"cache_miss","token":0,"layer":3,"expert":25,"cache_hit":false}
{"schema_version":1,"ts_ns":8097727533,"event":"read_end","token":0,"layer":3,"expert":25,"bytes":13236480,"duration_ns":56874692}
{"schema_version":1,"ts_ns":8097731302,"event":"prefetch_end","token":0,"layer":3,"expert":25,"bytes":13236480,"duration_ns":56874692}
{"schema_version":1,"ts_ns":8097734533,"event":"prefetch_wait_end","token":0,"layer":3,"expert":25,"duration_ns":1384}
{"schema_version":1,"ts_ns":8097751648,"event":"prefetch_begin","token":0,"layer":3,"expert":16,"bytes":13236480}
{"schema_version":1,"ts_ns":8097755379,"event":"read_begin","token":0,"layer":3,"expert":16,"bytes":13236480}
{"schema_version":1,"ts_ns":8097759340,"event":"compute_begin","token":0,"layer":3,"expert":25}
{"schema_version":1,"ts_ns":8345608494,"event":"compute_end","token":0,"layer":3,"expert":25,"duration_ns":247845115}
{"schema_version":1,"ts_ns":8345624456,"event":"route","token":0,"layer":3,"expert":16}
{"schema_version":1,"ts_ns":8349273686,"event":"cache_miss","token":0,"layer":3,"expert":16,"cache_hit":false}
{"schema_version":1,"ts_ns":8349281610,"event":"read_end","token":0,"layer":3,"expert":16,"bytes":13236480,"duration_ns":53921347}
{"schema_version":1,"ts_ns":8349284879,"event":"prefetch_end","token":0,"layer":3,"expert":16,"bytes":13236480,"duration_ns":53921347}
{"schema_version":1,"ts_ns":8349287879,"event":"prefetch_wait_end","token":0,"layer":3,"expert":16,"duration_ns":1153}
{"schema_version":1,"ts_ns":8349292879,"event":"compute_begin","token":0,"layer":3,"expert":16}
{"schema_version":1,"ts_ns":8597151955,"event":"compute_end","token":0,"layer":3,"expert":16,"duration_ns":247856077}
{"schema_version":1,"ts_ns":8597182379,"event":"route","token":1,"layer":3,"expert":23}
{"schema_version":1,"ts_ns":8597190340,"event":"cache_hit","token":1,"layer":3,"expert":23,"cache_hit":true}
{"schema_version":1,"ts_ns":8597205686,"event":"prefetch_begin","token":1,"layer":3,"expert":31,"bytes":13236480}
{"schema_version":1,"ts_ns":8597209225,"event":"read_begin","token":1,"layer":3,"expert":31,"bytes":13236480}
{"schema_version":1,"ts_ns":8597212417,"event":"compute_begin","token":1,"layer":3,"expert":23}
{"schema_version":1,"ts_ns":8844990455,"event":"compute_end","token":1,"layer":3,"expert":23,"duration_ns":247775539}
{"schema_version":1,"ts_ns":8845005801,"event":"route","token":1,"layer":3,"expert":31}
{"schema_version":1,"ts_ns":8849195455,"event":"cache_miss","token":1,"layer":3,"expert":31,"cache_hit":false}
{"schema_version":1,"ts_ns":8849203532,"event":"read_end","token":1,"layer":3,"expert":31,"bytes":13236480,"duration_ns":12724884}
{"schema_version":1,"ts_ns":8849207340,"event":"prefetch_end","token":1,"layer":3,"expert":31,"bytes":13236480,"duration_ns":12724884}
{"schema_version":1,"ts_ns":8849210340,"event":"prefetch_wait_end","token":1,"layer":3,"expert":31,"duration_ns":962}
{"schema_version":1,"ts_ns":8849215648,"event":"compute_begin","token":1,"layer":3,"expert":31}
{"schema_version":1,"ts_ns":9096991609,"event":"compute_end","token":1,"layer":3,"expert":31,"duration_ns":247773346}
{"schema_version":1,"ts_ns":9097011071,"event":"route","token":1,"layer":3,"expert":16}
{"schema_version":1,"ts_ns":9097018186,"event":"cache_hit","token":1,"layer":3,"expert":16,"cache_hit":true}
{"schema_version":1,"ts_ns":9097033186,"event":"prefetch_begin","token":1,"layer":3,"expert":25,"bytes":13236480}
{"schema_version":1,"ts_ns":9097037109,"event":"read_begin","token":1,"layer":3,"expert":25,"bytes":13236480}
{"schema_version":1,"ts_ns":9097040263,"event":"compute_begin","token":1,"layer":3,"expert":16}
{"schema_version":1,"ts_ns":9344850647,"event":"compute_end","token":1,"layer":3,"expert":16,"duration_ns":247807231}
{"schema_version":1,"ts_ns":9344869916,"event":"route","token":1,"layer":3,"expert":25}
{"schema_version":1,"ts_ns":9348721455,"event":"cache_miss","token":1,"layer":3,"expert":25,"cache_hit":false}
{"schema_version":1,"ts_ns":9348729878,"event":"read_end","token":1,"layer":3,"expert":25,"bytes":13236480,"duration_ns":11950884}
{"schema_version":1,"ts_ns":9348733186,"event":"prefetch_end","token":1,"layer":3,"expert":25,"bytes":13236480,"duration_ns":11950884}
{"schema_version":1,"ts_ns":9348736301,"event":"prefetch_wait_end","token":1,"layer":3,"expert":25,"duration_ns":1115}
{"schema_version":1,"ts_ns":9348741878,"event":"compute_begin","token":1,"layer":3,"expert":25}
{"schema_version":1,"ts_ns":9596544570,"event":"compute_end","token":1,"layer":3,"expert":25,"duration_ns":247799999}
{"schema_version":1,"ts_ns":9596563186,"event":"layer_end","layer":3}
{"schema_version":1,"ts_ns":9596572686,"event":"decoder_layer_end","layer":3}
{"schema_version":1,"ts_ns":9596586455,"event":"decoder_layer_begin","layer":4}
{"schema_version":1,"ts_ns":9936447493,"event":"attention_end","layer":4,"bytes":40960}
{"schema_version":1,"ts_ns":9940759685,"event":"layer_begin","layer":4}
{"schema_version":1,"ts_ns":9940777301,"event":"route","token":0,"layer":4,"expert":31}
{"schema_version":1,"ts_ns":9940783531,"event":"read_begin","token":0,"layer":4,"expert":31,"bytes":13236480}
{"schema_version":1,"ts_ns":9964802724,"event":"cache_miss","token":0,"layer":4,"expert":31,"cache_hit":false}
{"schema_version":1,"ts_ns":9964814724,"event":"read_end","token":0,"layer":4,"expert":31,"bytes":13236480,"duration_ns":24018962}
{"schema_version":1,"ts_ns":9964834147,"event":"prefetch_begin","token":0,"layer":4,"expert":24,"bytes":13236480}
{"schema_version":1,"ts_ns":9964837185,"event":"read_begin","token":0,"layer":4,"expert":24,"bytes":13236480}
{"schema_version":1,"ts_ns":9964841416,"event":"compute_begin","token":0,"layer":4,"expert":31}
{"schema_version":1,"ts_ns":10212840839,"event":"compute_end","token":0,"layer":4,"expert":31,"duration_ns":247996962}
{"schema_version":1,"ts_ns":10212859839,"event":"route","token":0,"layer":4,"expert":24}
{"schema_version":1,"ts_ns":10216529916,"event":"cache_miss","token":0,"layer":4,"expert":24,"cache_hit":false}
{"schema_version":1,"ts_ns":10216538839,"event":"read_end","token":0,"layer":4,"expert":24,"bytes":13236480,"duration_ns":30747885}
{"schema_version":1,"ts_ns":10216543108,"event":"prefetch_end","token":0,"layer":4,"expert":24,"bytes":13236480,"duration_ns":30747885}
{"schema_version":1,"ts_ns":10216546454,"event":"prefetch_wait_end","token":0,"layer":4,"expert":24,"duration_ns":1308}
{"schema_version":1,"ts_ns":10216572877,"event":"prefetch_begin","token":0,"layer":4,"expert":9,"bytes":13236480}
{"schema_version":1,"ts_ns":10216576762,"event":"read_begin","token":0,"layer":4,"expert":9,"bytes":13236480}
{"schema_version":1,"ts_ns":10216581262,"event":"compute_begin","token":0,"layer":4,"expert":24}
{"schema_version":1,"ts_ns":10464474954,"event":"compute_end","token":0,"layer":4,"expert":24,"duration_ns":247890384}
{"schema_version":1,"ts_ns":10464491993,"event":"route","token":0,"layer":4,"expert":9}
{"schema_version":1,"ts_ns":10467905685,"event":"cache_miss","token":0,"layer":4,"expert":9,"cache_hit":false}
{"schema_version":1,"ts_ns":10467913916,"event":"read_end","token":0,"layer":4,"expert":9,"bytes":13236480,"duration_ns":55426539}
{"schema_version":1,"ts_ns":10467917531,"event":"prefetch_end","token":0,"layer":4,"expert":9,"bytes":13236480,"duration_ns":55426539}
{"schema_version":1,"ts_ns":10467920608,"event":"prefetch_wait_end","token":0,"layer":4,"expert":9,"duration_ns":11193}
{"schema_version":1,"ts_ns":10467938608,"event":"prefetch_begin","token":0,"layer":4,"expert":22,"bytes":13236480}
{"schema_version":1,"ts_ns":10467942570,"event":"read_begin","token":0,"layer":4,"expert":22,"bytes":13236480}
{"schema_version":1,"ts_ns":10467946570,"event":"compute_begin","token":0,"layer":4,"expert":9}
{"schema_version":1,"ts_ns":10715680877,"event":"compute_end","token":0,"layer":4,"expert":9,"duration_ns":247731269}
{"schema_version":1,"ts_ns":10715697685,"event":"route","token":0,"layer":4,"expert":22}
{"schema_version":1,"ts_ns":10719660492,"event":"cache_miss","token":0,"layer":4,"expert":22,"cache_hit":false}
{"schema_version":1,"ts_ns":10719669531,"event":"read_end","token":0,"layer":4,"expert":22,"bytes":13236480,"duration_ns":53930346}
{"schema_version":1,"ts_ns":10719673685,"event":"prefetch_end","token":0,"layer":4,"expert":22,"bytes":13236480,"duration_ns":53930346}
{"schema_version":1,"ts_ns":10719676916,"event":"prefetch_wait_end","token":0,"layer":4,"expert":22,"duration_ns":962}
{"schema_version":1,"ts_ns":10719682031,"event":"compute_begin","token":0,"layer":4,"expert":22}
{"schema_version":1,"ts_ns":10967375031,"event":"compute_end","token":0,"layer":4,"expert":22,"duration_ns":247690462}
{"schema_version":1,"ts_ns":10967398492,"event":"route","token":1,"layer":4,"expert":24}
{"schema_version":1,"ts_ns":10967406415,"event":"cache_hit","token":1,"layer":4,"expert":24,"cache_hit":true}
{"schema_version":1,"ts_ns":10967410185,"event":"compute_begin","token":1,"layer":4,"expert":24}
{"schema_version":1,"ts_ns":11215349107,"event":"compute_end","token":1,"layer":4,"expert":24,"duration_ns":247935384}
{"schema_version":1,"ts_ns":11215369607,"event":"route","token":1,"layer":4,"expert":22}
{"schema_version":1,"ts_ns":11215377377,"event":"cache_hit","token":1,"layer":4,"expert":22,"cache_hit":true}
{"schema_version":1,"ts_ns":11215397723,"event":"prefetch_begin","token":1,"layer":4,"expert":31,"bytes":13236480}
{"schema_version":1,"ts_ns":11215400531,"event":"read_begin","token":1,"layer":4,"expert":31,"bytes":13236480}
{"schema_version":1,"ts_ns":11215403607,"event":"compute_begin","token":1,"layer":4,"expert":22}
{"schema_version":1,"ts_ns":11463646992,"event":"compute_end","token":1,"layer":4,"expert":22,"duration_ns":248241307}
{"schema_version":1,"ts_ns":11463662877,"event":"route","token":1,"layer":4,"expert":31}
{"schema_version":1,"ts_ns":11467157300,"event":"cache_miss","token":1,"layer":4,"expert":31,"cache_hit":false}
{"schema_version":1,"ts_ns":11467165146,"event":"read_end","token":1,"layer":4,"expert":31,"bytes":13236480,"duration_ns":12142923}
{"schema_version":1,"ts_ns":11467169184,"event":"prefetch_end","token":1,"layer":4,"expert":31,"bytes":13236480,"duration_ns":12142923}
{"schema_version":1,"ts_ns":11467172953,"event":"prefetch_wait_end","token":1,"layer":4,"expert":31,"duration_ns":1307}
{"schema_version":1,"ts_ns":11467192146,"event":"prefetch_begin","token":1,"layer":4,"expert":23,"bytes":13236480}
{"schema_version":1,"ts_ns":11467196684,"event":"read_begin","token":1,"layer":4,"expert":23,"bytes":13236480}
{"schema_version":1,"ts_ns":11467201453,"event":"compute_begin","token":1,"layer":4,"expert":31}
{"schema_version":1,"ts_ns":11714949030,"event":"compute_end","token":1,"layer":4,"expert":31,"duration_ns":247744769}
{"schema_version":1,"ts_ns":11714967876,"event":"route","token":1,"layer":4,"expert":23}
{"schema_version":1,"ts_ns":11718677415,"event":"cache_miss","token":1,"layer":4,"expert":23,"cache_hit":false}
{"schema_version":1,"ts_ns":11718685876,"event":"read_end","token":1,"layer":4,"expert":23,"bytes":13236480,"duration_ns":52069847}
{"schema_version":1,"ts_ns":11718690799,"event":"prefetch_end","token":1,"layer":4,"expert":23,"bytes":13236480,"duration_ns":52069847}
{"schema_version":1,"ts_ns":11718694222,"event":"prefetch_wait_end","token":1,"layer":4,"expert":23,"duration_ns":1038}
{"schema_version":1,"ts_ns":11718699376,"event":"compute_begin","token":1,"layer":4,"expert":23}
{"schema_version":1,"ts_ns":11966372184,"event":"compute_end","token":1,"layer":4,"expert":23,"duration_ns":247670231}
{"schema_version":1,"ts_ns":11966391722,"event":"layer_end","layer":4}
{"schema_version":1,"ts_ns":11966401261,"event":"decoder_layer_end","layer":4}
{"schema_version":1,"ts_ns":11966411184,"event":"decoder_layer_begin","layer":5}
{"schema_version":1,"ts_ns":12283552107,"event":"attention_end","layer":5,"bytes":40960}
{"schema_version":1,"ts_ns":12287915184,"event":"layer_begin","layer":5}
{"schema_version":1,"ts_ns":12287931530,"event":"route","token":0,"layer":5,"expert":15}
{"schema_version":1,"ts_ns":12287986914,"event":"read_begin","token":0,"layer":5,"expert":15,"bytes":13236480}
{"schema_version":1,"ts_ns":12312285222,"event":"cache_miss","token":0,"layer":5,"expert":15,"cache_hit":false}
{"schema_version":1,"ts_ns":12312298414,"event":"read_end","token":0,"layer":5,"expert":15,"bytes":13236480,"duration_ns":24347347}
{"schema_version":1,"ts_ns":12312316568,"event":"prefetch_begin","token":0,"layer":5,"expert":11,"bytes":13236480}
{"schema_version":1,"ts_ns":12312319453,"event":"read_begin","token":0,"layer":5,"expert":11,"bytes":13236480}
{"schema_version":1,"ts_ns":12312323837,"event":"compute_begin","token":0,"layer":5,"expert":15}
{"schema_version":1,"ts_ns":12560217645,"event":"compute_end","token":0,"layer":5,"expert":15,"duration_ns":247891230}
{"schema_version":1,"ts_ns":12560237299,"event":"route","token":0,"layer":5,"expert":11}
{"schema_version":1,"ts_ns":12563818799,"event":"cache_miss","token":0,"layer":5,"expert":11,"cache_hit":false}
{"schema_version":1,"ts_ns":12563828299,"event":"read_end","token":0,"layer":5,"expert":11,"bytes":13236480,"duration_ns":37341423}
{"schema_version":1,"ts_ns":12563832376,"event":"prefetch_end","token":0,"layer":5,"expert":11,"bytes":13236480,"duration_ns":37341423}
{"schema_version":1,"ts_ns":12563835453,"event":"prefetch_wait_end","token":0,"layer":5,"expert":11,"duration_ns":1231}
{"schema_version":1,"ts_ns":12563855376,"event":"prefetch_begin","token":0,"layer":5,"expert":6,"bytes":13236480}
{"schema_version":1,"ts_ns":12563858645,"event":"read_begin","token":0,"layer":5,"expert":6,"bytes":13236480}
{"schema_version":1,"ts_ns":12563863337,"event":"compute_begin","token":0,"layer":5,"expert":11}
{"schema_version":1,"ts_ns":12811760568,"event":"compute_end","token":0,"layer":5,"expert":11,"duration_ns":247894730}
{"schema_version":1,"ts_ns":12811778952,"event":"route","token":0,"layer":5,"expert":6}
{"schema_version":1,"ts_ns":12815625876,"event":"cache_miss","token":0,"layer":5,"expert":6,"cache_hit":false}
{"schema_version":1,"ts_ns":12815634837,"event":"read_end","token":0,"layer":5,"expert":6,"bytes":13236480,"duration_ns":58990192}
{"schema_version":1,"ts_ns":12815639222,"event":"prefetch_end","token":0,"layer":5,"expert":6,"bytes":13236480,"duration_ns":58990192}
{"schema_version":1,"ts_ns":12815642799,"event":"prefetch_wait_end","token":0,"layer":5,"expert":6,"duration_ns":961}
{"schema_version":1,"ts_ns":12815662914,"event":"prefetch_begin","token":0,"layer":5,"expert":24,"bytes":13236480}
{"schema_version":1,"ts_ns":12815667145,"event":"read_begin","token":0,"layer":5,"expert":24,"bytes":13236480}
{"schema_version":1,"ts_ns":12815671876,"event":"compute_begin","token":0,"layer":5,"expert":6}
{"schema_version":1,"ts_ns":13063376568,"event":"compute_end","token":0,"layer":5,"expert":6,"duration_ns":247702115}
{"schema_version":1,"ts_ns":13063393606,"event":"route","token":0,"layer":5,"expert":24}
{"schema_version":1,"ts_ns":13066868029,"event":"cache_miss","token":0,"layer":5,"expert":24,"cache_hit":false}
{"schema_version":1,"ts_ns":13066876222,"event":"read_end","token":0,"layer":5,"expert":24,"bytes":13236480,"duration_ns":63189654}
{"schema_version":1,"ts_ns":13066880798,"event":"prefetch_end","token":0,"layer":5,"expert":24,"bytes":13236480,"duration_ns":63189654}
{"schema_version":1,"ts_ns":13066884183,"event":"prefetch_wait_end","token":0,"layer":5,"expert":24,"duration_ns":1077}
{"schema_version":1,"ts_ns":13066889452,"event":"compute_begin","token":0,"layer":5,"expert":24}
{"schema_version":1,"ts_ns":13314538837,"event":"compute_end","token":0,"layer":5,"expert":24,"duration_ns":247646500}
{"schema_version":1,"ts_ns":13314562183,"event":"route","token":1,"layer":5,"expert":15}
{"schema_version":1,"ts_ns":13314568068,"event":"read_begin","token":1,"layer":5,"expert":15,"bytes":13236480}
{"schema_version":1,"ts_ns":13322167644,"event":"cache_miss","token":1,"layer":5,"expert":15,"cache_hit":false}
{"schema_version":1,"ts_ns":13322177837,"event":"read_end","token":1,"layer":5,"expert":15,"bytes":13236480,"duration_ns":7600038}
{"schema_version":1,"ts_ns":13322238183,"event":"compute_begin","token":1,"layer":5,"expert":15}
{"schema_version":1,"ts_ns":13569960029,"event":"compute_end","token":1,"layer":5,"expert":15,"duration_ns":247772307}
{"schema_version":1,"ts_ns":13569980375,"event":"route","token":1,"layer":5,"expert":6}
{"schema_version":1,"ts_ns":13569988452,"event":"cache_hit","token":1,"layer":5,"expert":6,"cache_hit":true}
{"schema_version":1,"ts_ns":13569992567,"event":"compute_begin","token":1,"layer":5,"expert":6}
{"schema_version":1,"ts_ns":13817781606,"event":"compute_end","token":1,"layer":5,"expert":6,"duration_ns":247785615}
{"schema_version":1,"ts_ns":13817800913,"event":"route","token":1,"layer":5,"expert":24}
{"schema_version":1,"ts_ns":13817808759,"event":"cache_hit","token":1,"layer":5,"expert":24,"cache_hit":true}
{"schema_version":1,"ts_ns":13817825375,"event":"prefetch_begin","token":1,"layer":5,"expert":31,"bytes":13236480}
{"schema_version":1,"ts_ns":13817828721,"event":"read_begin","token":1,"layer":5,"expert":31,"bytes":13236480}
{"schema_version":1,"ts_ns":13817831913,"event":"compute_begin","token":1,"layer":5,"expert":24}
{"schema_version":1,"ts_ns":14065643029,"event":"compute_end","token":1,"layer":5,"expert":24,"duration_ns":247808539}
{"schema_version":1,"ts_ns":14065663413,"event":"route","token":1,"layer":5,"expert":31}
{"schema_version":1,"ts_ns":14069076221,"event":"cache_miss","token":1,"layer":5,"expert":31,"cache_hit":false}
{"schema_version":1,"ts_ns":14069084029,"event":"read_end","token":1,"layer":5,"expert":31,"bytes":13236480,"duration_ns":65764615}
{"schema_version":1,"ts_ns":14069088759,"event":"prefetch_end","token":1,"layer":5,"expert":31,"bytes":13236480,"duration_ns":65764615}
{"schema_version":1,"ts_ns":14069092529,"event":"prefetch_wait_end","token":1,"layer":5,"expert":31,"duration_ns":1077}
{"schema_version":1,"ts_ns":14069097798,"event":"compute_begin","token":1,"layer":5,"expert":31}
{"schema_version":1,"ts_ns":14316849874,"event":"compute_end","token":1,"layer":5,"expert":31,"duration_ns":247748731}
{"schema_version":1,"ts_ns":14316873259,"event":"layer_end","layer":5}
{"schema_version":1,"ts_ns":14316883259,"event":"decoder_layer_end","layer":5}
{"schema_version":1,"ts_ns":14316894144,"event":"decoder_layer_begin","layer":6}
{"schema_version":1,"ts_ns":14638043913,"event":"attention_end","layer":6,"bytes":40960}
{"schema_version":1,"ts_ns":14643220567,"event":"layer_begin","layer":6}
{"schema_version":1,"ts_ns":14643236528,"event":"route","token":0,"layer":6,"expert":5}
{"schema_version":1,"ts_ns":14643242836,"event":"read_begin","token":0,"layer":6,"expert":5,"bytes":13236480}
{"schema_version":1,"ts_ns":14668368336,"event":"cache_miss","token":0,"layer":6,"expert":5,"cache_hit":false}
{"schema_version":1,"ts_ns":14668384297,"event":"read_end","token":0,"layer":6,"expert":5,"bytes":13236480,"duration_ns":25124269}
{"schema_version":1,"ts_ns":14668405490,"event":"prefetch_begin","token":0,"layer":6,"expert":17,"bytes":13236480}
{"schema_version":1,"ts_ns":14668409143,"event":"read_begin","token":0,"layer":6,"expert":17,"bytes":13236480}
{"schema_version":1,"ts_ns":14668413913,"event":"compute_begin","token":0,"layer":6,"expert":5}
{"schema_version":1,"ts_ns":14916560951,"event":"compute_end","token":0,"layer":6,"expert":5,"duration_ns":248143770}
{"schema_version":1,"ts_ns":14916578989,"event":"route","token":0,"layer":6,"expert":17}
{"schema_version":1,"ts_ns":14919991489,"event":"cache_miss","token":0,"layer":6,"expert":17,"cache_hit":false}
{"schema_version":1,"ts_ns":14919998682,"event":"read_end","token":0,"layer":6,"expert":17,"bytes":13236480,"duration_ns":40276538}
{"schema_version":1,"ts_ns":14920002797,"event":"prefetch_end","token":0,"layer":6,"expert":17,"bytes":13236480,"duration_ns":40276538}
{"schema_version":1,"ts_ns":14920006220,"event":"prefetch_wait_end","token":0,"layer":6,"expert":17,"duration_ns":1270}
{"schema_version":1,"ts_ns":14920028759,"event":"prefetch_begin","token":0,"layer":6,"expert":30,"bytes":13236480}
{"schema_version":1,"ts_ns":14920033413,"event":"read_begin","token":0,"layer":6,"expert":30,"bytes":13236480}
{"schema_version":1,"ts_ns":14920114836,"event":"compute_begin","token":0,"layer":6,"expert":17}
{"schema_version":1,"ts_ns":15167820297,"event":"compute_end","token":0,"layer":6,"expert":17,"duration_ns":247702923}
{"schema_version":1,"ts_ns":15167836105,"event":"route","token":0,"layer":6,"expert":30}
{"schema_version":1,"ts_ns":15171569951,"event":"cache_miss","token":0,"layer":6,"expert":30,"cache_hit":false}
{"schema_version":1,"ts_ns":15171579797,"event":"read_end","token":0,"layer":6,"expert":30,"bytes":13236480,"duration_ns":59447615}
{"schema_version":1,"ts_ns":15171584258,"event":"prefetch_end","token":0,"layer":6,"expert":30,"bytes":13236480,"duration_ns":59447615}
{"schema_version":1,"ts_ns":15171587643,"event":"prefetch_wait_end","token":0,"layer":6,"expert":30,"duration_ns":1423}
{"schema_version":1,"ts_ns":15171611297,"event":"prefetch_begin","token":0,"layer":6,"expert":13,"bytes":13236480}
{"schema_version":1,"ts_ns":15171614912,"event":"read_begin","token":0,"layer":6,"expert":13,"bytes":13236480}
{"schema_version":1,"ts_ns":15171620335,"event":"compute_begin","token":0,"layer":6,"expert":30}
{"schema_version":1,"ts_ns":15419324951,"event":"compute_end","token":0,"layer":6,"expert":30,"duration_ns":247701499}
{"schema_version":1,"ts_ns":15419341451,"event":"route","token":0,"layer":6,"expert":13}
{"schema_version":1,"ts_ns":15422865951,"event":"cache_miss","token":0,"layer":6,"expert":13,"cache_hit":false}
{"schema_version":1,"ts_ns":15422872912,"event":"read_end","token":0,"layer":6,"expert":13,"bytes":13236480,"duration_ns":60736539}
{"schema_version":1,"ts_ns":15422876604,"event":"prefetch_end","token":0,"layer":6,"expert":13,"bytes":13236480,"duration_ns":60736539}
{"schema_version":1,"ts_ns":15422879758,"event":"prefetch_wait_end","token":0,"layer":6,"expert":13,"duration_ns":1346}
{"schema_version":1,"ts_ns":15422885181,"event":"compute_begin","token":0,"layer":6,"expert":13}
{"schema_version":1,"ts_ns":15670571335,"event":"compute_end","token":0,"layer":6,"expert":13,"duration_ns":247683422}
{"schema_version":1,"ts_ns":15670593989,"event":"route","token":1,"layer":6,"expert":14}
{"schema_version":1,"ts_ns":15670599297,"event":"read_begin","token":1,"layer":6,"expert":14,"bytes":13236480}
{"schema_version":1,"ts_ns":15711291873,"event":"cache_miss","token":1,"layer":6,"expert":14,"cache_hit":false}
{"schema_version":1,"ts_ns":15711304835,"event":"read_end","token":1,"layer":6,"expert":14,"bytes":13236480,"duration_ns":40692115}
{"schema_version":1,"ts_ns":15711325181,"event":"prefetch_begin","token":1,"layer":6,"expert":27,"bytes":13236480}
{"schema_version":1,"ts_ns":15711328104,"event":"read_begin","token":1,"layer":6,"expert":27,"bytes":13236480}
{"schema_version":1,"ts_ns":15711332566,"event":"compute_begin","token":1,"layer":6,"expert":14}
{"schema_version":1,"ts_ns":15959234643,"event":"compute_end","token":1,"layer":6,"expert":14,"duration_ns":247899308}
{"schema_version":1,"ts_ns":15959253912,"event":"route","token":1,"layer":6,"expert":27}
{"schema_version":1,"ts_ns":15962823527,"event":"cache_miss","token":1,"layer":6,"expert":27,"cache_hit":false}
{"schema_version":1,"ts_ns":15962832181,"event":"read_end","token":1,"layer":6,"expert":27,"bytes":13236480,"duration_ns":39589423}
{"schema_version":1,"ts_ns":15962836335,"event":"prefetch_end","token":1,"layer":6,"expert":27,"bytes":13236480,"duration_ns":39589423}
{"schema_version":1,"ts_ns":15962840066,"event":"prefetch_wait_end","token":1,"layer":6,"expert":27,"duration_ns":1731}
{"schema_version":1,"ts_ns":15962858796,"event":"prefetch_begin","token":1,"layer":6,"expert":2,"bytes":13236480}
{"schema_version":1,"ts_ns":15962862412,"event":"read_begin","token":1,"layer":6,"expert":2,"bytes":13236480}
{"schema_version":1,"ts_ns":15962867143,"event":"compute_begin","token":1,"layer":6,"expert":27}
{"schema_version":1,"ts_ns":16210590604,"event":"compute_end","token":1,"layer":6,"expert":27,"duration_ns":247721000}
{"schema_version":1,"ts_ns":16210609912,"event":"route","token":1,"layer":6,"expert":2}
{"schema_version":1,"ts_ns":16214079989,"event":"cache_miss","token":1,"layer":6,"expert":2,"cache_hit":false}
{"schema_version":1,"ts_ns":16214089681,"event":"read_end","token":1,"layer":6,"expert":2,"bytes":13236480,"duration_ns":35164270}
{"schema_version":1,"ts_ns":16214093835,"event":"prefetch_end","token":1,"layer":6,"expert":2,"bytes":13236480,"duration_ns":35164270}
{"schema_version":1,"ts_ns":16214097758,"event":"prefetch_wait_end","token":1,"layer":6,"expert":2,"duration_ns":1423}
{"schema_version":1,"ts_ns":16214120642,"event":"prefetch_begin","token":1,"layer":6,"expert":17,"bytes":13236480}
{"schema_version":1,"ts_ns":16214124373,"event":"read_begin","token":1,"layer":6,"expert":17,"bytes":13236480}
{"schema_version":1,"ts_ns":16214128912,"event":"compute_begin","token":1,"layer":6,"expert":2}
{"schema_version":1,"ts_ns":16461823065,"event":"compute_end","token":1,"layer":6,"expert":2,"duration_ns":247691077}
{"schema_version":1,"ts_ns":16461842565,"event":"route","token":1,"layer":6,"expert":17}
{"schema_version":1,"ts_ns":16465596758,"event":"cache_miss","token":1,"layer":6,"expert":17,"cache_hit":false}
{"schema_version":1,"ts_ns":16465605296,"event":"read_end","token":1,"layer":6,"expert":17,"bytes":13236480,"duration_ns":13258230}
{"schema_version":1,"ts_ns":16465608681,"event":"prefetch_end","token":1,"layer":6,"expert":17,"bytes":13236480,"duration_ns":13258230}
{"schema_version":1,"ts_ns":16465611911,"event":"prefetch_wait_end","token":1,"layer":6,"expert":17,"duration_ns":1461}
{"schema_version":1,"ts_ns":16465617104,"event":"compute_begin","token":1,"layer":6,"expert":17}
{"schema_version":1,"ts_ns":16713296142,"event":"compute_end","token":1,"layer":6,"expert":17,"duration_ns":247676038}
{"schema_version":1,"ts_ns":16713317527,"event":"layer_end","layer":6}
{"schema_version":1,"ts_ns":16713326565,"event":"decoder_layer_end","layer":6}
{"schema_version":1,"ts_ns":16713336334,"event":"decoder_layer_begin","layer":7}
{"schema_version":1,"ts_ns":17059128565,"event":"attention_end","layer":7,"bytes":40960}
{"schema_version":1,"ts_ns":17063677873,"event":"layer_begin","layer":7}
{"schema_version":1,"ts_ns":17063693911,"event":"route","token":0,"layer":7,"expert":10}
{"schema_version":1,"ts_ns":17063699257,"event":"read_begin","token":0,"layer":7,"expert":10,"bytes":13236480}
{"schema_version":1,"ts_ns":17086367949,"event":"cache_miss","token":0,"layer":7,"expert":10,"cache_hit":false}
{"schema_version":1,"ts_ns":17086380872,"event":"read_end","token":0,"layer":7,"expert":10,"bytes":13236480,"duration_ns":22668500}
{"schema_version":1,"ts_ns":17086396680,"event":"prefetch_begin","token":0,"layer":7,"expert":18,"bytes":13236480}
{"schema_version":1,"ts_ns":17086399565,"event":"read_begin","token":0,"layer":7,"expert":18,"bytes":13236480}
{"schema_version":1,"ts_ns":17086403796,"event":"compute_begin","token":0,"layer":7,"expert":10}
{"schema_version":1,"ts_ns":17334164642,"event":"compute_end","token":0,"layer":7,"expert":10,"duration_ns":247758038}
{"schema_version":1,"ts_ns":17334183718,"event":"route","token":0,"layer":7,"expert":18}
{"schema_version":1,"ts_ns":17337812680,"event":"cache_miss","token":0,"layer":7,"expert":18,"cache_hit":false}
{"schema_version":1,"ts_ns":17337820642,"event":"read_end","token":0,"layer":7,"expert":18,"bytes":13236480,"duration_ns":41318693}
{"schema_version":1,"ts_ns":17337824757,"event":"prefetch_end","token":0,"layer":7,"expert":18,"bytes":13236480,"duration_ns":41318693}
{"schema_version":1,"ts_ns":17337828026,"event":"prefetch_wait_end","token":0,"layer":7,"expert":18,"duration_ns":1500}
{"schema_version":1,"ts_ns":17337849603,"event":"prefetch_begin","token":0,"layer":7,"expert":6,"bytes":13236480}
{"schema_version":1,"ts_ns":17337853718,"event":"read_begin","token":0,"layer":7,"expert":6,"bytes":13236480}
{"schema_version":1,"ts_ns":17337858949,"event":"compute_begin","token":0,"layer":7,"expert":18}
{"schema_version":1,"ts_ns":17585593872,"event":"compute_end","token":0,"layer":7,"expert":18,"duration_ns":247731616}
{"schema_version":1,"ts_ns":17585683795,"event":"route","token":0,"layer":7,"expert":6}
{"schema_version":1,"ts_ns":17589135103,"event":"cache_miss","token":0,"layer":7,"expert":6,"cache_hit":false}
{"schema_version":1,"ts_ns":17589144757,"event":"read_end","token":0,"layer":7,"expert":6,"bytes":13236480,"duration_ns":56282846}
{"schema_version":1,"ts_ns":17589148988,"event":"prefetch_end","token":0,"layer":7,"expert":6,"bytes":13236480,"duration_ns":56282846}
{"schema_version":1,"ts_ns":17589152141,"event":"prefetch_wait_end","token":0,"layer":7,"expert":6,"duration_ns":1154}
{"schema_version":1,"ts_ns":17589171603,"event":"prefetch_begin","token":0,"layer":7,"expert":7,"bytes":13236480}
{"schema_version":1,"ts_ns":17589174411,"event":"read_begin","token":0,"layer":7,"expert":7,"bytes":13236480}
{"schema_version":1,"ts_ns":17589179218,"event":"compute_begin","token":0,"layer":7,"expert":6}
{"schema_version":1,"ts_ns":17836923410,"event":"compute_end","token":0,"layer":7,"expert":6,"duration_ns":247741230}
{"schema_version":1,"ts_ns":17836942410,"event":"route","token":0,"layer":7,"expert":7}
{"schema_version":1,"ts_ns":17840718449,"event":"cache_miss","token":0,"layer":7,"expert":7,"cache_hit":false}
{"schema_version":1,"ts_ns":17840727257,"event":"read_end","token":0,"layer":7,"expert":7,"bytes":13236480,"duration_ns":52971461}
{"schema_version":1,"ts_ns":17840730987,"event":"prefetch_end","token":0,"layer":7,"expert":7,"bytes":13236480,"duration_ns":52971461}
{"schema_version":1,"ts_ns":17840734064,"event":"prefetch_wait_end","token":0,"layer":7,"expert":7,"duration_ns":1270}
{"schema_version":1,"ts_ns":17840738833,"event":"compute_begin","token":0,"layer":7,"expert":7}
{"schema_version":1,"ts_ns":18088335179,"event":"compute_end","token":0,"layer":7,"expert":7,"duration_ns":247594154}
{"schema_version":1,"ts_ns":18088357026,"event":"route","token":1,"layer":7,"expert":10}
{"schema_version":1,"ts_ns":18088363526,"event":"read_begin","token":1,"layer":7,"expert":10,"bytes":13236480}
{"schema_version":1,"ts_ns":18095403641,"event":"cache_miss","token":1,"layer":7,"expert":10,"cache_hit":false}
{"schema_version":1,"ts_ns":18095414026,"event":"read_end","token":1,"layer":7,"expert":10,"bytes":13236480,"duration_ns":7041500}
{"schema_version":1,"ts_ns":18095435372,"event":"prefetch_begin","token":1,"layer":7,"expert":18,"bytes":13236480}
{"schema_version":1,"ts_ns":18095438372,"event":"read_begin","token":1,"layer":7,"expert":18,"bytes":13236480}
{"schema_version":1,"ts_ns":18095442256,"event":"compute_begin","token":1,"layer":7,"expert":10}
{"schema_version":1,"ts_ns":18343105372,"event":"compute_end","token":1,"layer":7,"expert":10,"duration_ns":247660654}
{"schema_version":1,"ts_ns":18343120487,"event":"route","token":1,"layer":7,"expert":18}
{"schema_version":1,"ts_ns":18346870295,"event":"cache_miss","token":1,"layer":7,"expert":18,"cache_hit":false}
{"schema_version":1,"ts_ns":18346878795,"event":"read_end","token":1,"layer":7,"expert":18,"bytes":13236480,"duration_ns":13423423}
{"schema_version":1,"ts_ns":18346882102,"event":"prefetch_end","token":1,"layer":7,"expert":18,"bytes":13236480,"duration_ns":13423423}
{"schema_version":1,"ts_ns":18346885102,"event":"prefetch_wait_end","token":1,"layer":7,"expert":18,"duration_ns":1000}
{"schema_version":1,"ts_ns":18346901487,"event":"prefetch_begin","token":1,"layer":7,"expert":5,"bytes":13236480}
{"schema_version":1,"ts_ns":18346904602,"event":"read_begin","token":1,"layer":7,"expert":5,"bytes":13236480}
{"schema_version":1,"ts_ns":18346908641,"event":"compute_begin","token":1,"layer":7,"expert":18}
{"schema_version":1,"ts_ns":18594681718,"event":"compute_end","token":1,"layer":7,"expert":18,"duration_ns":247769693}
{"schema_version":1,"ts_ns":18594700525,"event":"route","token":1,"layer":7,"expert":5}
{"schema_version":1,"ts_ns":18598165641,"event":"cache_miss","token":1,"layer":7,"expert":5,"cache_hit":false}
{"schema_version":1,"ts_ns":18598173371,"event":"read_end","token":1,"layer":7,"expert":5,"bytes":13236480,"duration_ns":54168308}
{"schema_version":1,"ts_ns":18598177141,"event":"prefetch_end","token":1,"layer":7,"expert":5,"bytes":13236480,"duration_ns":54168308}
{"schema_version":1,"ts_ns":18598236294,"event":"prefetch_wait_end","token":1,"layer":7,"expert":5,"duration_ns":1269}
{"schema_version":1,"ts_ns":18598252410,"event":"prefetch_begin","token":1,"layer":7,"expert":6,"bytes":13236480}
{"schema_version":1,"ts_ns":18598255294,"event":"read_begin","token":1,"layer":7,"expert":6,"bytes":13236480}
{"schema_version":1,"ts_ns":18598259256,"event":"compute_begin","token":1,"layer":7,"expert":5}
{"schema_version":1,"ts_ns":18845970717,"event":"compute_end","token":1,"layer":7,"expert":5,"duration_ns":247707999}
{"schema_version":1,"ts_ns":18845989910,"event":"route","token":1,"layer":7,"expert":6}
{"schema_version":1,"ts_ns":18849740140,"event":"cache_miss","token":1,"layer":7,"expert":6,"cache_hit":false}
{"schema_version":1,"ts_ns":18849747679,"event":"read_end","token":1,"layer":7,"expert":6,"bytes":13236480,"duration_ns":12523847}
{"schema_version":1,"ts_ns":18849751833,"event":"prefetch_end","token":1,"layer":7,"expert":6,"bytes":13236480,"duration_ns":12523847}
{"schema_version":1,"ts_ns":18849755179,"event":"prefetch_wait_end","token":1,"layer":7,"expert":6,"duration_ns":1731}
{"schema_version":1,"ts_ns":18849759871,"event":"compute_begin","token":1,"layer":7,"expert":6}
{"schema_version":1,"ts_ns":19097433794,"event":"compute_end","token":1,"layer":7,"expert":6,"duration_ns":247670231}
{"schema_version":1,"ts_ns":19097454756,"event":"layer_end","layer":7}
{"schema_version":1,"ts_ns":19097464217,"event":"decoder_layer_end","layer":7}
{"schema_version":1,"ts_ns":19097474640,"event":"decoder_layer_begin","layer":8}
{"schema_version":1,"ts_ns":19465167909,"event":"attention_end","layer":8,"bytes":40960}
{"schema_version":1,"ts_ns":19470734640,"event":"layer_begin","layer":8}
{"schema_version":1,"ts_ns":19470751178,"event":"route","token":0,"layer":8,"expert":20}
{"schema_version":1,"ts_ns":19470756832,"event":"read_begin","token":0,"layer":8,"expert":20,"bytes":13236480}
{"schema_version":1,"ts_ns":19492915678,"event":"cache_miss","token":0,"layer":8,"expert":20,"cache_hit":false}
{"schema_version":1,"ts_ns":19492929371,"event":"read_end","token":0,"layer":8,"expert":20,"bytes":13236480,"duration_ns":22158154}
{"schema_version":1,"ts_ns":19492947371,"event":"prefetch_begin","token":0,"layer":8,"expert":1,"bytes":13236480}
{"schema_version":1,"ts_ns":19492950255,"event":"read_begin","token":0,"layer":8,"expert":1,"bytes":13236480}
{"schema_version":1,"ts_ns":19492954371,"event":"compute_begin","token":0,"layer":8,"expert":20}
{"schema_version":1,"ts_ns":19740761794,"event":"compute_end","token":0,"layer":8,"expert":20,"duration_ns":247804423}
{"schema_version":1,"ts_ns":19740780948,"event":"route","token":0,"layer":8,"expert":1}
{"schema_version":1,"ts_ns":19744622024,"event":"cache_miss","token":0,"layer":8,"expert":1,"cache_hit":false}
{"schema_version":1,"ts_ns":19744629909,"event":"read_end","token":0,"layer":8,"expert":1,"bytes":13236480,"duration_ns":43622693}
{"schema_version":1,"ts_ns":19744633524,"event":"prefetch_end","token":0,"layer":8,"expert":1,"bytes":13236480,"duration_ns":43622693}
{"schema_version":1,"ts_ns":19744636678,"event":"prefetch_wait_end","token":0,"layer":8,"expert":1,"duration_ns":1500}
{"schema_version":1,"ts_ns":19744654409,"event":"prefetch_begin","token":0,"layer":8,"expert":23,"bytes":13236480}
{"schema_version":1,"ts_ns":19744658409,"event":"read_begin","token":0,"layer":8,"expert":23,"bytes":13236480}
{"schema_version":1,"ts_ns":19744662871,"event":"compute_begin","token":0,"layer":8,"expert":1}
{"schema_version":1,"ts_ns":19992456793,"event":"compute_end","token":0,"layer":8,"expert":1,"duration_ns":247791538}
{"schema_version":1,"ts_ns":19992474178,"event":"route","token":0,"layer":8,"expert":23}
{"schema_version":1,"ts_ns":19996054524,"event":"cache_miss","token":0,"layer":8,"expert":23,"cache_hit":false}
{"schema_version":1,"ts_ns":19996062524,"event":"read_end","token":0,"layer":8,"expert":23,"bytes":13236480,"duration_ns":62829038}
{"schema_version":1,"ts_ns":19996127178,"event":"prefetch_end","token":0,"layer":8,"expert":23,"bytes":13236480,"duration_ns":62829038}
{"schema_version":1,"ts_ns":19996133063,"event":"prefetch_wait_end","token":0,"layer":8,"expert":23,"duration_ns":1077}
{"schema_version":1,"ts_ns":19996148640,"event":"prefetch_begin","token":0,"layer":8,"expert":26,"bytes":13236480}
{"schema_version":1,"ts_ns":19996152063,"event":"read_begin","token":0,"layer":8,"expert":26,"bytes":13236480}
{"schema_version":1,"ts_ns":19996156832,"event":"compute_begin","token":0,"layer":8,"expert":23}
{"schema_version":1,"ts_ns":20243941793,"event":"compute_end","token":0,"layer":8,"expert":23,"duration_ns":247782692}
{"schema_version":1,"ts_ns":20243962563,"event":"route","token":0,"layer":8,"expert":26}
{"schema_version":1,"ts_ns":20247788832,"event":"cache_miss","token":0,"layer":8,"expert":26,"cache_hit":false}
{"schema_version":1,"ts_ns":20247797293,"event":"read_end","token":0,"layer":8,"expert":26,"bytes":13236480,"duration_ns":59708270}
{"schema_version":1,"ts_ns":20247801063,"event":"prefetch_end","token":0,"layer":8,"expert":26,"bytes":13236480,"duration_ns":59708270}
{"schema_version":1,"ts_ns":20247804063,"event":"prefetch_wait_end","token":0,"layer":8,"expert":26,"duration_ns":1269}
{"schema_version":1,"ts_ns":20247809255,"event":"compute_begin","token":0,"layer":8,"expert":26}
{"schema_version":1,"ts_ns":20495529062,"event":"compute_end","token":0,"layer":8,"expert":26,"duration_ns":247717231}
{"schema_version":1,"ts_ns":20495550332,"event":"route","token":1,"layer":8,"expert":20}
{"schema_version":1,"ts_ns":20495555332,"event":"read_begin","token":1,"layer":8,"expert":20,"bytes":13236480}
{"schema_version":1,"ts_ns":20502788447,"event":"cache_miss","token":1,"layer":8,"expert":20,"cache_hit":false}
{"schema_version":1,"ts_ns":20502797447,"event":"read_end","token":1,"layer":8,"expert":20,"bytes":13236480,"duration_ns":7233154}
{"schema_version":1,"ts_ns":20502822101,"event":"prefetch_begin","token":1,"layer":8,"expert":9,"bytes":13236480}
{"schema_version":1,"ts_ns":20502825524,"event":"read_begin","token":1,"layer":8,"expert":9,"bytes":13236480}
{"schema_version":1,"ts_ns":20502830255,"event":"compute_begin","token":1,"layer":8,"expert":20}
{"schema_version":1,"ts_ns":20750662908,"event":"compute_end","token":1,"layer":8,"expert":20,"duration_ns":247829462}
{"schema_version":1,"ts_ns":20750682447,"event":"route","token":1,"layer":8,"expert":9}
{"schema_version":1,"ts_ns":20754101024,"event":"cache_miss","token":1,"layer":8,"expert":9,"cache_hit":false}
{"schema_version":1,"ts_ns":20754108639,"event":"read_end","token":1,"layer":8,"expert":9,"bytes":13236480,"duration_ns":58935153}
{"schema_version":1,"ts_ns":20754113178,"event":"prefetch_end","token":1,"layer":8,"expert":9,"bytes":13236480,"duration_ns":58935153}
{"schema_version":1,"ts_ns":20754117293,"event":"prefetch_wait_end","token":1,"layer":8,"expert":9,"duration_ns":1693}
{"schema_version":1,"ts_ns":20754137485,"event":"prefetch_begin","token":1,"layer":8,"expert":23,"bytes":13236480}
{"schema_version":1,"ts_ns":20754141447,"event":"read_begin","token":1,"layer":8,"expert":23,"bytes":13236480}
{"schema_version":1,"ts_ns":20754145678,"event":"compute_begin","token":1,"layer":8,"expert":9}
{"schema_version":1,"ts_ns":21001859331,"event":"compute_end","token":1,"layer":8,"expert":9,"duration_ns":247711192}
{"schema_version":1,"ts_ns":21001880870,"event":"route","token":1,"layer":8,"expert":23}
{"schema_version":1,"ts_ns":21005712024,"event":"cache_miss","token":1,"layer":8,"expert":23,"cache_hit":false}
{"schema_version":1,"ts_ns":21005721793,"event":"read_end","token":1,"layer":8,"expert":23,"bytes":13236480,"duration_ns":12900231}
{"schema_version":1,"ts_ns":21005725831,"event":"prefetch_end","token":1,"layer":8,"expert":23,"bytes":13236480,"duration_ns":12900231}
{"schema_version":1,"ts_ns":21005729216,"event":"prefetch_wait_end","token":1,"layer":8,"expert":23,"duration_ns":846}
{"schema_version":1,"ts_ns":21005748600,"event":"prefetch_begin","token":1,"layer":8,"expert":18,"bytes":13236480}
{"schema_version":1,"ts_ns":21005807408,"event":"read_begin","token":1,"layer":8,"expert":18,"bytes":13236480}
{"schema_version":1,"ts_ns":21005814447,"event":"compute_begin","token":1,"layer":8,"expert":23}
{"schema_version":1,"ts_ns":21253638754,"event":"compute_end","token":1,"layer":8,"expert":23,"duration_ns":247821000}
{"schema_version":1,"ts_ns":21253657639,"event":"route","token":1,"layer":8,"expert":18}
{"schema_version":1,"ts_ns":21257161370,"event":"cache_miss","token":1,"layer":8,"expert":18,"cache_hit":false}
{"schema_version":1,"ts_ns":21257169754,"event":"read_end","token":1,"layer":8,"expert":18,"bytes":13236480,"duration_ns":58260500}
{"schema_version":1,"ts_ns":21257173139,"event":"prefetch_end","token":1,"layer":8,"expert":18,"bytes":13236480,"duration_ns":58260500}
{"schema_version":1,"ts_ns":21257176177,"event":"prefetch_wait_end","token":1,"layer":8,"expert":18,"duration_ns":808}
{"schema_version":1,"ts_ns":21257180793,"event":"compute_begin","token":1,"layer":8,"expert":18}
{"schema_version":1,"ts_ns":21504841869,"event":"compute_end","token":1,"layer":8,"expert":18,"duration_ns":247658346}
{"schema_version":1,"ts_ns":21504859639,"event":"layer_end","layer":8}
{"schema_version":1,"ts_ns":21504869177,"event":"decoder_layer_end","layer":8}
{"schema_version":1,"ts_ns":21504878562,"event":"decoder_layer_begin","layer":9}
{"schema_version":1,"ts_ns":21853997946,"event":"attention_end","layer":9,"bytes":40960}
{"schema_version":1,"ts_ns":21858659408,"event":"layer_begin","layer":9}
{"schema_version":1,"ts_ns":21858677561,"event":"route","token":0,"layer":9,"expert":16}
{"schema_version":1,"ts_ns":21858682446,"event":"read_begin","token":0,"layer":9,"expert":16,"bytes":13236480}
{"schema_version":1,"ts_ns":21885845523,"event":"cache_miss","token":0,"layer":9,"expert":16,"cache_hit":false}
{"schema_version":1,"ts_ns":21885860215,"event":"read_end","token":0,"layer":9,"expert":16,"bytes":13236480,"duration_ns":27161615}
{"schema_version":1,"ts_ns":21885883908,"event":"prefetch_begin","token":0,"layer":9,"expert":24,"bytes":13236480}
{"schema_version":1,"ts_ns":21885887369,"event":"read_begin","token":0,"layer":9,"expert":24,"bytes":13236480}
{"schema_version":1,"ts_ns":21885892446,"event":"compute_begin","token":0,"layer":9,"expert":16}
{"schema_version":1,"ts_ns":22134122600,"event":"compute_end","token":0,"layer":9,"expert":16,"duration_ns":248226538}
{"schema_version":1,"ts_ns":22134141869,"event":"route","token":0,"layer":9,"expert":24}
{"schema_version":1,"ts_ns":22137756023,"event":"cache_miss","token":0,"layer":9,"expert":24,"cache_hit":false}
{"schema_version":1,"ts_ns":22137764215,"event":"read_end","token":0,"layer":9,"expert":24,"bytes":13236480,"duration_ns":39750000}
{"schema_version":1,"ts_ns":22137768792,"event":"prefetch_end","token":0,"layer":9,"expert":24,"bytes":13236480,"duration_ns":39750000}
{"schema_version":1,"ts_ns":22137772215,"event":"prefetch_wait_end","token":0,"layer":9,"expert":24,"duration_ns":1539}
{"schema_version":1,"ts_ns":22137795638,"event":"prefetch_begin","token":0,"layer":9,"expert":26,"bytes":13236480}
{"schema_version":1,"ts_ns":22137799292,"event":"read_begin","token":0,"layer":9,"expert":26,"bytes":13236480}
{"schema_version":1,"ts_ns":22137804330,"event":"compute_begin","token":0,"layer":9,"expert":24}
{"schema_version":1,"ts_ns":22385488369,"event":"compute_end","token":0,"layer":9,"expert":24,"duration_ns":247681346}
{"schema_version":1,"ts_ns":22385505984,"event":"route","token":0,"layer":9,"expert":26}
{"schema_version":1,"ts_ns":22388896561,"event":"cache_miss","token":0,"layer":9,"expert":26,"cache_hit":false}
{"schema_version":1,"ts_ns":22388904907,"event":"read_end","token":0,"layer":9,"expert":26,"bytes":13236480,"duration_ns":59748884}
{"schema_version":1,"ts_ns":22388908484,"event":"prefetch_end","token":0,"layer":9,"expert":26,"bytes":13236480,"duration_ns":59748884}
{"schema_version":1,"ts_ns":22388911484,"event":"prefetch_wait_end","token":0,"layer":9,"expert":26,"duration_ns":1616}
{"schema_version":1,"ts_ns":22388928946,"event":"prefetch_begin","token":0,"layer":9,"expert":18,"bytes":13236480}
{"schema_version":1,"ts_ns":22389000907,"event":"read_begin","token":0,"layer":9,"expert":18,"bytes":13236480}
{"schema_version":1,"ts_ns":22389005523,"event":"compute_begin","token":0,"layer":9,"expert":26}
{"schema_version":1,"ts_ns":22636804176,"event":"compute_end","token":0,"layer":9,"expert":26,"duration_ns":247795961}
{"schema_version":1,"ts_ns":22636822176,"event":"route","token":0,"layer":9,"expert":18}
{"schema_version":1,"ts_ns":22640608176,"event":"cache_miss","token":0,"layer":9,"expert":18,"cache_hit":false}
{"schema_version":1,"ts_ns":22640615369,"event":"read_end","token":0,"layer":9,"expert":18,"bytes":13236480,"duration_ns":61386730}
{"schema_version":1,"ts_ns":22640619215,"event":"prefetch_end","token":0,"layer":9,"expert":18,"bytes":13236480,"duration_ns":61386730}
{"schema_version":1,"ts_ns":22640622561,"event":"prefetch_wait_end","token":0,"layer":9,"expert":18,"duration_ns":1539}
{"schema_version":1,"ts_ns":22640627907,"event":"compute_begin","token":0,"layer":9,"expert":18}
{"schema_version":1,"ts_ns":22888254791,"event":"compute_end","token":0,"layer":9,"expert":18,"duration_ns":247624500}
{"schema_version":1,"ts_ns":22888275484,"event":"route","token":1,"layer":9,"expert":16}
{"schema_version":1,"ts_ns":22888281868,"event":"read_begin","token":1,"layer":9,"expert":16,"bytes":13236480}
{"schema_version":1,"ts_ns":22895813638,"event":"cache_miss","token":1,"layer":9,"expert":16,"cache_hit":false}
{"schema_version":1,"ts_ns":22895823638,"event":"read_end","token":1,"layer":9,"expert":16,"bytes":13236480,"duration_ns":7531231}
{"schema_version":1,"ts_ns":22895846522,"event":"prefetch_begin","token":1,"layer":9,"expert":15,"bytes":13236480}
{"schema_version":1,"ts_ns":22895849599,"event":"read_begin","token":1,"layer":9,"expert":15,"bytes":13236480}
{"schema_version":1,"ts_ns":22895854291,"event":"compute_begin","token":1,"layer":9,"expert":16}
{"schema_version":1,"ts_ns":23143572484,"event":"compute_end","token":1,"layer":9,"expert":16,"duration_ns":247715846}
{"schema_version":1,"ts_ns":23143588484,"event":"route","token":1,"layer":9,"expert":15}
{"schema_version":1,"ts_ns":23147018137,"event":"cache_miss","token":1,"layer":9,"expert":15,"cache_hit":false}
{"schema_version":1,"ts_ns":23147026099,"event":"read_end","token":1,"layer":9,"expert":15,"bytes":13236480,"duration_ns":60354654}
{"schema_version":1,"ts_ns":23147030522,"event":"prefetch_end","token":1,"layer":9,"expert":15,"bytes":13236480,"duration_ns":60354654}
{"schema_version":1,"ts_ns":23147033868,"event":"prefetch_wait_end","token":1,"layer":9,"expert":15,"duration_ns":1269}
{"schema_version":1,"ts_ns":23147055753,"event":"prefetch_begin","token":1,"layer":9,"expert":1,"bytes":13236480}
{"schema_version":1,"ts_ns":23147059637,"event":"read_begin","token":1,"layer":9,"expert":1,"bytes":13236480}
{"schema_version":1,"ts_ns":23147064368,"event":"compute_begin","token":1,"layer":9,"expert":15}
{"schema_version":1,"ts_ns":23395073099,"event":"compute_end","token":1,"layer":9,"expert":15,"duration_ns":248005462}
{"schema_version":1,"ts_ns":23395090560,"event":"route","token":1,"layer":9,"expert":1}
{"schema_version":1,"ts_ns":23398739137,"event":"cache_miss","token":1,"layer":9,"expert":1,"cache_hit":false}
{"schema_version":1,"ts_ns":23398748945,"event":"read_end","token":1,"layer":9,"expert":1,"bytes":13236480,"duration_ns":53343115}
{"schema_version":1,"ts_ns":23398753368,"event":"prefetch_end","token":1,"layer":9,"expert":1,"bytes":13236480,"duration_ns":53343115}
{"schema_version":1,"ts_ns":23398756714,"event":"prefetch_wait_end","token":1,"layer":9,"expert":1,"duration_ns":1269}
{"schema_version":1,"ts_ns":23398777483,"event":"prefetch_begin","token":1,"layer":9,"expert":26,"bytes":13236480}
{"schema_version":1,"ts_ns":23398780983,"event":"read_begin","token":1,"layer":9,"expert":26,"bytes":13236480}
{"schema_version":1,"ts_ns":23398785599,"event":"compute_begin","token":1,"layer":9,"expert":1}
{"schema_version":1,"ts_ns":23646496945,"event":"compute_end","token":1,"layer":9,"expert":1,"duration_ns":247708654}
{"schema_version":1,"ts_ns":23646577637,"event":"route","token":1,"layer":9,"expert":26}
{"schema_version":1,"ts_ns":23649936637,"event":"cache_miss","token":1,"layer":9,"expert":26,"cache_hit":false}
{"schema_version":1,"ts_ns":23649945368,"event":"read_end","token":1,"layer":9,"expert":26,"bytes":13236480,"duration_ns":13544193}
{"schema_version":1,"ts_ns":23649949522,"event":"prefetch_end","token":1,"layer":9,"expert":26,"bytes":13236480,"duration_ns":13544193}
{"schema_version":1,"ts_ns":23649952791,"event":"prefetch_wait_end","token":1,"layer":9,"expert":26,"duration_ns":1693}
{"schema_version":1,"ts_ns":23649958022,"event":"compute_begin","token":1,"layer":9,"expert":26}
{"schema_version":1,"ts_ns":23897620060,"event":"compute_end","token":1,"layer":9,"expert":26,"duration_ns":247658769}
{"schema_version":1,"ts_ns":23897640521,"event":"layer_end","layer":9}
{"schema_version":1,"ts_ns":23897650175,"event":"decoder_layer_end","layer":9}
{"schema_version":1,"ts_ns":23897660060,"event":"decoder_layer_begin","layer":10}
{"schema_version":1,"ts_ns":24249582329,"event":"attention_end","layer":10,"bytes":40960}
{"schema_version":1,"ts_ns":24253181060,"event":"layer_begin","layer":10}
{"schema_version":1,"ts_ns":24253199714,"event":"route","token":0,"layer":10,"expert":19}
{"schema_version":1,"ts_ns":24253205367,"event":"read_begin","token":0,"layer":10,"expert":19,"bytes":13236480}
{"schema_version":1,"ts_ns":24275524329,"event":"cache_miss","token":0,"layer":10,"expert":19,"cache_hit":false}
{"schema_version":1,"ts_ns":24275537098,"event":"read_end","token":0,"layer":10,"expert":19,"bytes":13236480,"duration_ns":22318115}
{"schema_version":1,"ts_ns":24275556060,"event":"prefetch_begin","token":0,"layer":10,"expert":10,"bytes":13236480}
{"schema_version":1,"ts_ns":24275558867,"event":"read_begin","token":0,"layer":10,"expert":10,"bytes":13236480}
{"schema_version":1,"ts_ns":24275563098,"event":"compute_begin","token":0,"layer":10,"expert":19}
{"schema_version":1,"ts_ns":24523368213,"event":"compute_end","token":0,"layer":10,"expert":19,"duration_ns":247801961}
{"schema_version":1,"ts_ns":24523387021,"event":"route","token":0,"layer":10,"expert":10}
{"schema_version":1,"ts_ns":24526868136,"event":"cache_miss","token":0,"layer":10,"expert":10,"cache_hit":false}
{"schema_version":1,"ts_ns":24526876559,"event":"read_end","token":0,"layer":10,"expert":10,"bytes":13236480,"duration_ns":36393808}
{"schema_version":1,"ts_ns":24526881713,"event":"prefetch_end","token":0,"layer":10,"expert":10,"bytes":13236480,"duration_ns":36393808}
{"schema_version":1,"ts_ns":24526885136,"event":"prefetch_wait_end","token":0,"layer":10,"expert":10,"duration_ns":1462}
{"schema_version":1,"ts_ns":24526909598,"event":"prefetch_begin","token":0,"layer":10,"expert":14,"bytes":13236480}
{"schema_version":1,"ts_ns":24526913367,"event":"read_begin","token":0,"layer":10,"expert":14,"bytes":13236480}
{"schema_version":1,"ts_ns":24526917829,"event":"compute_begin","token":0,"layer":10,"expert":10}
{"schema_version":1,"ts_ns":24774686790,"event":"compute_end","token":0,"layer":10,"expert":10,"duration_ns":247766269}
{"schema_version":1,"ts_ns":24774703982,"event":"route","token":0,"layer":10,"expert":14}
{"schema_version":1,"ts_ns":24778027367,"event":"cache_miss","token":0,"layer":10,"expert":14,"cache_hit":false}
{"schema_version":1,"ts_ns":24778035752,"event":"read_end","token":0,"layer":10,"expert":14,"bytes":13236480,"duration_ns":44837116}
{"schema_version":1,"ts_ns":24778039905,"event":"prefetch_end","token":0,"layer":10,"expert":14,"bytes":13236480,"duration_ns":44837116}
{"schema_version":1,"ts_ns":24778043329,"event":"prefetch_wait_end","token":0,"layer":10,"expert":14,"duration_ns":1269}
{"schema_version":1,"ts_ns":24778065482,"event":"prefetch_begin","token":0,"layer":10,"expert":6,"bytes":13236480}
{"schema_version":1,"ts_ns":24778069713,"event":"read_begin","token":0,"layer":10,"expert":6,"bytes":13236480}
{"schema_version":1,"ts_ns":24778074752,"event":"compute_begin","token":0,"layer":10,"expert":14}
{"schema_version":1,"ts_ns":25025791213,"event":"compute_end","token":0,"layer":10,"expert":14,"duration_ns":247713846}
{"schema_version":1,"ts_ns":25025877598,"event":"route","token":0,"layer":10,"expert":6}
{"schema_version":1,"ts_ns":25029568790,"event":"cache_miss","token":0,"layer":10,"expert":6,"cache_hit":false}
{"schema_version":1,"ts_ns":25029576405,"event":"read_end","token":0,"layer":10,"expert":6,"bytes":13236480,"duration_ns":62580461}
{"schema_version":1,"ts_ns":25029580175,"event":"prefetch_end","token":0,"layer":10,"expert":6,"bytes":13236480,"duration_ns":62580461}
{"schema_version":1,"ts_ns":25029583482,"event":"prefetch_wait_end","token":0,"layer":10,"expert":6,"duration_ns":769}
{"schema_version":1,"ts_ns":25029588675,"event":"compute_begin","token":0,"layer":10,"expert":6}
{"schema_version":1,"ts_ns":25277276444,"event":"compute_end","token":0,"layer":10,"expert":6,"duration_ns":247684884}
{"schema_version":1,"ts_ns":25277300713,"event":"route","token":1,"layer":10,"expert":19}
{"schema_version":1,"ts_ns":25277306482,"event":"read_begin","token":1,"layer":10,"expert":19,"bytes":13236480}
{"schema_version":1,"ts_ns":25284706751,"event":"cache_miss","token":1,"layer":10,"expert":19,"cache_hit":false}
{"schema_version":1,"ts_ns":25284715982,"event":"read_end","token":1,"layer":10,"expert":19,"bytes":13236480,"duration_ns":7400346}
{"schema_version":1,"ts_ns":25284731828,"event":"prefetch_begin","token":1,"layer":10,"expert":10,"bytes":13236480}
{"schema_version":1,"ts_ns":25284734905,"event":"read_begin","token":1,"layer":10,"expert":10,"bytes":13236480}
{"schema_version":1,"ts_ns":25284738636,"event":"compute_begin","token":1,"layer":10,"expert":19}
{"schema_version":1,"ts_ns":25532360597,"event":"compute_end","token":1,"layer":10,"expert":19,"duration_ns":247619500}
{"schema_version":1,"ts_ns":25532377982,"event":"route","token":1,"layer":10,"expert":10}
{"schema_version":1,"ts_ns":25535896443,"event":"cache_miss","token":1,"layer":10,"expert":10,"cache_hit":false}
{"schema_version":1,"ts_ns":25535904290,"event":"read_end","token":1,"layer":10,"expert":10,"bytes":13236480,"duration_ns":13909307}
{"schema_version":1,"ts_ns":25535908366,"event":"prefetch_end","token":1,"layer":10,"expert":10,"bytes":13236480,"duration_ns":13909307}
{"schema_version":1,"ts_ns":25535911713,"event":"prefetch_wait_end","token":1,"layer":10,"expert":10,"duration_ns":615}
{"schema_version":1,"ts_ns":25535935443,"event":"prefetch_begin","token":1,"layer":10,"expert":28,"bytes":13236480}
{"schema_version":1,"ts_ns":25535938366,"event":"read_begin","token":1,"layer":10,"expert":28,"bytes":13236480}
{"schema_version":1,"ts_ns":25535943097,"event":"compute_begin","token":1,"layer":10,"expert":10}
{"schema_version":1,"ts_ns":25783752712,"event":"compute_end","token":1,"layer":10,"expert":10,"duration_ns":247806154}
{"schema_version":1,"ts_ns":25783773136,"event":"route","token":1,"layer":10,"expert":28}
{"schema_version":1,"ts_ns":25787495712,"event":"cache_miss","token":1,"layer":10,"expert":28,"cache_hit":false}
{"schema_version":1,"ts_ns":25787504520,"event":"read_end","token":1,"layer":10,"expert":28,"bytes":13236480,"duration_ns":63102654}
{"schema_version":1,"ts_ns":25787508443,"event":"prefetch_end","token":1,"layer":10,"expert":28,"bytes":13236480,"duration_ns":63102654}
{"schema_version":1,"ts_ns":25787511866,"event":"prefetch_wait_end","token":1,"layer":10,"expert":28,"duration_ns":1231}
{"schema_version":1,"ts_ns":25787533020,"event":"prefetch_begin","token":1,"layer":10,"expert":25,"bytes":13236480}
{"schema_version":1,"ts_ns":25787536674,"event":"read_begin","token":1,"layer":10,"expert":25,"bytes":13236480}
{"schema_version":1,"ts_ns":25787541905,"event":"compute_begin","token":1,"layer":10,"expert":28}
{"schema_version":1,"ts_ns":26035304520,"event":"compute_end","token":1,"layer":10,"expert":28,"duration_ns":247760153}
{"schema_version":1,"ts_ns":26035323212,"event":"route","token":1,"layer":10,"expert":25}
{"schema_version":1,"ts_ns":26038789174,"event":"cache_miss","token":1,"layer":10,"expert":25,"cache_hit":false}
{"schema_version":1,"ts_ns":26038855635,"event":"read_end","token":1,"layer":10,"expert":25,"bytes":13236480,"duration_ns":65075385}
{"schema_version":1,"ts_ns":26038861981,"event":"prefetch_end","token":1,"layer":10,"expert":25,"bytes":13236480,"duration_ns":65075385}
{"schema_version":1,"ts_ns":26038865635,"event":"prefetch_wait_end","token":1,"layer":10,"expert":25,"duration_ns":1269}
{"schema_version":1,"ts_ns":26038871789,"event":"compute_begin","token":1,"layer":10,"expert":25}
{"schema_version":1,"ts_ns":26286539135,"event":"compute_end","token":1,"layer":10,"expert":25,"duration_ns":247664731}
{"schema_version":1,"ts_ns":26286557866,"event":"layer_end","layer":10}
{"schema_version":1,"ts_ns":26286567174,"event":"decoder_layer_end","layer":10}
{"schema_version":1,"ts_ns":26286577327,"event":"decoder_layer_begin","layer":11}
{"schema_version":1,"ts_ns":26657602981,"event":"attention_end","layer":11,"bytes":40960}
{"schema_version":1,"ts_ns":26661792981,"event":"layer_begin","layer":11}
{"schema_version":1,"ts_ns":26661809096,"event":"route","token":0,"layer":11,"expert":25}
{"schema_version":1,"ts_ns":26661814943,"event":"read_begin","token":0,"layer":11,"expert":25,"bytes":13236480}
{"schema_version":1,"ts_ns":26687110712,"event":"cache_miss","token":0,"layer":11,"expert":25,"cache_hit":false}
{"schema_version":1,"ts_ns":26687123904,"event":"read_end","token":0,"layer":11,"expert":25,"bytes":13236480,"duration_ns":25294538}
{"schema_version":1,"ts_ns":26687141750,"event":"prefetch_begin","token":0,"layer":11,"expert":15,"bytes":13236480}
{"schema_version":1,"ts_ns":26687144827,"event":"read_begin","token":0,"layer":11,"expert":15,"bytes":13236480}
{"schema_version":1,"ts_ns":26687149289,"event":"compute_begin","token":0,"layer":11,"expert":25}
{"schema_version":1,"ts_ns":26934930289,"event":"compute_end","token":0,"layer":11,"expert":25,"duration_ns":247777731}
{"schema_version":1,"ts_ns":26934948404,"event":"route","token":0,"layer":11,"expert":15}
{"schema_version":1,"ts_ns":26938727519,"event":"cache_miss","token":0,"layer":11,"expert":15,"cache_hit":false}
{"schema_version":1,"ts_ns":26938737250,"event":"read_end","token":0,"layer":11,"expert":15,"bytes":13236480,"duration_ns":45356192}
{"schema_version":1,"ts_ns":26938741173,"event":"prefetch_end","token":0,"layer":11,"expert":15,"bytes":13236480,"duration_ns":45356192}
{"schema_version":1,"ts_ns":26938744481,"event":"prefetch_wait_end","token":0,"layer":11,"expert":15,"duration_ns":1116}
{"schema_version":1,"ts_ns":26938762942,"event":"prefetch_begin","token":0,"layer":11,"expert":18,"bytes":13236480}
{"schema_version":1,"ts_ns":26938766596,"event":"read_begin","token":0,"layer":11,"expert":18,"bytes":13236480}
{"schema_version":1,"ts_ns":26938771096,"event":"compute_begin","token":0,"layer":11,"expert":15}
{"schema_version":1,"ts_ns":27186476788,"event":"compute_end","token":0,"layer":11,"expert":15,"duration_ns":247702731}
{"schema_version":1,"ts_ns":27186492288,"event":"route","token":0,"layer":11,"expert":18}
{"schema_version":1,"ts_ns":27189981404,"event":"cache_miss","token":0,"layer":11,"expert":18,"cache_hit":false}
{"schema_version":1,"ts_ns":27189989211,"event":"read_end","token":0,"layer":11,"expert":18,"bytes":13236480,"duration_ns":67985885}
{"schema_version":1,"ts_ns":27189993788,"event":"prefetch_end","token":0,"layer":11,"expert":18,"bytes":13236480,"duration_ns":67985885}
{"schema_version":1,"ts_ns":27189997365,"event":"prefetch_wait_end","token":0,"layer":11,"expert":18,"duration_ns":1000}
{"schema_version":1,"ts_ns":27190018019,"event":"prefetch_begin","token":0,"layer":11,"expert":21,"bytes":13236480}
{"schema_version":1,"ts_ns":27190022058,"event":"read_begin","token":0,"layer":11,"expert":21,"bytes":13236480}
{"schema_version":1,"ts_ns":27190026788,"event":"compute_begin","token":0,"layer":11,"expert":18}
{"schema_version":1,"ts_ns":27437834673,"event":"compute_end","token":0,"layer":11,"expert":18,"duration_ns":247804577}
{"schema_version":1,"ts_ns":27437851173,"event":"route","token":0,"layer":11,"expert":21}
{"schema_version":1,"ts_ns":27441610288,"event":"cache_miss","token":0,"layer":11,"expert":21,"cache_hit":false}
{"schema_version":1,"ts_ns":27441684057,"event":"read_end","token":0,"layer":11,"expert":21,"bytes":13236480,"duration_ns":58019961}
{"schema_version":1,"ts_ns":27441688404,"event":"prefetch_end","token":0,"layer":11,"expert":21,"bytes":13236480,"duration_ns":58019961}
{"schema_version":1,"ts_ns":27441691827,"event":"prefetch_wait_end","token":0,"layer":11,"expert":21,"duration_ns":1462}
{"schema_version":1,"ts_ns":27441697404,"event":"compute_begin","token":0,"layer":11,"expert":21}
{"schema_version":1,"ts_ns":27689395134,"event":"compute_end","token":0,"layer":11,"expert":21,"duration_ns":247694153}
{"schema_version":1,"ts_ns":27689418211,"event":"route","token":1,"layer":11,"expert":25}
{"schema_version":1,"ts_ns":27689424365,"event":"read_begin","token":1,"layer":11,"expert":25,"bytes":13236480}
{"schema_version":1,"ts_ns":27697251826,"event":"cache_miss","token":1,"layer":11,"expert":25,"cache_hit":false}
{"schema_version":1,"ts_ns":27697261942,"event":"read_end","token":1,"layer":11,"expert":25,"bytes":13236480,"duration_ns":7827731}
{"schema_version":1,"ts_ns":27697281365,"event":"prefetch_begin","token":1,"layer":11,"expert":22,"bytes":13236480}
{"schema_version":1,"ts_ns":27697284711,"event":"read_begin","token":1,"layer":11,"expert":22,"bytes":13236480}
{"schema_version":1,"ts_ns":27697289557,"event":"compute_begin","token":1,"layer":11,"expert":25}
{"schema_version":1,"ts_ns":27945154134,"event":"compute_end","token":1,"layer":11,"expert":25,"duration_ns":247862385}
{"schema_version":1,"ts_ns":27945173634,"event":"route","token":1,"layer":11,"expert":22}
{"schema_version":1,"ts_ns":27948720403,"event":"cache_miss","token":1,"layer":11,"expert":22,"cache_hit":false}
{"schema_version":1,"ts_ns":27948729403,"event":"read_end","token":1,"layer":11,"expert":22,"bytes":13236480,"duration_ns":52529115}
{"schema_version":1,"ts_ns":27948732942,"event":"prefetch_end","token":1,"layer":11,"expert":22,"bytes":13236480,"duration_ns":52529115}
{"schema_version":1,"ts_ns":27948736288,"event":"prefetch_wait_end","token":1,"layer":11,"expert":22,"duration_ns":1423}
{"schema_version":1,"ts_ns":27948755172,"event":"prefetch_begin","token":1,"layer":11,"expert":26,"bytes":13236480}
{"schema_version":1,"ts_ns":27948758595,"event":"read_begin","token":1,"layer":11,"expert":26,"bytes":13236480}
{"schema_version":1,"ts_ns":27948763249,"event":"compute_begin","token":1,"layer":11,"expert":22}
{"schema_version":1,"ts_ns":28196490788,"event":"compute_end","token":1,"layer":11,"expert":22,"duration_ns":247723231}
{"schema_version":1,"ts_ns":28196520480,"event":"route","token":1,"layer":11,"expert":26}
{"schema_version":1,"ts_ns":28200012095,"event":"cache_miss","token":1,"layer":11,"expert":26,"cache_hit":false}
{"schema_version":1,"ts_ns":28200019788,"event":"read_end","token":1,"layer":11,"expert":26,"bytes":13236480,"duration_ns":53480962}
{"schema_version":1,"ts_ns":28200023634,"event":"prefetch_end","token":1,"layer":11,"expert":26,"bytes":13236480,"duration_ns":53480962}
{"schema_version":1,"ts_ns":28200026980,"event":"prefetch_wait_end","token":1,"layer":11,"expert":26,"duration_ns":1192}
{"schema_version":1,"ts_ns":28200045134,"event":"prefetch_begin","token":1,"layer":11,"expert":12,"bytes":13236480}
{"schema_version":1,"ts_ns":28200049403,"event":"read_begin","token":1,"layer":11,"expert":12,"bytes":13236480}
{"schema_version":1,"ts_ns":28200054288,"event":"compute_begin","token":1,"layer":11,"expert":26}
{"schema_version":1,"ts_ns":28447751057,"event":"compute_end","token":1,"layer":11,"expert":26,"duration_ns":247694077}
{"schema_version":1,"ts_ns":28447766634,"event":"route","token":1,"layer":11,"expert":12}
{"schema_version":1,"ts_ns":28451648326,"event":"cache_miss","token":1,"layer":11,"expert":12,"cache_hit":false}
{"schema_version":1,"ts_ns":28451655941,"event":"read_end","token":1,"layer":11,"expert":12,"bytes":13236480,"duration_ns":60430462}
{"schema_version":1,"ts_ns":28451659326,"event":"prefetch_end","token":1,"layer":11,"expert":12,"bytes":13236480,"duration_ns":60430462}
{"schema_version":1,"ts_ns":28451721095,"event":"prefetch_wait_end","token":1,"layer":11,"expert":12,"duration_ns":1230}
{"schema_version":1,"ts_ns":28451726518,"event":"compute_begin","token":1,"layer":11,"expert":12}
{"schema_version":1,"ts_ns":28699476403,"event":"compute_end","token":1,"layer":11,"expert":12,"duration_ns":247747577}
{"schema_version":1,"ts_ns":28699496672,"event":"layer_end","layer":11}
{"schema_version":1,"ts_ns":28699505903,"event":"decoder_layer_end","layer":11}
{"schema_version":1,"ts_ns":28699515941,"event":"decoder_layer_begin","layer":12}
{"schema_version":1,"ts_ns":29062977249,"event":"attention_end","layer":12,"bytes":40960}
{"schema_version":1,"ts_ns":29067563095,"event":"layer_begin","layer":12}
{"schema_version":1,"ts_ns":29067579902,"event":"route","token":0,"layer":12,"expert":21}
{"schema_version":1,"ts_ns":29067586210,"event":"read_begin","token":0,"layer":12,"expert":21,"bytes":13236480}
{"schema_version":1,"ts_ns":29092130133,"event":"cache_miss","token":0,"layer":12,"expert":21,"cache_hit":false}
{"schema_version":1,"ts_ns":29092149018,"event":"read_end","token":0,"layer":12,"expert":21,"bytes":13236480,"duration_ns":24543000}
{"schema_version":1,"ts_ns":29092169979,"event":"prefetch_begin","token":0,"layer":12,"expert":26,"bytes":13236480}
{"schema_version":1,"ts_ns":29092172864,"event":"read_begin","token":0,"layer":12,"expert":26,"bytes":13236480}
{"schema_version":1,"ts_ns":29092177018,"event":"compute_begin","token":0,"layer":12,"expert":21}
{"schema_version":1,"ts_ns":29340059556,"event":"compute_end","token":0,"layer":12,"expert":21,"duration_ns":247879693}
{"schema_version":1,"ts_ns":29340077748,"event":"route","token":0,"layer":12,"expert":26}
{"schema_version":1,"ts_ns":29343782094,"event":"cache_miss","token":0,"layer":12,"expert":26,"cache_hit":false}
{"schema_version":1,"ts_ns":29343792941,"event":"read_end","token":0,"layer":12,"expert":26,"bytes":13236480,"duration_ns":46470615}
{"schema_version":1,"ts_ns":29343796979,"event":"prefetch_end","token":0,"layer":12,"expert":26,"bytes":13236480,"duration_ns":46470615}
{"schema_version":1,"ts_ns":29343800094,"event":"prefetch_wait_end","token":0,"layer":12,"expert":26,"duration_ns":1308}
{"schema_version":1,"ts_ns":29343820094,"event":"prefetch_begin","token":0,"layer":12,"expert":13,"bytes":13236480}
{"schema_version":1,"ts_ns":29343824018,"event":"read_begin","token":0,"layer":12,"expert":13,"bytes":13236480}
{"schema_version":1,"ts_ns":29343828287,"event":"compute_begin","token":0,"layer":12,"expert":26}
{"schema_version":1,"ts_ns":29591673940,"event":"compute_end","token":0,"layer":12,"expert":26,"duration_ns":247842769}
{"schema_version":1,"ts_ns":29591691133,"event":"route","token":0,"layer":12,"expert":13}
{"schema_version":1,"ts_ns":29595153248,"event":"cache_miss","token":0,"layer":12,"expert":13,"cache_hit":false}
{"schema_version":1,"ts_ns":29595163825,"event":"read_end","token":0,"layer":12,"expert":13,"bytes":13236480,"duration_ns":63747038}
{"schema_version":1,"ts_ns":29595167979,"event":"prefetch_end","token":0,"layer":12,"expert":13,"bytes":13236480,"duration_ns":63747038}
{"schema_version":1,"ts_ns":29595171287,"event":"prefetch_wait_end","token":0,"layer":12,"expert":13,"duration_ns":1154}
{"schema_version":1,"ts_ns":29595190864,"event":"prefetch_begin","token":0,"layer":12,"expert":6,"bytes":13236480}
{"schema_version":1,"ts_ns":29595194479,"event":"read_begin","token":0,"layer":12,"expert":6,"bytes":13236480}
{"schema_version":1,"ts_ns":29595199017,"event":"compute_begin","token":0,"layer":12,"expert":13}
{"schema_version":1,"ts_ns":29843051210,"event":"compute_end","token":0,"layer":12,"expert":13,"duration_ns":247848692}
{"schema_version":1,"ts_ns":29843069902,"event":"route","token":0,"layer":12,"expert":6}
{"schema_version":1,"ts_ns":29846720248,"event":"cache_miss","token":0,"layer":12,"expert":6,"cache_hit":false}
{"schema_version":1,"ts_ns":29846728363,"event":"read_end","token":0,"layer":12,"expert":6,"bytes":13236480,"duration_ns":44354192}
{"schema_version":1,"ts_ns":29846732825,"event":"prefetch_end","token":0,"layer":12,"expert":6,"bytes":13236480,"duration_ns":44354192}
{"schema_version":1,"ts_ns":29846802056,"event":"prefetch_wait_end","token":0,"layer":12,"expert":6,"duration_ns":1231}
{"schema_version":1,"ts_ns":29846807825,"event":"compute_begin","token":0,"layer":12,"expert":6}
{"schema_version":1,"ts_ns":30094418940,"event":"compute_end","token":0,"layer":12,"expert":6,"duration_ns":247608077}
{"schema_version":1,"ts_ns":30094440248,"event":"route","token":1,"layer":12,"expert":21}
{"schema_version":1,"ts_ns":30094446402,"event":"read_begin","token":1,"layer":12,"expert":21,"bytes":13236480}
{"schema_version":1,"ts_ns":30102395632,"event":"cache_miss","token":1,"layer":12,"expert":21,"cache_hit":false}
{"schema_version":1,"ts_ns":30102405132,"event":"read_end","token":1,"layer":12,"expert":21,"bytes":13236480,"duration_ns":7948692}
{"schema_version":1,"ts_ns":30102411671,"event":"compute_begin","token":1,"layer":12,"expert":21}
{"schema_version":1,"ts_ns":30350127171,"event":"compute_end","token":1,"layer":12,"expert":21,"duration_ns":247712615}
{"schema_version":1,"ts_ns":30350144363,"event":"route","token":1,"layer":12,"expert":13}
{"schema_version":1,"ts_ns":30350151440,"event":"cache_hit","token":1,"layer":12,"expert":13,"cache_hit":true}
{"schema_version":1,"ts_ns":30350156325,"event":"compute_begin","token":1,"layer":12,"expert":13}
{"schema_version":1,"ts_ns":30597827286,"event":"compute_end","token":1,"layer":12,"expert":13,"duration_ns":247668346}
{"schema_version":1,"ts_ns":30597846478,"event":"route","token":1,"layer":12,"expert":6}
{"schema_version":1,"ts_ns":30597854286,"event":"cache_hit","token":1,"layer":12,"expert":6,"cache_hit":true}
{"schema_version":1,"ts_ns":30597876171,"event":"prefetch_begin","token":1,"layer":12,"expert":17,"bytes":13236480}
{"schema_version":1,"ts_ns":30597879171,"event":"read_begin","token":1,"layer":12,"expert":17,"bytes":13236480}
{"schema_version":1,"ts_ns":30597882363,"event":"compute_begin","token":1,"layer":12,"expert":6}
{"schema_version":1,"ts_ns":30845650747,"event":"compute_end","token":1,"layer":12,"expert":6,"duration_ns":247766076}
{"schema_version":1,"ts_ns":30845667593,"event":"route","token":1,"layer":12,"expert":17}
{"schema_version":1,"ts_ns":30848990016,"event":"cache_miss","token":1,"layer":12,"expert":17,"cache_hit":false}
{"schema_version":1,"ts_ns":30848997401,"event":"read_end","token":1,"layer":12,"expert":17,"bytes":13236480,"duration_ns":62173384}
{"schema_version":1,"ts_ns":30849001209,"event":"prefetch_end","token":1,"layer":12,"expert":17,"bytes":13236480,"duration_ns":62173384}
{"schema_version":1,"ts_ns":30849004286,"event":"prefetch_wait_end","token":1,"layer":12,"expert":17,"duration_ns":1115}
{"schema_version":1,"ts_ns":30849009363,"event":"compute_begin","token":1,"layer":12,"expert":17}
{"schema_version":1,"ts_ns":31096659939,"event":"compute_end","token":1,"layer":12,"expert":17,"duration_ns":247647846}
{"schema_version":1,"ts_ns":31096677324,"event":"layer_end","layer":12}
{"schema_version":1,"ts_ns":31096686978,"event":"decoder_layer_end","layer":12}
{"schema_version":1,"ts_ns":31096697978,"event":"decoder_layer_begin","layer":13}
{"schema_version":1,"ts_ns":31445173016,"event":"attention_end","layer":13,"bytes":40960}
{"schema_version":1,"ts_ns":31449509708,"event":"layer_begin","layer":13}
{"schema_version":1,"ts_ns":31449525555,"event":"route","token":0,"layer":13,"expert":5}
{"schema_version":1,"ts_ns":31449531362,"event":"read_begin","token":0,"layer":13,"expert":5,"bytes":13236480}
{"schema_version":1,"ts_ns":31475966631,"event":"cache_miss","token":0,"layer":13,"expert":5,"cache_hit":false}
{"schema_version":1,"ts_ns":31475978478,"event":"read_end","token":0,"layer":13,"expert":5,"bytes":13236480,"duration_ns":26434384}
{"schema_version":1,"ts_ns":31475997478,"event":"prefetch_begin","token":0,"layer":13,"expert":1,"bytes":13236480}
{"schema_version":1,"ts_ns":31476000401,"event":"read_begin","token":0,"layer":13,"expert":1,"bytes":13236480}
{"schema_version":1,"ts_ns":31476004939,"event":"compute_begin","token":0,"layer":13,"expert":5}
{"schema_version":1,"ts_ns":31724138247,"event":"compute_end","token":0,"layer":13,"expert":5,"duration_ns":248130385}
{"schema_version":1,"ts_ns":31724157247,"event":"route","token":0,"layer":13,"expert":1}
{"schema_version":1,"ts_ns":31727707054,"event":"cache_miss","token":0,"layer":13,"expert":1,"cache_hit":false}
{"schema_version":1,"ts_ns":31727713939,"event":"read_end","token":0,"layer":13,"expert":1,"bytes":13236480,"duration_ns":44452154}
{"schema_version":1,"ts_ns":31727717631,"event":"prefetch_end","token":0,"layer":13,"expert":1,"bytes":13236480,"duration_ns":44452154}
{"schema_version":1,"ts_ns":31727720785,"event":"prefetch_wait_end","token":0,"layer":13,"expert":1,"duration_ns":1923}
{"schema_version":1,"ts_ns":31727740939,"event":"prefetch_begin","token":0,"layer":13,"expert":3,"bytes":13236480}
{"schema_version":1,"ts_ns":31727744477,"event":"read_begin","token":0,"layer":13,"expert":3,"bytes":13236480}
{"schema_version":1,"ts_ns":31727748285,"event":"compute_begin","token":0,"layer":13,"expert":1}
{"schema_version":1,"ts_ns":31975508593,"event":"compute_end","token":0,"layer":13,"expert":1,"duration_ns":247757269}
{"schema_version":1,"ts_ns":31975525516,"event":"route","token":0,"layer":13,"expert":3}
{"schema_version":1,"ts_ns":31978995170,"event":"cache_miss","token":0,"layer":13,"expert":3,"cache_hit":false}
{"schema_version":1,"ts_ns":31979002208,"event":"read_end","token":0,"layer":13,"expert":3,"bytes":13236480,"duration_ns":66418193}
{"schema_version":1,"ts_ns":31979005785,"event":"prefetch_end","token":0,"layer":13,"expert":3,"bytes":13236480,"duration_ns":66418193}
{"schema_version":1,"ts_ns":31979008977,"event":"prefetch_wait_end","token":0,"layer":13,"expert":3,"duration_ns":1269}
{"schema_version":1,"ts_ns":31979027016,"event":"prefetch_begin","token":0,"layer":13,"expert":6,"bytes":13236480}
{"schema_version":1,"ts_ns":31979030823,"event":"read_begin","token":0,"layer":13,"expert":6,"bytes":13236480}
{"schema_version":1,"ts_ns":31979035054,"event":"compute_begin","token":0,"layer":13,"expert":3}
{"schema_version":1,"ts_ns":32227231669,"event":"compute_end","token":0,"layer":13,"expert":3,"duration_ns":248194115}
{"schema_version":1,"ts_ns":32227252977,"event":"route","token":0,"layer":13,"expert":6}
{"schema_version":1,"ts_ns":32231243362,"event":"cache_miss","token":0,"layer":13,"expert":6,"cache_hit":false}
{"schema_version":1,"ts_ns":32231253054,"event":"read_end","token":0,"layer":13,"expert":6,"bytes":13236480,"duration_ns":62533308}
{"schema_version":1,"ts_ns":32231256477,"event":"prefetch_end","token":0,"layer":13,"expert":6,"bytes":13236480,"duration_ns":62533308}
{"schema_version":1,"ts_ns":32231259477,"event":"prefetch_wait_end","token":0,"layer":13,"expert":6,"duration_ns":1270}
{"schema_version":1,"ts_ns":32231264631,"event":"compute_begin","token":0,"layer":13,"expert":6}
{"schema_version":1,"ts_ns":32479553323,"event":"compute_end","token":0,"layer":13,"expert":6,"duration_ns":248285961}
{"schema_version":1,"ts_ns":32479576323,"event":"route","token":1,"layer":13,"expert":5}
{"schema_version":1,"ts_ns":32479581823,"event":"read_begin","token":1,"layer":13,"expert":5,"bytes":13236480}
{"schema_version":1,"ts_ns":32487109092,"event":"cache_miss","token":1,"layer":13,"expert":5,"cache_hit":false}
{"schema_version":1,"ts_ns":32487117361,"event":"read_end","token":1,"layer":13,"expert":5,"bytes":13236480,"duration_ns":7527193}
{"schema_version":1,"ts_ns":32487134438,"event":"prefetch_begin","token":1,"layer":13,"expert":1,"bytes":13236480}
{"schema_version":1,"ts_ns":32487137708,"event":"read_begin","token":1,"layer":13,"expert":1,"bytes":13236480}
{"schema_version":1,"ts_ns":32487141938,"event":"compute_begin","token":1,"layer":13,"expert":5}
{"schema_version":1,"ts_ns":32736310554,"event":"compute_end","token":1,"layer":13,"expert":5,"duration_ns":249165653}
{"schema_version":1,"ts_ns":32736332169,"event":"route","token":1,"layer":13,"expert":1}
{"schema_version":1,"ts_ns":32740879477,"event":"cache_miss","token":1,"layer":13,"expert":1,"cache_hit":false}
{"schema_version":1,"ts_ns":32740936131,"event":"read_end","token":1,"layer":13,"expert":1,"bytes":13236480,"duration_ns":15453846}
{"schema_version":1,"ts_ns":32740939515,"event":"prefetch_end","token":1,"layer":13,"expert":1,"bytes":13236480,"duration_ns":15453846}
{"schema_version":1,"ts_ns":32740942592,"event":"prefetch_wait_end","token":1,"layer":13,"expert":1,"duration_ns":1115}
{"schema_version":1,"ts_ns":32740958207,"event":"prefetch_begin","token":1,"layer":13,"expert":10,"bytes":13236480}
{"schema_version":1,"ts_ns":32740960861,"event":"read_begin","token":1,"layer":13,"expert":10,"bytes":13236480}
{"schema_version":1,"ts_ns":32740964977,"event":"compute_begin","token":1,"layer":13,"expert":1}
{"schema_version":1,"ts_ns":32989281669,"event":"compute_end","token":1,"layer":13,"expert":1,"duration_ns":248313423}
{"schema_version":1,"ts_ns":32989303361,"event":"route","token":1,"layer":13,"expert":10}
{"schema_version":1,"ts_ns":32993037784,"event":"cache_miss","token":1,"layer":13,"expert":10,"cache_hit":false}
{"schema_version":1,"ts_ns":32993046284,"event":"read_end","token":1,"layer":13,"expert":10,"bytes":13236480,"duration_ns":36322808}
{"schema_version":1,"ts_ns":32993049900,"event":"prefetch_end","token":1,"layer":13,"expert":10,"bytes":13236480,"duration_ns":36322808}
{"schema_version":1,"ts_ns":32993053169,"event":"prefetch_wait_end","token":1,"layer":13,"expert":10,"duration_ns":1500}
{"schema_version":1,"ts_ns":32993068977,"event":"prefetch_begin","token":1,"layer":13,"expert":4,"bytes":13236480}
{"schema_version":1,"ts_ns":32993072669,"event":"read_begin","token":1,"layer":13,"expert":4,"bytes":13236480}
{"schema_version":1,"ts_ns":32993076746,"event":"compute_begin","token":1,"layer":13,"expert":10}
{"schema_version":1,"ts_ns":33241237553,"event":"compute_end","token":1,"layer":13,"expert":10,"duration_ns":248158192}
{"schema_version":1,"ts_ns":33241259592,"event":"route","token":1,"layer":13,"expert":4}
{"schema_version":1,"ts_ns":33244682015,"event":"cache_miss","token":1,"layer":13,"expert":4,"cache_hit":false}
{"schema_version":1,"ts_ns":33244689861,"event":"read_end","token":1,"layer":13,"expert":4,"bytes":13236480,"duration_ns":32310885}
{"schema_version":1,"ts_ns":33244693207,"event":"prefetch_end","token":1,"layer":13,"expert":4,"bytes":13236480,"duration_ns":32310885}
{"schema_version":1,"ts_ns":33244696361,"event":"prefetch_wait_end","token":1,"layer":13,"expert":4,"duration_ns":1808}
{"schema_version":1,"ts_ns":33244701553,"event":"compute_begin","token":1,"layer":13,"expert":4}
{"schema_version":1,"ts_ns":33493357438,"event":"compute_end","token":1,"layer":13,"expert":4,"duration_ns":248653616}
{"schema_version":1,"ts_ns":33493377476,"event":"layer_end","layer":13}
{"schema_version":1,"ts_ns":33493388399,"event":"decoder_layer_end","layer":13}
{"schema_version":1,"ts_ns":33493400553,"event":"decoder_layer_begin","layer":14}
{"schema_version":1,"ts_ns":33823698553,"event":"attention_end","layer":14,"bytes":40960}
{"schema_version":1,"ts_ns":33828989668,"event":"layer_begin","layer":14}
{"schema_version":1,"ts_ns":33829005130,"event":"route","token":0,"layer":14,"expert":29}
{"schema_version":1,"ts_ns":33829011630,"event":"read_begin","token":0,"layer":14,"expert":29,"bytes":13236480}
{"schema_version":1,"ts_ns":33850489707,"event":"cache_miss","token":0,"layer":14,"expert":29,"cache_hit":false}
{"schema_version":1,"ts_ns":33850502284,"event":"read_end","token":0,"layer":14,"expert":29,"bytes":13236480,"duration_ns":21477384}
{"schema_version":1,"ts_ns":33850521091,"event":"prefetch_begin","token":0,"layer":14,"expert":16,"bytes":13236480}
{"schema_version":1,"ts_ns":33850524437,"event":"read_begin","token":0,"layer":14,"expert":16,"bytes":13236480}
{"schema_version":1,"ts_ns":33850528822,"event":"compute_begin","token":0,"layer":14,"expert":29}
{"schema_version":1,"ts_ns":34098380630,"event":"compute_end","token":0,"layer":14,"expert":29,"duration_ns":247849654}
{"schema_version":1,"ts_ns":34098399091,"event":"route","token":0,"layer":14,"expert":16}
{"schema_version":1,"ts_ns":34101914091,"event":"cache_miss","token":0,"layer":14,"expert":16,"cache_hit":false}
{"schema_version":1,"ts_ns":34101923860,"event":"read_end","token":0,"layer":14,"expert":16,"bytes":13236480,"duration_ns":39653269}
{"schema_version":1,"ts_ns":34101928091,"event":"prefetch_end","token":0,"layer":14,"expert":16,"bytes":13236480,"duration_ns":39653269}
{"schema_version":1,"ts_ns":34101931553,"event":"prefetch_wait_end","token":0,"layer":14,"expert":16,"duration_ns":1269}
{"schema_version":1,"ts_ns":34101954014,"event":"prefetch_begin","token":0,"layer":14,"expert":15,"bytes":13236480}
{"schema_version":1,"ts_ns":34101956976,"event":"read_begin","token":0,"layer":14,"expert":15,"bytes":13236480}
{"schema_version":1,"ts_ns":34101961630,"event":"compute_begin","token":0,"layer":14,"expert":16}
{"schema_version":1,"ts_ns":34349781591,"event":"compute_end","token":0,"layer":14,"expert":16,"duration_ns":247816577}
{"schema_version":1,"ts_ns":34349803899,"event":"route","token":0,"layer":14,"expert":15}
{"schema_version":1,"ts_ns":34353636206,"event":"cache_miss","token":0,"layer":14,"expert":15,"cache_hit":false}
{"schema_version":1,"ts_ns":34353643745,"event":"read_end","token":0,"layer":14,"expert":15,"bytes":13236480,"duration_ns":59525231}
{"schema_version":1,"ts_ns":34353647514,"event":"prefetch_end","token":0,"layer":14,"expert":15,"bytes":13236480,"duration_ns":59525231}
{"schema_version":1,"ts_ns":34353650706,"event":"prefetch_wait_end","token":0,"layer":14,"expert":15,"duration_ns":1076}
{"schema_version":1,"ts_ns":34353668052,"event":"prefetch_begin","token":0,"layer":14,"expert":23,"bytes":13236480}
{"schema_version":1,"ts_ns":34353671399,"event":"read_begin","token":0,"layer":14,"expert":23,"bytes":13236480}
{"schema_version":1,"ts_ns":34353675937,"event":"compute_begin","token":0,"layer":14,"expert":15}
{"schema_version":1,"ts_ns":34601442475,"event":"compute_end","token":0,"layer":14,"expert":15,"duration_ns":247763423}
{"schema_version":1,"ts_ns":34601460937,"event":"route","token":0,"layer":14,"expert":23}
{"schema_version":1,"ts_ns":34605043975,"event":"cache_miss","token":0,"layer":14,"expert":23,"cache_hit":false}
{"schema_version":1,"ts_ns":34605053206,"event":"read_end","token":0,"layer":14,"expert":23,"bytes":13236480,"duration_ns":63706231}
{"schema_version":1,"ts_ns":34605058091,"event":"prefetch_end","token":0,"layer":14,"expert":23,"bytes":13236480,"duration_ns":63706231}
{"schema_version":1,"ts_ns":34605061552,"event":"prefetch_wait_end","token":0,"layer":14,"expert":23,"duration_ns":961}
{"schema_version":1,"ts_ns":34605067629,"event":"compute_begin","token":0,"layer":14,"expert":23}
{"schema_version":1,"ts_ns":34852719667,"event":"compute_end","token":0,"layer":14,"expert":23,"duration_ns":247649384}
{"schema_version":1,"ts_ns":34852742629,"event":"route","token":1,"layer":14,"expert":29}
{"schema_version":1,"ts_ns":34852748206,"event":"read_begin","token":1,"layer":14,"expert":29,"bytes":13236480}
{"schema_version":1,"ts_ns":34860186514,"event":"cache_miss","token":1,"layer":14,"expert":29,"cache_hit":false}
{"schema_version":1,"ts_ns":34860195744,"event":"read_end","token":1,"layer":14,"expert":29,"bytes":13236480,"duration_ns":7439077}
{"schema_version":1,"ts_ns":34860218975,"event":"prefetch_begin","token":1,"layer":14,"expert":16,"bytes":13236480}
{"schema_version":1,"ts_ns":34860223091,"event":"read_begin","token":1,"layer":14,"expert":16,"bytes":13236480}
{"schema_version":1,"ts_ns":34860227706,"event":"compute_begin","token":1,"layer":14,"expert":29}
{"schema_version":1,"ts_ns":35107938013,"event":"compute_end","token":1,"layer":14,"expert":29,"duration_ns":247707423}
{"schema_version":1,"ts_ns":35107955975,"event":"route","token":1,"layer":14,"expert":16}
{"schema_version":1,"ts_ns":35111561937,"event":"cache_miss","token":1,"layer":14,"expert":16,"cache_hit":false}
{"schema_version":1,"ts_ns":35111571398,"event":"read_end","token":1,"layer":14,"expert":16,"bytes":13236480,"duration_ns":14558576}
{"schema_version":1,"ts_ns":35111575629,"event":"prefetch_end","token":1,"layer":14,"expert":16,"bytes":13236480,"duration_ns":14558576}
{"schema_version":1,"ts_ns":35111640898,"event":"prefetch_wait_end","token":1,"layer":14,"expert":16,"duration_ns":1231}
{"schema_version":1,"ts_ns":35111665321,"event":"prefetch_begin","token":1,"layer":14,"expert":6,"bytes":13236480}
{"schema_version":1,"ts_ns":35111668513,"event":"read_begin","token":1,"layer":14,"expert":6,"bytes":13236480}
{"schema_version":1,"ts_ns":35111673321,"event":"compute_begin","token":1,"layer":14,"expert":16}
{"schema_version":1,"ts_ns":35359459321,"event":"compute_end","token":1,"layer":14,"expert":16,"duration_ns":247782923}
{"schema_version":1,"ts_ns":35359478013,"event":"route","token":1,"layer":14,"expert":6}
{"schema_version":1,"ts_ns":35362915359,"event":"cache_miss","token":1,"layer":14,"expert":6,"cache_hit":false}
{"schema_version":1,"ts_ns":35362923821,"event":"read_end","token":1,"layer":14,"expert":6,"bytes":13236480,"duration_ns":71179115}
{"schema_version":1,"ts_ns":35362927744,"event":"prefetch_end","token":1,"layer":14,"expert":6,"bytes":13236480,"duration_ns":71179115}
{"schema_version":1,"ts_ns":35362931167,"event":"prefetch_wait_end","token":1,"layer":14,"expert":6,"duration_ns":1347}
{"schema_version":1,"ts_ns":35362947667,"event":"prefetch_begin","token":1,"layer":14,"expert":20,"bytes":13236480}
{"schema_version":1,"ts_ns":35362950859,"event":"read_begin","token":1,"layer":14,"expert":20,"bytes":13236480}
{"schema_version":1,"ts_ns":35362954859,"event":"compute_begin","token":1,"layer":14,"expert":6}
{"schema_version":1,"ts_ns":35610694398,"event":"compute_end","token":1,"layer":14,"expert":6,"duration_ns":247736884}
{"schema_version":1,"ts_ns":35610712667,"event":"route","token":1,"layer":14,"expert":20}
{"schema_version":1,"ts_ns":35614145090,"event":"cache_miss","token":1,"layer":14,"expert":20,"cache_hit":false}
{"schema_version":1,"ts_ns":35614153782,"event":"read_end","token":1,"layer":14,"expert":20,"bytes":13236480,"duration_ns":64790615}
{"schema_version":1,"ts_ns":35614157859,"event":"prefetch_end","token":1,"layer":14,"expert":20,"bytes":13236480,"duration_ns":64790615}
{"schema_version":1,"ts_ns":35614160898,"event":"prefetch_wait_end","token":1,"layer":14,"expert":20,"duration_ns":1039}
{"schema_version":1,"ts_ns":35614166128,"event":"compute_begin","token":1,"layer":14,"expert":20}
{"schema_version":1,"ts_ns":35861970051,"event":"compute_end","token":1,"layer":14,"expert":20,"duration_ns":247801077}
{"schema_version":1,"ts_ns":35861989128,"event":"layer_end","layer":14}
{"schema_version":1,"ts_ns":35861998205,"event":"decoder_layer_end","layer":14}
{"schema_version":1,"ts_ns":35862012551,"event":"decoder_layer_begin","layer":15}
{"schema_version":1,"ts_ns":36189751897,"event":"attention_end","layer":15,"bytes":40960}
{"schema_version":1,"ts_ns":36194174782,"event":"layer_begin","layer":15}
{"schema_version":1,"ts_ns":36194191936,"event":"route","token":0,"layer":15,"expert":8}
{"schema_version":1,"ts_ns":36194197320,"event":"read_begin","token":0,"layer":15,"expert":8,"bytes":13236480}
{"schema_version":1,"ts_ns":36219163551,"event":"cache_miss","token":0,"layer":15,"expert":8,"cache_hit":false}
{"schema_version":1,"ts_ns":36219177282,"event":"read_end","token":0,"layer":15,"expert":8,"bytes":13236480,"duration_ns":24965039}
{"schema_version":1,"ts_ns":36219197551,"event":"prefetch_begin","token":0,"layer":15,"expert":1,"bytes":13236480}
{"schema_version":1,"ts_ns":36219200436,"event":"read_begin","token":0,"layer":15,"expert":1,"bytes":13236480}
{"schema_version":1,"ts_ns":36219204667,"event":"compute_begin","token":0,"layer":15,"expert":8}
{"schema_version":1,"ts_ns":36467309666,"event":"compute_end","token":0,"layer":15,"expert":8,"duration_ns":248102461}
{"schema_version":1,"ts_ns":36467329243,"event":"route","token":0,"layer":15,"expert":1}
{"schema_version":1,"ts_ns":36470886474,"event":"cache_miss","token":0,"layer":15,"expert":1,"cache_hit":false}
{"schema_version":1,"ts_ns":36470894128,"event":"read_end","token":0,"layer":15,"expert":1,"bytes":13236480,"duration_ns":46688885}
{"schema_version":1,"ts_ns":36470952936,"event":"prefetch_end","token":0,"layer":15,"expert":1,"bytes":13236480,"duration_ns":46688885}
{"schema_version":1,"ts_ns":36470958820,"event":"prefetch_wait_end","token":0,"layer":15,"expert":1,"duration_ns":1192}
{"schema_version":1,"ts_ns":36470975166,"event":"prefetch_begin","token":0,"layer":15,"expert":17,"bytes":13236480}
{"schema_version":1,"ts_ns":36470978474,"event":"read_begin","token":0,"layer":15,"expert":17,"bytes":13236480}
{"schema_version":1,"ts_ns":36470982474,"event":"compute_begin","token":0,"layer":15,"expert":1}
{"schema_version":1,"ts_ns":36718915166,"event":"compute_end","token":0,"layer":15,"expert":1,"duration_ns":247930076}
{"schema_version":1,"ts_ns":36718933974,"event":"route","token":0,"layer":15,"expert":17}
{"schema_version":1,"ts_ns":36722568397,"event":"cache_miss","token":0,"layer":15,"expert":17,"cache_hit":false}
{"schema_version":1,"ts_ns":36722576205,"event":"read_end","token":0,"layer":15,"expert":17,"bytes":13236480,"duration_ns":43968154}
{"schema_version":1,"ts_ns":36722580205,"event":"prefetch_end","token":0,"layer":15,"expert":17,"bytes":13236480,"duration_ns":43968154}
{"schema_version":1,"ts_ns":36722583589,"event":"prefetch_wait_end","token":0,"layer":15,"expert":17,"duration_ns":1616}
{"schema_version":1,"ts_ns":36722608974,"event":"prefetch_begin","token":0,"layer":15,"expert":12,"bytes":13236480}
{"schema_version":1,"ts_ns":36722612935,"event":"read_begin","token":0,"layer":15,"expert":12,"bytes":13236480}
{"schema_version":1,"ts_ns":36722618012,"event":"compute_begin","token":0,"layer":15,"expert":17}
{"schema_version":1,"ts_ns":36970426935,"event":"compute_end","token":0,"layer":15,"expert":17,"duration_ns":247806308}
{"schema_version":1,"ts_ns":36970444781,"event":"route","token":0,"layer":15,"expert":12}
{"schema_version":1,"ts_ns":36973983204,"event":"cache_miss","token":0,"layer":15,"expert":12,"cache_hit":false}
{"schema_version":1,"ts_ns":36973992435,"event":"read_end","token":0,"layer":15,"expert":12,"bytes":13236480,"duration_ns":64002500}
{"schema_version":1,"ts_ns":36973996897,"event":"prefetch_end","token":0,"layer":15,"expert":12,"bytes":13236480,"duration_ns":64002500}
{"schema_version":1,"ts_ns":36974000243,"event":"prefetch_wait_end","token":0,"layer":15,"expert":12,"duration_ns":1077}
{"schema_version":1,"ts_ns":36974007128,"event":"compute_begin","token":0,"layer":15,"expert":12}
{"schema_version":1,"ts_ns":37221643358,"event":"compute_end","token":0,"layer":15,"expert":12,"duration_ns":247633423}
{"schema_version":1,"ts_ns":37221666781,"event":"route","token":1,"layer":15,"expert":18}
{"schema_version":1,"ts_ns":37221672358,"event":"read_begin","token":1,"layer":15,"expert":18,"bytes":13236480}
{"schema_version":1,"ts_ns":37265078589,"event":"cache_miss","token":1,"layer":15,"expert":18,"cache_hit":false}
{"schema_version":1,"ts_ns":37265093012,"event":"read_end","token":1,"layer":15,"expert":18,"bytes":13236480,"duration_ns":43405192}
{"schema_version":1,"ts_ns":37265112358,"event":"prefetch_begin","token":1,"layer":15,"expert":29,"bytes":13236480}
{"schema_version":1,"ts_ns":37265115243,"event":"read_begin","token":1,"layer":15,"expert":29,"bytes":13236480}
{"schema_version":1,"ts_ns":37265119397,"event":"compute_begin","token":1,"layer":15,"expert":18}
{"schema_version":1,"ts_ns":37513142896,"event":"compute_end","token":1,"layer":15,"expert":18,"duration_ns":248020692}
{"schema_version":1,"ts_ns":37513161012,"event":"route","token":1,"layer":15,"expert":29}
{"schema_version":1,"ts_ns":37516694742,"event":"cache_miss","token":1,"layer":15,"expert":29,"cache_hit":false}
{"schema_version":1,"ts_ns":37516704550,"event":"read_end","token":1,"layer":15,"expert":29,"bytes":13236480,"duration_ns":40923653}
{"schema_version":1,"ts_ns":37516709358,"event":"prefetch_end","token":1,"layer":15,"expert":29,"bytes":13236480,"duration_ns":40923653}
{"schema_version":1,"ts_ns":37516712819,"event":"prefetch_wait_end","token":1,"layer":15,"expert":29,"duration_ns":1269}
{"schema_version":1,"ts_ns":37516733742,"event":"prefetch_begin","token":1,"layer":15,"expert":8,"bytes":13236480}
{"schema_version":1,"ts_ns":37516801319,"event":"read_begin","token":1,"layer":15,"expert":8,"bytes":13236480}
{"schema_version":1,"ts_ns":37516805935,"event":"compute_begin","token":1,"layer":15,"expert":29}
{"schema_version":1,"ts_ns":37764586242,"event":"compute_end","token":1,"layer":15,"expert":29,"duration_ns":247777115}
{"schema_version":1,"ts_ns":37764604550,"event":"route","token":1,"layer":15,"expert":8}
{"schema_version":1,"ts_ns":37767953281,"event":"cache_miss","token":1,"layer":15,"expert":8,"cache_hit":false}
{"schema_version":1,"ts_ns":37767959358,"event":"read_end","token":1,"layer":15,"expert":8,"bytes":13236480,"duration_ns":14272039}
{"schema_version":1,"ts_ns":37767963127,"event":"prefetch_end","token":1,"layer":15,"expert":8,"bytes":13236480,"duration_ns":14272039}
{"schema_version":1,"ts_ns":37767966127,"event":"prefetch_wait_end","token":1,"layer":15,"expert":8,"duration_ns":2039}
{"schema_version":1,"ts_ns":37767987242,"event":"prefetch_begin","token":1,"layer":15,"expert":1,"bytes":13236480}
{"schema_version":1,"ts_ns":37767991435,"event":"read_begin","token":1,"layer":15,"expert":1,"bytes":13236480}
{"schema_version":1,"ts_ns":37767995435,"event":"compute_begin","token":1,"layer":15,"expert":8}
{"schema_version":1,"ts_ns":38015932011,"event":"compute_end","token":1,"layer":15,"expert":8,"duration_ns":247933615}
{"schema_version":1,"ts_ns":38015951011,"event":"route","token":1,"layer":15,"expert":1}
{"schema_version":1,"ts_ns":38020175088,"event":"cache_miss","token":1,"layer":15,"expert":1,"cache_hit":false}
{"schema_version":1,"ts_ns":38020182242,"event":"read_end","token":1,"layer":15,"expert":1,"bytes":13236480,"duration_ns":14545461}
{"schema_version":1,"ts_ns":38020185742,"event":"prefetch_end","token":1,"layer":15,"expert":1,"bytes":13236480,"duration_ns":14545461}
{"schema_version":1,"ts_ns":38020188858,"event":"prefetch_wait_end","token":1,"layer":15,"expert":1,"duration_ns":1039}
{"schema_version":1,"ts_ns":38020193704,"event":"compute_begin","token":1,"layer":15,"expert":1}
{"schema_version":1,"ts_ns":38268053665,"event":"compute_end","token":1,"layer":15,"expert":1,"duration_ns":247857116}
{"schema_version":1,"ts_ns":38268078357,"event":"layer_end","layer":15}
{"schema_version":1,"ts_ns":38268087973,"event":"decoder_layer_end","layer":15}
{"schema_version":1,"ts_ns":38268097665,"event":"decoder_layer_begin","layer":16}
{"schema_version":1,"ts_ns":38607466742,"event":"attention_end","layer":16,"bytes":40960}
{"schema_version":1,"ts_ns":38612961088,"event":"layer_begin","layer":16}
{"schema_version":1,"ts_ns":38612976703,"event":"route","token":0,"layer":16,"expert":2}
{"schema_version":1,"ts_ns":38612982049,"event":"read_begin","token":0,"layer":16,"expert":2,"bytes":13236480}
{"schema_version":1,"ts_ns":38637326896,"event":"cache_miss","token":0,"layer":16,"expert":2,"cache_hit":false}
{"schema_version":1,"ts_ns":38637341088,"event":"read_end","token":0,"layer":16,"expert":2,"bytes":13236480,"duration_ns":24343808}
{"schema_version":1,"ts_ns":38637358665,"event":"prefetch_begin","token":0,"layer":16,"expert":24,"bytes":13236480}
{"schema_version":1,"ts_ns":38637361742,"event":"read_begin","token":0,"layer":16,"expert":24,"bytes":13236480}
{"schema_version":1,"ts_ns":38637365934,"event":"compute_begin","token":0,"layer":16,"expert":2}
{"schema_version":1,"ts_ns":38885177318,"event":"compute_end","token":0,"layer":16,"expert":2,"duration_ns":247808807}
{"schema_version":1,"ts_ns":38885196318,"event":"route","token":0,"layer":16,"expert":24}
{"schema_version":1,"ts_ns":38888806818,"event":"cache_miss","token":0,"layer":16,"expert":24,"cache_hit":false}
{"schema_version":1,"ts_ns":38888815242,"event":"read_end","token":0,"layer":16,"expert":24,"bytes":13236480,"duration_ns":42025807}
{"schema_version":1,"ts_ns":38888819511,"event":"prefetch_end","token":0,"layer":16,"expert":24,"bytes":13236480,"duration_ns":42025807}
{"schema_version":1,"ts_ns":38888822818,"event":"prefetch_wait_end","token":0,"layer":16,"expert":24,"duration_ns":1307}
{"schema_version":1,"ts_ns":38888902626,"event":"prefetch_begin","token":0,"layer":16,"expert":4,"bytes":13236480}
{"schema_version":1,"ts_ns":38888908626,"event":"read_begin","token":0,"layer":16,"expert":4,"bytes":13236480}
{"schema_version":1,"ts_ns":38888913549,"event":"compute_begin","token":0,"layer":16,"expert":24}
{"schema_version":1,"ts_ns":39136644934,"event":"compute_end","token":0,"layer":16,"expert":24,"duration_ns":247728769}
{"schema_version":1,"ts_ns":39136660549,"event":"route","token":0,"layer":16,"expert":4}
{"schema_version":1,"ts_ns":39140085972,"event":"cache_miss","token":0,"layer":16,"expert":4,"cache_hit":false}
{"schema_version":1,"ts_ns":39140093703,"event":"read_end","token":0,"layer":16,"expert":4,"bytes":13236480,"duration_ns":64488423}
{"schema_version":1,"ts_ns":39140097818,"event":"prefetch_end","token":0,"layer":16,"expert":4,"bytes":13236480,"duration_ns":64488423}
{"schema_version":1,"ts_ns":39140101549,"event":"prefetch_wait_end","token":0,"layer":16,"expert":4,"duration_ns":1269}
{"schema_version":1,"ts_ns":39140121934,"event":"prefetch_begin","token":0,"layer":16,"expert":22,"bytes":13236480}
{"schema_version":1,"ts_ns":39140126895,"event":"read_begin","token":0,"layer":16,"expert":22,"bytes":13236480}
{"schema_version":1,"ts_ns":39140131664,"event":"compute_begin","token":0,"layer":16,"expert":4}
{"schema_version":1,"ts_ns":39388011433,"event":"compute_end","token":0,"layer":16,"expert":4,"duration_ns":247876884}
{"schema_version":1,"ts_ns":39388029703,"event":"route","token":0,"layer":16,"expert":22}
{"schema_version":1,"ts_ns":39391763933,"event":"cache_miss","token":0,"layer":16,"expert":22,"cache_hit":false}
{"schema_version":1,"ts_ns":39391774280,"event":"read_end","token":0,"layer":16,"expert":22,"bytes":13236480,"duration_ns":62396270}
{"schema_version":1,"ts_ns":39391778280,"event":"prefetch_end","token":0,"layer":16,"expert":22,"bytes":13236480,"duration_ns":62396270}
{"schema_version":1,"ts_ns":39391782126,"event":"prefetch_wait_end","token":0,"layer":16,"expert":22,"duration_ns":1346}
{"schema_version":1,"ts_ns":39391788549,"event":"compute_begin","token":0,"layer":16,"expert":22}
{"schema_version":1,"ts_ns":39639455741,"event":"compute_end","token":0,"layer":16,"expert":22,"duration_ns":247664500}
{"schema_version":1,"ts_ns":39639479972,"event":"route","token":1,"layer":16,"expert":2}
{"schema_version":1,"ts_ns":39639485856,"event":"read_begin","token":1,"layer":16,"expert":2,"bytes":13236480}
{"schema_version":1,"ts_ns":39646962164,"event":"cache_miss","token":1,"layer":16,"expert":2,"cache_hit":false}
{"schema_version":1,"ts_ns":39646973587,"event":"read_end","token":1,"layer":16,"expert":2,"bytes":13236480,"duration_ns":7476461}
{"schema_version":1,"ts_ns":39646979972,"event":"compute_begin","token":1,"layer":16,"expert":2}
{"schema_version":1,"ts_ns":39894658202,"event":"compute_end","token":1,"layer":16,"expert":2,"duration_ns":247674846}
{"schema_version":1,"ts_ns":39894675702,"event":"route","token":1,"layer":16,"expert":4}
{"schema_version":1,"ts_ns":39894683279,"event":"cache_hit","token":1,"layer":16,"expert":4,"cache_hit":true}
{"schema_version":1,"ts_ns":39894700702,"event":"prefetch_begin","token":1,"layer":16,"expert":31,"bytes":13236480}
{"schema_version":1,"ts_ns":39894704625,"event":"read_begin","token":1,"layer":16,"expert":31,"bytes":13236480}
{"schema_version":1,"ts_ns":39894708087,"event":"compute_begin","token":1,"layer":16,"expert":4}
{"schema_version":1,"ts_ns":40142490548,"event":"compute_end","token":1,"layer":16,"expert":4,"duration_ns":247779461}
{"schema_version":1,"ts_ns":40142509471,"event":"route","token":1,"layer":16,"expert":31}
{"schema_version":1,"ts_ns":40145948010,"event":"cache_miss","token":1,"layer":16,"expert":31,"cache_hit":false}
{"schema_version":1,"ts_ns":40145956818,"event":"read_end","token":1,"layer":16,"expert":31,"bytes":13236480,"duration_ns":61614730}
{"schema_version":1,"ts_ns":40145960548,"event":"prefetch_end","token":1,"layer":16,"expert":31,"bytes":13236480,"duration_ns":61614730}
{"schema_version":1,"ts_ns":40145963933,"event":"prefetch_wait_end","token":1,"layer":16,"expert":31,"duration_ns":1346}
{"schema_version":1,"ts_ns":40146040048,"event":"prefetch_begin","token":1,"layer":16,"expert":24,"bytes":13236480}
{"schema_version":1,"ts_ns":40146043010,"event":"read_begin","token":1,"layer":16,"expert":24,"bytes":13236480}
{"schema_version":1,"ts_ns":40146048279,"event":"compute_begin","token":1,"layer":16,"expert":31}
{"schema_version":1,"ts_ns":40393987664,"event":"compute_end","token":1,"layer":16,"expert":31,"duration_ns":247937192}
{"schema_version":1,"ts_ns":40394007010,"event":"route","token":1,"layer":16,"expert":24}
{"schema_version":1,"ts_ns":40397603702,"event":"cache_miss","token":1,"layer":16,"expert":24,"cache_hit":false}
{"schema_version":1,"ts_ns":40397612279,"event":"read_end","token":1,"layer":16,"expert":24,"bytes":13236480,"duration_ns":13184116}
{"schema_version":1,"ts_ns":40397616317,"event":"prefetch_end","token":1,"layer":16,"expert":24,"bytes":13236480,"duration_ns":13184116}
{"schema_version":1,"ts_ns":40397619625,"event":"prefetch_wait_end","token":1,"layer":16,"expert":24,"duration_ns":1615}
{"schema_version":1,"ts_ns":40397625202,"event":"compute_begin","token":1,"layer":16,"expert":24}
{"schema_version":1,"ts_ns":40645308125,"event":"compute_end","token":1,"layer":16,"expert":24,"duration_ns":247680693}
{"schema_version":1,"ts_ns":40645327086,"event":"layer_end","layer":16}
{"schema_version":1,"ts_ns":40645336163,"event":"decoder_layer_end","layer":16}
{"schema_version":1,"ts_ns":40645346894,"event":"decoder_layer_begin","layer":17}
{"schema_version":1,"ts_ns":40990493932,"event":"attention_end","layer":17,"bytes":40960}
{"schema_version":1,"ts_ns":40994656202,"event":"layer_begin","layer":17}
{"schema_version":1,"ts_ns":40994672625,"event":"route","token":0,"layer":17,"expert":5}
{"schema_version":1,"ts_ns":40994678394,"event":"read_begin","token":0,"layer":17,"expert":5,"bytes":13236480}
{"schema_version":1,"ts_ns":41021967663,"event":"cache_miss","token":0,"layer":17,"expert":5,"cache_hit":false}
{"schema_version":1,"ts_ns":41021979586,"event":"read_end","token":0,"layer":17,"expert":5,"bytes":13236480,"duration_ns":27288692}
{"schema_version":1,"ts_ns":41021998855,"event":"prefetch_begin","token":0,"layer":17,"expert":23,"bytes":13236480}
{"schema_version":1,"ts_ns":41022001778,"event":"read_begin","token":0,"layer":17,"expert":23,"bytes":13236480}
{"schema_version":1,"ts_ns":41022005971,"event":"compute_begin","token":0,"layer":17,"expert":5}
{"schema_version":1,"ts_ns":41269837471,"event":"compute_end","token":0,"layer":17,"expert":5,"duration_ns":247828577}
{"schema_version":1,"ts_ns":41269859701,"event":"route","token":0,"layer":17,"expert":23}
{"schema_version":1,"ts_ns":41273620740,"event":"cache_miss","token":0,"layer":17,"expert":23,"cache_hit":false}
{"schema_version":1,"ts_ns":41273628624,"event":"read_end","token":0,"layer":17,"expert":23,"bytes":13236480,"duration_ns":44173808}
{"schema_version":1,"ts_ns":41273632394,"event":"prefetch_end","token":0,"layer":17,"expert":23,"bytes":13236480,"duration_ns":44173808}
{"schema_version":1,"ts_ns":41273635740,"event":"prefetch_wait_end","token":0,"layer":17,"expert":23,"duration_ns":2038}
{"schema_version":1,"ts_ns":41273654009,"event":"prefetch_begin","token":0,"layer":17,"expert":10,"bytes":13236480}
{"schema_version":1,"ts_ns":41273657624,"event":"read_begin","token":0,"layer":17,"expert":10,"bytes":13236480}
{"schema_version":1,"ts_ns":41273661701,"event":"compute_begin","token":0,"layer":17,"expert":23}
{"schema_version":1,"ts_ns":41521491893,"event":"compute_end","token":0,"layer":17,"expert":23,"duration_ns":247827346}
{"schema_version":1,"ts_ns":41521508855,"event":"route","token":0,"layer":17,"expert":10}
{"schema_version":1,"ts_ns":41524975278,"event":"cache_miss","token":0,"layer":17,"expert":10,"cache_hit":false}
{"schema_version":1,"ts_ns":41524982663,"event":"read_end","token":0,"layer":17,"expert":10,"bytes":13236480,"duration_ns":43003231}
{"schema_version":1,"ts_ns":41524986663,"event":"prefetch_end","token":0,"layer":17,"expert":10,"bytes":13236480,"duration_ns":43003231}
{"schema_version":1,"ts_ns":41525045086,"event":"prefetch_wait_end","token":0,"layer":17,"expert":10,"duration_ns":1039}
{"schema_version":1,"ts_ns":41525063355,"event":"prefetch_begin","token":0,"layer":17,"expert":15,"bytes":13236480}
{"schema_version":1,"ts_ns":41525066355,"event":"read_begin","token":0,"layer":17,"expert":15,"bytes":13236480}
{"schema_version":1,"ts_ns":41525071163,"event":"compute_begin","token":0,"layer":17,"expert":10}
{"schema_version":1,"ts_ns":41772905355,"event":"compute_end","token":0,"layer":17,"expert":10,"duration_ns":247831038}
{"schema_version":1,"ts_ns":41772924201,"event":"route","token":0,"layer":17,"expert":15}
{"schema_version":1,"ts_ns":41776656086,"event":"cache_miss","token":0,"layer":17,"expert":15,"cache_hit":false}
{"schema_version":1,"ts_ns":41776665278,"event":"read_end","token":0,"layer":17,"expert":15,"bytes":13236480,"duration_ns":48165500}
{"schema_version":1,"ts_ns":41776668816,"event":"prefetch_end","token":0,"layer":17,"expert":15,"bytes":13236480,"duration_ns":48165500}
{"schema_version":1,"ts_ns":41776672201,"event":"prefetch_wait_end","token":0,"layer":17,"expert":15,"duration_ns":1039}
{"schema_version":1,"ts_ns":41776676893,"event":"compute_begin","token":0,"layer":17,"expert":15}
{"schema_version":1,"ts_ns":42024319278,"event":"compute_end","token":0,"layer":17,"expert":15,"duration_ns":247639384}
{"schema_version":1,"ts_ns":42024342816,"event":"route","token":1,"layer":17,"expert":5}
{"schema_version":1,"ts_ns":42024348701,"event":"read_begin","token":1,"layer":17,"expert":5,"bytes":13236480}
{"schema_version":1,"ts_ns":42032349816,"event":"cache_miss","token":1,"layer":17,"expert":5,"cache_hit":false}
{"schema_version":1,"ts_ns":42032359624,"event":"read_end","token":1,"layer":17,"expert":5,"bytes":13236480,"duration_ns":8001115}
{"schema_version":1,"ts_ns":42032381124,"event":"prefetch_begin","token":1,"layer":17,"expert":23,"bytes":13236480}
{"schema_version":1,"ts_ns":42032384855,"event":"read_begin","token":1,"layer":17,"expert":23,"bytes":13236480}
{"schema_version":1,"ts_ns":42032389085,"event":"compute_begin","token":1,"layer":17,"expert":5}
{"schema_version":1,"ts_ns":42280111124,"event":"compute_end","token":1,"layer":17,"expert":5,"duration_ns":247718884}
{"schema_version":1,"ts_ns":42280128701,"event":"route","token":1,"layer":17,"expert":23}
{"schema_version":1,"ts_ns":42283839547,"event":"cache_miss","token":1,"layer":17,"expert":23,"cache_hit":false}
{"schema_version":1,"ts_ns":42283848354,"event":"read_end","token":1,"layer":17,"expert":23,"bytes":13236480,"duration_ns":15149885}
{"schema_version":1,"ts_ns":42283852585,"event":"prefetch_end","token":1,"layer":17,"expert":23,"bytes":13236480,"duration_ns":15149885}
{"schema_version":1,"ts_ns":42283855547,"event":"prefetch_wait_end","token":1,"layer":17,"expert":23,"duration_ns":1038}
{"schema_version":1,"ts_ns":42283874162,"event":"prefetch_begin","token":1,"layer":17,"expert":22,"bytes":13236480}
{"schema_version":1,"ts_ns":42283877316,"event":"read_begin","token":1,"layer":17,"expert":22,"bytes":13236480}
{"schema_version":1,"ts_ns":42283881470,"event":"compute_begin","token":1,"layer":17,"expert":23}
{"schema_version":1,"ts_ns":42531866277,"event":"compute_end","token":1,"layer":17,"expert":23,"duration_ns":247981423}
{"schema_version":1,"ts_ns":42531884239,"event":"route","token":1,"layer":17,"expert":22}
{"schema_version":1,"ts_ns":42535704470,"event":"cache_miss","token":1,"layer":17,"expert":22,"cache_hit":false}
{"schema_version":1,"ts_ns":42535712470,"event":"read_end","token":1,"layer":17,"expert":22,"bytes":13236480,"duration_ns":61675154}
{"schema_version":1,"ts_ns":42535715854,"event":"prefetch_end","token":1,"layer":17,"expert":22,"bytes":13236480,"duration_ns":61675154}
{"schema_version":1,"ts_ns":42535719277,"event":"prefetch_wait_end","token":1,"layer":17,"expert":22,"duration_ns":1346}
{"schema_version":1,"ts_ns":42535737047,"event":"prefetch_begin","token":1,"layer":17,"expert":2,"bytes":13236480}
{"schema_version":1,"ts_ns":42535740470,"event":"read_begin","token":1,"layer":17,"expert":2,"bytes":13236480}
{"schema_version":1,"ts_ns":42535792585,"event":"compute_begin","token":1,"layer":17,"expert":22}
{"schema_version":1,"ts_ns":42783616854,"event":"compute_end","token":1,"layer":17,"expert":22,"duration_ns":247821307}
{"schema_version":1,"ts_ns":42783635893,"event":"route","token":1,"layer":17,"expert":2}
{"schema_version":1,"ts_ns":42786968277,"event":"cache_miss","token":1,"layer":17,"expert":2,"cache_hit":false}
{"schema_version":1,"ts_ns":42786975931,"event":"read_end","token":1,"layer":17,"expert":2,"bytes":13236480,"duration_ns":46208115}
{"schema_version":1,"ts_ns":42786979969,"event":"prefetch_end","token":1,"layer":17,"expert":2,"bytes":13236480,"duration_ns":46208115}
{"schema_version":1,"ts_ns":42786983316,"event":"prefetch_wait_end","token":1,"layer":17,"expert":2,"duration_ns":1615}
{"schema_version":1,"ts_ns":42786988393,"event":"compute_begin","token":1,"layer":17,"expert":2}
{"schema_version":1,"ts_ns":43034790469,"event":"compute_end","token":1,"layer":17,"expert":2,"duration_ns":247799308}
{"schema_version":1,"ts_ns":43034810315,"event":"layer_end","layer":17}
{"schema_version":1,"ts_ns":43034819892,"event":"decoder_layer_end","layer":17}
{"schema_version":1,"ts_ns":43034830200,"event":"decoder_layer_begin","layer":18}
{"schema_version":1,"ts_ns":43379123623,"event":"attention_end","layer":18,"bytes":40960}
{"schema_version":1,"ts_ns":43383084738,"event":"layer_begin","layer":18}
{"schema_version":1,"ts_ns":43383101046,"event":"route","token":0,"layer":18,"expert":14}
{"schema_version":1,"ts_ns":43383106123,"event":"read_begin","token":0,"layer":18,"expert":14,"bytes":13236480}
{"schema_version":1,"ts_ns":43408730584,"event":"cache_miss","token":0,"layer":18,"expert":14,"cache_hit":false}
{"schema_version":1,"ts_ns":43408742584,"event":"read_end","token":0,"layer":18,"expert":14,"bytes":13236480,"duration_ns":25623153}
{"schema_version":1,"ts_ns":43408757931,"event":"prefetch_begin","token":0,"layer":18,"expert":1,"bytes":13236480}
{"schema_version":1,"ts_ns":43408761392,"event":"read_begin","token":0,"layer":18,"expert":1,"bytes":13236480}
{"schema_version":1,"ts_ns":43408765700,"event":"compute_begin","token":0,"layer":18,"expert":14}
{"schema_version":1,"ts_ns":43656894546,"event":"compute_end","token":0,"layer":18,"expert":14,"duration_ns":248122615}
{"schema_version":1,"ts_ns":43656915392,"event":"route","token":0,"layer":18,"expert":1}
{"schema_version":1,"ts_ns":43660684777,"event":"cache_miss","token":0,"layer":18,"expert":1,"cache_hit":false}
{"schema_version":1,"ts_ns":43660693777,"event":"read_end","token":0,"layer":18,"expert":1,"bytes":13236480,"duration_ns":46323384}
{"schema_version":1,"ts_ns":43660698046,"event":"prefetch_end","token":0,"layer":18,"expert":1,"bytes":13236480,"duration_ns":46323384}
{"schema_version":1,"ts_ns":43660701392,"event":"prefetch_wait_end","token":0,"layer":18,"expert":1,"duration_ns":1115}
{"schema_version":1,"ts_ns":43660720507,"event":"prefetch_begin","token":0,"layer":18,"expert":26,"bytes":13236480}
{"schema_version":1,"ts_ns":43660724200,"event":"read_begin","token":0,"layer":18,"expert":26,"bytes":13236480}
{"schema_version":1,"ts_ns":43660728623,"event":"compute_begin","token":0,"layer":18,"expert":1}
{"schema_version":1,"ts_ns":43908530238,"event":"compute_end","token":0,"layer":18,"expert":1,"duration_ns":247799000}
{"schema_version":1,"ts_ns":43908548430,"event":"route","token":0,"layer":18,"expert":26}
{"schema_version":1,"ts_ns":43911958392,"event":"cache_miss","token":0,"layer":18,"expert":26,"cache_hit":false}
{"schema_version":1,"ts_ns":43911964776,"event":"read_end","token":0,"layer":18,"expert":26,"bytes":13236480,"duration_ns":45608115}
{"schema_version":1,"ts_ns":43911969430,"event":"prefetch_end","token":0,"layer":18,"expert":26,"bytes":13236480,"duration_ns":45608115}
{"schema_version":1,"ts_ns":43911972853,"event":"prefetch_wait_end","token":0,"layer":18,"expert":26,"duration_ns":1269}
{"schema_version":1,"ts_ns":43911991046,"event":"prefetch_begin","token":0,"layer":18,"expert":30,"bytes":13236480}
{"schema_version":1,"ts_ns":43912052699,"event":"read_begin","token":0,"layer":18,"expert":30,"bytes":13236480}
{"schema_version":1,"ts_ns":43912057046,"event":"compute_begin","token":0,"layer":18,"expert":26}
{"schema_version":1,"ts_ns":44159977853,"event":"compute_end","token":0,"layer":18,"expert":26,"duration_ns":247917615}
{"schema_version":1,"ts_ns":44159995199,"event":"route","token":0,"layer":18,"expert":30}
{"schema_version":1,"ts_ns":44163596661,"event":"cache_miss","token":0,"layer":18,"expert":30,"cache_hit":false}
{"schema_version":1,"ts_ns":44163605738,"event":"read_end","token":0,"layer":18,"expert":30,"bytes":13236480,"duration_ns":56965039}
{"schema_version":1,"ts_ns":44163610276,"event":"prefetch_end","token":0,"layer":18,"expert":30,"bytes":13236480,"duration_ns":56965039}
{"schema_version":1,"ts_ns":44163613622,"event":"prefetch_wait_end","token":0,"layer":18,"expert":30,"duration_ns":1462}
{"schema_version":1,"ts_ns":44163619315,"event":"compute_begin","token":0,"layer":18,"expert":30}
{"schema_version":1,"ts_ns":44411415814,"event":"compute_end","token":0,"layer":18,"expert":30,"duration_ns":247793693}
{"schema_version":1,"ts_ns":44411440122,"event":"route","token":1,"layer":18,"expert":14}
{"schema_version":1,"ts_ns":44411445391,"event":"read_begin","token":1,"layer":18,"expert":14,"bytes":13236480}
{"schema_version":1,"ts_ns":44419033930,"event":"cache_miss","token":1,"layer":18,"expert":14,"cache_hit":false}
{"schema_version":1,"ts_ns":44419044391,"event":"read_end","token":1,"layer":18,"expert":14,"bytes":13236480,"duration_ns":7587962}
{"schema_version":1,"ts_ns":44419071161,"event":"prefetch_begin","token":1,"layer":18,"expert":1,"bytes":13236480}
{"schema_version":1,"ts_ns":44419075199,"event":"read_begin","token":1,"layer":18,"expert":1,"bytes":13236480}
{"schema_version":1,"ts_ns":44419079238,"event":"compute_begin","token":1,"layer":18,"expert":14}
{"schema_version":1,"ts_ns":44666932660,"event":"compute_end","token":1,"layer":18,"expert":14,"duration_ns":247851038}
{"schema_version":1,"ts_ns":44666954507,"event":"route","token":1,"layer":18,"expert":1}
{"schema_version":1,"ts_ns":44670648314,"event":"cache_miss","token":1,"layer":18,"expert":1,"cache_hit":false}
{"schema_version":1,"ts_ns":44670656776,"event":"read_end","token":1,"layer":18,"expert":1,"bytes":13236480,"duration_ns":13343538}
{"schema_version":1,"ts_ns":44670660891,"event":"prefetch_end","token":1,"layer":18,"expert":1,"bytes":13236480,"duration_ns":13343538}
{"schema_version":1,"ts_ns":44670663968,"event":"prefetch_wait_end","token":1,"layer":18,"expert":1,"duration_ns":1230}
{"schema_version":1,"ts_ns":44670687160,"event":"prefetch_begin","token":1,"layer":18,"expert":26,"bytes":13236480}
{"schema_version":1,"ts_ns":44670691007,"event":"read_begin","token":1,"layer":18,"expert":26,"bytes":13236480}
{"schema_version":1,"ts_ns":44670696007,"event":"compute_begin","token":1,"layer":18,"expert":1}
{"schema_version":1,"ts_ns":44918433506,"event":"compute_end","token":1,"layer":18,"expert":1,"duration_ns":247734539}
{"schema_version":1,"ts_ns":44918451776,"event":"route","token":1,"layer":18,"expert":26}
{"schema_version":1,"ts_ns":44921955353,"event":"cache_miss","token":1,"layer":18,"expert":26,"cache_hit":false}
{"schema_version":1,"ts_ns":44921962583,"event":"read_end","token":1,"layer":18,"expert":26,"bytes":13236480,"duration_ns":12468923}
{"schema_version":1,"ts_ns":44921966776,"event":"prefetch_end","token":1,"layer":18,"expert":26,"bytes":13236480,"duration_ns":12468923}
{"schema_version":1,"ts_ns":44921970160,"event":"prefetch_wait_end","token":1,"layer":18,"expert":26,"duration_ns":1230}
{"schema_version":1,"ts_ns":44921991199,"event":"prefetch_begin","token":1,"layer":18,"expert":7,"bytes":13236480}
{"schema_version":1,"ts_ns":44921995006,"event":"read_begin","token":1,"layer":18,"expert":7,"bytes":13236480}
{"schema_version":1,"ts_ns":44921999468,"event":"compute_begin","token":1,"layer":18,"expert":26}
{"schema_version":1,"ts_ns":45169755083,"event":"compute_end","token":1,"layer":18,"expert":26,"duration_ns":247752307}
{"schema_version":1,"ts_ns":45169824006,"event":"route","token":1,"layer":18,"expert":7}
{"schema_version":1,"ts_ns":45173548622,"event":"cache_miss","token":1,"layer":18,"expert":7,"cache_hit":false}
{"schema_version":1,"ts_ns":45173556122,"event":"read_end","token":1,"layer":18,"expert":7,"bytes":13236480,"duration_ns":58522462}
{"schema_version":1,"ts_ns":45173561391,"event":"prefetch_end","token":1,"layer":18,"expert":7,"bytes":13236480,"duration_ns":58522462}
{"schema_version":1,"ts_ns":45173564352,"event":"prefetch_wait_end","token":1,"layer":18,"expert":7,"duration_ns":1269}
{"schema_version":1,"ts_ns":45173568814,"event":"compute_begin","token":1,"layer":18,"expert":7}
{"schema_version":1,"ts_ns":45421330814,"event":"compute_end","token":1,"layer":18,"expert":7,"duration_ns":247759423}
{"schema_version":1,"ts_ns":45421350583,"event":"layer_end","layer":18}
{"schema_version":1,"ts_ns":45421359737,"event":"decoder_layer_end","layer":18}
{"schema_version":1,"ts_ns":45421369352,"event":"decoder_layer_begin","layer":19}
{"schema_version":1,"ts_ns":45786103621,"event":"attention_end","layer":19,"bytes":40960}
{"schema_version":1,"ts_ns":45791831583,"event":"layer_begin","layer":19}
{"schema_version":1,"ts_ns":45791847429,"event":"route","token":0,"layer":19,"expert":6}
{"schema_version":1,"ts_ns":45791852967,"event":"read_begin","token":0,"layer":19,"expert":6,"bytes":13236480}
{"schema_version":1,"ts_ns":45816834044,"event":"cache_miss","token":0,"layer":19,"expert":6,"cache_hit":false}
{"schema_version":1,"ts_ns":45816848121,"event":"read_end","token":0,"layer":19,"expert":6,"bytes":13236480,"duration_ns":24979308}
{"schema_version":1,"ts_ns":45816869044,"event":"prefetch_begin","token":0,"layer":19,"expert":22,"bytes":13236480}
{"schema_version":1,"ts_ns":45816872698,"event":"read_begin","token":0,"layer":19,"expert":22,"bytes":13236480}
{"schema_version":1,"ts_ns":45816877890,"event":"compute_begin","token":0,"layer":19,"expert":6}
{"schema_version":1,"ts_ns":46064719313,"event":"compute_end","token":0,"layer":19,"expert":6,"duration_ns":247838308}
{"schema_version":1,"ts_ns":46064737006,"event":"route","token":0,"layer":19,"expert":22}
{"schema_version":1,"ts_ns":46068045659,"event":"cache_miss","token":0,"layer":19,"expert":22,"cache_hit":false}
{"schema_version":1,"ts_ns":46068052236,"event":"read_end","token":0,"layer":19,"expert":22,"bytes":13236480,"duration_ns":34702077}
{"schema_version":1,"ts_ns":46068056236,"event":"prefetch_end","token":0,"layer":19,"expert":22,"bytes":13236480,"duration_ns":34702077}
{"schema_version":1,"ts_ns":46068059698,"event":"prefetch_wait_end","token":0,"layer":19,"expert":22,"duration_ns":1346}
{"schema_version":1,"ts_ns":46068089121,"event":"prefetch_begin","token":0,"layer":19,"expert":3,"bytes":13236480}
{"schema_version":1,"ts_ns":46068094813,"event":"read_begin","token":0,"layer":19,"expert":3,"bytes":13236480}
{"schema_version":1,"ts_ns":46068100006,"event":"compute_begin","token":0,"layer":19,"expert":22}
{"schema_version":1,"ts_ns":46315889582,"event":"compute_end","token":0,"layer":19,"expert":22,"duration_ns":247786039}
{"schema_version":1,"ts_ns":46315907390,"event":"route","token":0,"layer":19,"expert":3}
{"schema_version":1,"ts_ns":46319533313,"event":"cache_miss","token":0,"layer":19,"expert":3,"cache_hit":false}
{"schema_version":1,"ts_ns":46319543121,"event":"read_end","token":0,"layer":19,"expert":3,"bytes":13236480,"duration_ns":44662230}
{"schema_version":1,"ts_ns":46319548236,"event":"prefetch_end","token":0,"layer":19,"expert":3,"bytes":13236480,"duration_ns":44662230}
{"schema_version":1,"ts_ns":46319551582,"event":"prefetch_wait_end","token":0,"layer":19,"expert":3,"duration_ns":1577}
{"schema_version":1,"ts_ns":46319584775,"event":"prefetch_begin","token":0,"layer":19,"expert":4,"bytes":13236480}
{"schema_version":1,"ts_ns":46319589044,"event":"read_begin","token":0,"layer":19,"expert":4,"bytes":13236480}
{"schema_version":1,"ts_ns":46319593621,"event":"compute_begin","token":0,"layer":19,"expert":3}
{"schema_version":1,"ts_ns":46567710198,"event":"compute_end","token":0,"layer":19,"expert":3,"duration_ns":248046846}
{"schema_version":1,"ts_ns":46567728198,"event":"route","token":0,"layer":19,"expert":4}
{"schema_version":1,"ts_ns":46571318659,"event":"cache_miss","token":0,"layer":19,"expert":4,"cache_hit":false}
{"schema_version":1,"ts_ns":46571326774,"event":"read_end","token":0,"layer":19,"expert":4,"bytes":13236480,"duration_ns":41739461}
{"schema_version":1,"ts_ns":46571330236,"event":"prefetch_end","token":0,"layer":19,"expert":4,"bytes":13236480,"duration_ns":41739461}
{"schema_version":1,"ts_ns":46571333313,"event":"prefetch_wait_end","token":0,"layer":19,"expert":4,"duration_ns":1154}
{"schema_version":1,"ts_ns":46571338044,"event":"compute_begin","token":0,"layer":19,"expert":4}
{"schema_version":1,"ts_ns":46820059967,"event":"compute_end","token":0,"layer":19,"expert":4,"duration_ns":248719807}
{"schema_version":1,"ts_ns":46820082120,"event":"route","token":1,"layer":19,"expert":6}
{"schema_version":1,"ts_ns":46820087313,"event":"read_begin","token":1,"layer":19,"expert":6,"bytes":13236480}
{"schema_version":1,"ts_ns":46827574467,"event":"cache_miss","token":1,"layer":19,"expert":6,"cache_hit":false}
{"schema_version":1,"ts_ns":46827582351,"event":"read_end","token":1,"layer":19,"expert":6,"bytes":13236480,"duration_ns":7487461}
{"schema_version":1,"ts_ns":46827589313,"event":"compute_begin","token":1,"layer":19,"expert":6}
{"schema_version":1,"ts_ns":47075891390,"event":"compute_end","token":1,"layer":19,"expert":6,"duration_ns":248300039}
{"schema_version":1,"ts_ns":47075906505,"event":"route","token":1,"layer":19,"expert":4}
{"schema_version":1,"ts_ns":47075914043,"event":"cache_hit","token":1,"layer":19,"expert":4,"cache_hit":true}
{"schema_version":1,"ts_ns":47075937966,"event":"prefetch_begin","token":1,"layer":19,"expert":13,"bytes":13236480}
{"schema_version":1,"ts_ns":47075940890,"event":"read_begin","token":1,"layer":19,"expert":13,"bytes":13236480}
{"schema_version":1,"ts_ns":47075944120,"event":"compute_begin","token":1,"layer":19,"expert":4}
{"schema_version":1,"ts_ns":47325229582,"event":"compute_end","token":1,"layer":19,"expert":4,"duration_ns":249282654}
{"schema_version":1,"ts_ns":47325247351,"event":"route","token":1,"layer":19,"expert":13}
{"schema_version":1,"ts_ns":47329221620,"event":"cache_miss","token":1,"layer":19,"expert":13,"cache_hit":false}
{"schema_version":1,"ts_ns":47329231543,"event":"read_end","token":1,"layer":19,"expert":13,"bytes":13236480,"duration_ns":26754616}
{"schema_version":1,"ts_ns":47329234966,"event":"prefetch_end","token":1,"layer":19,"expert":13,"bytes":13236480,"duration_ns":26754616}
{"schema_version":1,"ts_ns":47329238159,"event":"prefetch_wait_end","token":1,"layer":19,"expert":13,"duration_ns":1154}
{"schema_version":1,"ts_ns":47329255466,"event":"prefetch_begin","token":1,"layer":19,"expert":9,"bytes":13236480}
{"schema_version":1,"ts_ns":47329258543,"event":"read_begin","token":1,"layer":19,"expert":9,"bytes":13236480}
{"schema_version":1,"ts_ns":47329262582,"event":"compute_begin","token":1,"layer":19,"expert":13}
{"schema_version":1,"ts_ns":47578466158,"event":"compute_end","token":1,"layer":19,"expert":13,"duration_ns":249200846}
{"schema_version":1,"ts_ns":47578484851,"event":"route","token":1,"layer":19,"expert":9}
{"schema_version":1,"ts_ns":47582501081,"event":"cache_miss","token":1,"layer":19,"expert":9,"cache_hit":false}
{"schema_version":1,"ts_ns":47582510889,"event":"read_end","token":1,"layer":19,"expert":9,"bytes":13236480,"duration_ns":47182077}
{"schema_version":1,"ts_ns":47582514274,"event":"prefetch_end","token":1,"layer":19,"expert":9,"bytes":13236480,"duration_ns":47182077}
{"schema_version":1,"ts_ns":47582517428,"event":"prefetch_wait_end","token":1,"layer":19,"expert":9,"duration_ns":1077}
{"schema_version":1,"ts_ns":47582522428,"event":"compute_begin","token":1,"layer":19,"expert":9}
{"schema_version":1,"ts_ns":47831594312,"event":"compute_end","token":1,"layer":19,"expert":9,"duration_ns":249068500}
{"schema_version":1,"ts_ns":47831615466,"event":"layer_end","layer":19}
{"schema_version":1,"ts_ns":47831699927,"event":"decoder_layer_end","layer":19}
{"schema_version":1,"ts_ns":47831709889,"event":"decoder_layer_begin","layer":20}
{"schema_version":1,"ts_ns":48174246350,"event":"attention_end","layer":20,"bytes":40960}
{"schema_version":1,"ts_ns":48177568312,"event":"layer_begin","layer":20}
{"schema_version":1,"ts_ns":48177584850,"event":"route","token":0,"layer":20,"expert":5}
{"schema_version":1,"ts_ns":48177590043,"event":"read_begin","token":0,"layer":20,"expert":5,"bytes":13236480}
{"schema_version":1,"ts_ns":48202885043,"event":"cache_miss","token":0,"layer":20,"expert":5,"cache_hit":false}
{"schema_version":1,"ts_ns":48202899812,"event":"read_end","token":0,"layer":20,"expert":5,"bytes":13236480,"duration_ns":25293346}
{"schema_version":1,"ts_ns":48202917658,"event":"prefetch_begin","token":0,"layer":20,"expert":26,"bytes":13236480}
{"schema_version":1,"ts_ns":48202920581,"event":"read_begin","token":0,"layer":20,"expert":26,"bytes":13236480}
{"schema_version":1,"ts_ns":48202925081,"event":"compute_begin","token":0,"layer":20,"expert":5}
{"schema_version":1,"ts_ns":48450841004,"event":"compute_end","token":0,"layer":20,"expert":5,"duration_ns":247912538}
{"schema_version":1,"ts_ns":48450859696,"event":"route","token":0,"layer":20,"expert":26}
{"schema_version":1,"ts_ns":48454598389,"event":"cache_miss","token":0,"layer":20,"expert":26,"cache_hit":false}
{"schema_version":1,"ts_ns":48454606850,"event":"read_end","token":0,"layer":20,"expert":26,"bytes":13236480,"duration_ns":40498654}
{"schema_version":1,"ts_ns":48454611158,"event":"prefetch_end","token":0,"layer":20,"expert":26,"bytes":13236480,"duration_ns":40498654}
{"schema_version":1,"ts_ns":48454614581,"event":"prefetch_wait_end","token":0,"layer":20,"expert":26,"duration_ns":1500}
{"schema_version":1,"ts_ns":48454638389,"event":"prefetch_begin","token":0,"layer":20,"expert":22,"bytes":13236480}
{"schema_version":1,"ts_ns":48454642619,"event":"read_begin","token":0,"layer":20,"expert":22,"bytes":13236480}
{"schema_version":1,"ts_ns":48454647081,"event":"compute_begin","token":0,"layer":20,"expert":26}
{"schema_version":1,"ts_ns":48702442273,"event":"compute_end","token":0,"layer":20,"expert":26,"duration_ns":247791616}
{"schema_version":1,"ts_ns":48702460427,"event":"route","token":0,"layer":20,"expert":22}
{"schema_version":1,"ts_ns":48705882542,"event":"cache_miss","token":0,"layer":20,"expert":22,"cache_hit":false}
{"schema_version":1,"ts_ns":48705890465,"event":"read_end","token":0,"layer":20,"expert":22,"bytes":13236480,"duration_ns":61210077}
{"schema_version":1,"ts_ns":48705895081,"event":"prefetch_end","token":0,"layer":20,"expert":22,"bytes":13236480,"duration_ns":61210077}
{"schema_version":1,"ts_ns":48705899119,"event":"prefetch_wait_end","token":0,"layer":20,"expert":22,"duration_ns":923}
{"schema_version":1,"ts_ns":48705922196,"event":"prefetch_begin","token":0,"layer":20,"expert":15,"bytes":13236480}
{"schema_version":1,"ts_ns":48705926465,"event":"read_begin","token":0,"layer":20,"expert":15,"bytes":13236480}
{"schema_version":1,"ts_ns":48705931581,"event":"compute_begin","token":0,"layer":20,"expert":22}
{"schema_version":1,"ts_ns":48953914580,"event":"compute_end","token":0,"layer":20,"expert":22,"duration_ns":247979923}
{"schema_version":1,"ts_ns":48953931542,"event":"route","token":0,"layer":20,"expert":15}
{"schema_version":1,"ts_ns":48957626811,"event":"cache_miss","token":0,"layer":20,"expert":15,"cache_hit":false}
{"schema_version":1,"ts_ns":48957635350,"event":"read_end","token":0,"layer":20,"expert":15,"bytes":13236480,"duration_ns":60781769}
{"schema_version":1,"ts_ns":48957640234,"event":"prefetch_end","token":0,"layer":20,"expert":15,"bytes":13236480,"duration_ns":60781769}
{"schema_version":1,"ts_ns":48957643619,"event":"prefetch_wait_end","token":0,"layer":20,"expert":15,"duration_ns":1308}
{"schema_version":1,"ts_ns":48957649427,"event":"compute_begin","token":0,"layer":20,"expert":15}
{"schema_version":1,"ts_ns":49205235734,"event":"compute_end","token":0,"layer":20,"expert":15,"duration_ns":247583922}
{"schema_version":1,"ts_ns":49205331811,"event":"route","token":1,"layer":20,"expert":5}
{"schema_version":1,"ts_ns":49205338619,"event":"read_begin","token":1,"layer":20,"expert":5,"bytes":13236480}
{"schema_version":1,"ts_ns":49212825042,"event":"cache_miss","token":1,"layer":20,"expert":5,"cache_hit":false}
{"schema_version":1,"ts_ns":49212835042,"event":"read_end","token":1,"layer":20,"expert":5,"bytes":13236480,"duration_ns":7486846}
{"schema_version":1,"ts_ns":49212851926,"event":"prefetch_begin","token":1,"layer":20,"expert":26,"bytes":13236480}
{"schema_version":1,"ts_ns":49212856311,"event":"read_begin","token":1,"layer":20,"expert":26,"bytes":13236480}
{"schema_version":1,"ts_ns":49212861696,"event":"compute_begin","token":1,"layer":20,"expert":5}
{"schema_version":1,"ts_ns":49460580465,"event":"compute_end","token":1,"layer":20,"expert":5,"duration_ns":247716308}
{"schema_version":1,"ts_ns":49460598888,"event":"route","token":1,"layer":20,"expert":26}
{"schema_version":1,"ts_ns":49464010426,"event":"cache_miss","token":1,"layer":20,"expert":26,"cache_hit":false}
{"schema_version":1,"ts_ns":49464017465,"event":"read_end","token":1,"layer":20,"expert":26,"bytes":13236480,"duration_ns":14995423}
{"schema_version":1,"ts_ns":49464021080,"event":"prefetch_end","token":1,"layer":20,"expert":26,"bytes":13236480,"duration_ns":14995423}
{"schema_version":1,"ts_ns":49464024426,"event":"prefetch_wait_end","token":1,"layer":20,"expert":26,"duration_ns":1230}
{"schema_version":1,"ts_ns":49464042311,"event":"prefetch_begin","token":1,"layer":20,"expert":8,"bytes":13236480}
{"schema_version":1,"ts_ns":49464046349,"event":"read_begin","token":1,"layer":20,"expert":8,"bytes":13236480}
{"schema_version":1,"ts_ns":49464050772,"event":"compute_begin","token":1,"layer":20,"expert":26}
{"schema_version":1,"ts_ns":49711804503,"event":"compute_end","token":1,"layer":20,"expert":26,"duration_ns":247750500}
{"schema_version":1,"ts_ns":49711823311,"event":"route","token":1,"layer":20,"expert":8}
{"schema_version":1,"ts_ns":49715565811,"event":"cache_miss","token":1,"layer":20,"expert":8,"cache_hit":false}
{"schema_version":1,"ts_ns":49715573926,"event":"read_end","token":1,"layer":20,"expert":8,"bytes":13236480,"duration_ns":61662346}
{"schema_version":1,"ts_ns":49715577849,"event":"prefetch_end","token":1,"layer":20,"expert":8,"bytes":13236480,"duration_ns":61662346}
{"schema_version":1,"ts_ns":49715581041,"event":"prefetch_wait_end","token":1,"layer":20,"expert":8,"duration_ns":1115}
{"schema_version":1,"ts_ns":49715601311,"event":"prefetch_begin","token":1,"layer":20,"expert":12,"bytes":13236480}
{"schema_version":1,"ts_ns":49715605503,"event":"read_begin","token":1,"layer":20,"expert":12,"bytes":13236480}
{"schema_version":1,"ts_ns":49715609965,"event":"compute_begin","token":1,"layer":20,"expert":8}
{"schema_version":1,"ts_ns":49963375657,"event":"compute_end","token":1,"layer":20,"expert":8,"duration_ns":247762192}
{"schema_version":1,"ts_ns":49963396772,"event":"route","token":1,"layer":20,"expert":12}
{"schema_version":1,"ts_ns":49966824887,"event":"cache_miss","token":1,"layer":20,"expert":12,"cache_hit":false}
{"schema_version":1,"ts_ns":49966832964,"event":"read_end","token":1,"layer":20,"expert":12,"bytes":13236480,"duration_ns":60320577}
{"schema_version":1,"ts_ns":49966837195,"event":"prefetch_end","token":1,"layer":20,"expert":12,"bytes":13236480,"duration_ns":60320577}
{"schema_version":1,"ts_ns":49966840503,"event":"prefetch_wait_end","token":1,"layer":20,"expert":12,"duration_ns":1346}
{"schema_version":1,"ts_ns":49966846349,"event":"compute_begin","token":1,"layer":20,"expert":12}
{"schema_version":1,"ts_ns":50214709272,"event":"compute_end","token":1,"layer":20,"expert":12,"duration_ns":247860115}
{"schema_version":1,"ts_ns":50214730080,"event":"layer_end","layer":20}
{"schema_version":1,"ts_ns":50214740349,"event":"decoder_layer_end","layer":20}
{"schema_version":1,"ts_ns":50214749580,"event":"decoder_layer_begin","layer":21}
{"schema_version":1,"ts_ns":50531280887,"event":"attention_end","layer":21,"bytes":40960}
{"schema_version":1,"ts_ns":50536235425,"event":"layer_begin","layer":21}
{"schema_version":1,"ts_ns":50536252310,"event":"route","token":0,"layer":21,"expert":11}
{"schema_version":1,"ts_ns":50536258195,"event":"read_begin","token":0,"layer":21,"expert":11,"bytes":13236480}
{"schema_version":1,"ts_ns":50560462002,"event":"cache_miss","token":0,"layer":21,"expert":11,"cache_hit":false}
{"schema_version":1,"ts_ns":50560475541,"event":"read_end","token":0,"layer":21,"expert":11,"bytes":13236480,"duration_ns":24203384}
{"schema_version":1,"ts_ns":50560521849,"event":"prefetch_begin","token":0,"layer":21,"expert":4,"bytes":13236480}
{"schema_version":1,"ts_ns":50560524925,"event":"read_begin","token":0,"layer":21,"expert":4,"bytes":13236480}
{"schema_version":1,"ts_ns":50560529002,"event":"compute_begin","token":0,"layer":21,"expert":11}
{"schema_version":1,"ts_ns":50808274810,"event":"compute_end","token":0,"layer":21,"expert":11,"duration_ns":247742538}
{"schema_version":1,"ts_ns":50808290810,"event":"route","token":0,"layer":21,"expert":4}
{"schema_version":1,"ts_ns":50811787656,"event":"cache_miss","token":0,"layer":21,"expert":4,"cache_hit":false}
{"schema_version":1,"ts_ns":50811797156,"event":"read_end","token":0,"layer":21,"expert":4,"bytes":13236480,"duration_ns":41655923}
{"schema_version":1,"ts_ns":50811801887,"event":"prefetch_end","token":0,"layer":21,"expert":4,"bytes":13236480,"duration_ns":41655923}
{"schema_version":1,"ts_ns":50811804964,"event":"prefetch_wait_end","token":0,"layer":21,"expert":4,"duration_ns":1423}
{"schema_version":1,"ts_ns":50811826541,"event":"prefetch_begin","token":0,"layer":21,"expert":20,"bytes":13236480}
{"schema_version":1,"ts_ns":50811830156,"event":"read_begin","token":0,"layer":21,"expert":20,"bytes":13236480}
{"schema_version":1,"ts_ns":50811834925,"event":"compute_begin","token":0,"layer":21,"expert":4}
{"schema_version":1,"ts_ns":51059545733,"event":"compute_end","token":0,"layer":21,"expert":4,"duration_ns":247708346}
{"schema_version":1,"ts_ns":51059561079,"event":"route","token":0,"layer":21,"expert":20}
{"schema_version":1,"ts_ns":51062905694,"event":"cache_miss","token":0,"layer":21,"expert":20,"cache_hit":false}
{"schema_version":1,"ts_ns":51062914387,"event":"read_end","token":0,"layer":21,"expert":20,"bytes":13236480,"duration_ns":62193769}
{"schema_version":1,"ts_ns":51062919271,"event":"prefetch_end","token":0,"layer":21,"expert":20,"bytes":13236480,"duration_ns":62193769}
{"schema_version":1,"ts_ns":51062922617,"event":"prefetch_wait_end","token":0,"layer":21,"expert":20,"duration_ns":653}
{"schema_version":1,"ts_ns":51062946425,"event":"prefetch_begin","token":0,"layer":21,"expert":26,"bytes":13236480}
{"schema_version":1,"ts_ns":51062949694,"event":"read_begin","token":0,"layer":21,"expert":26,"bytes":13236480}
{"schema_version":1,"ts_ns":51062954464,"event":"compute_begin","token":0,"layer":21,"expert":20}
{"schema_version":1,"ts_ns":51310738963,"event":"compute_end","token":0,"layer":21,"expert":20,"duration_ns":247782000}
{"schema_version":1,"ts_ns":51310755886,"event":"route","token":0,"layer":21,"expert":26}
{"schema_version":1,"ts_ns":51314510463,"event":"cache_miss","token":0,"layer":21,"expert":26,"cache_hit":false}
{"schema_version":1,"ts_ns":51314518771,"event":"read_end","token":0,"layer":21,"expert":26,"bytes":13236480,"duration_ns":66865654}
{"schema_version":1,"ts_ns":51314521963,"event":"prefetch_end","token":0,"layer":21,"expert":26,"bytes":13236480,"duration_ns":66865654}
{"schema_version":1,"ts_ns":51314525002,"event":"prefetch_wait_end","token":0,"layer":21,"expert":26,"duration_ns":1231}
{"schema_version":1,"ts_ns":51314530117,"event":"compute_begin","token":0,"layer":21,"expert":26}
{"schema_version":1,"ts_ns":51562231886,"event":"compute_end","token":0,"layer":21,"expert":26,"duration_ns":247698230}
{"schema_version":1,"ts_ns":51562255463,"event":"route","token":1,"layer":21,"expert":4}
{"schema_version":1,"ts_ns":51562263348,"event":"cache_hit","token":1,"layer":21,"expert":4,"cache_hit":true}
{"schema_version":1,"ts_ns":51562348040,"event":"prefetch_begin","token":1,"layer":21,"expert":9,"bytes":13236480}
{"schema_version":1,"ts_ns":51562352848,"event":"read_begin","token":1,"layer":21,"expert":9,"bytes":13236480}
{"schema_version":1,"ts_ns":51562356963,"event":"compute_begin","token":1,"layer":21,"expert":4}
{"schema_version":1,"ts_ns":51810051655,"event":"compute_end","token":1,"layer":21,"expert":4,"duration_ns":247692269}
{"schema_version":1,"ts_ns":51810069002,"event":"route","token":1,"layer":21,"expert":9}
{"schema_version":1,"ts_ns":51813762540,"event":"cache_miss","token":1,"layer":21,"expert":9,"cache_hit":false}
{"schema_version":1,"ts_ns":51813770732,"event":"read_end","token":1,"layer":21,"expert":9,"bytes":13236480,"duration_ns":64442076}
{"schema_version":1,"ts_ns":51813774309,"event":"prefetch_end","token":1,"layer":21,"expert":9,"bytes":13236480,"duration_ns":64442076}
{"schema_version":1,"ts_ns":51813777348,"event":"prefetch_wait_end","token":1,"layer":21,"expert":9,"duration_ns":1269}
{"schema_version":1,"ts_ns":51813794425,"event":"prefetch_begin","token":1,"layer":21,"expert":6,"bytes":13236480}
{"schema_version":1,"ts_ns":51813797655,"event":"read_begin","token":1,"layer":21,"expert":6,"bytes":13236480}
{"schema_version":1,"ts_ns":51813802617,"event":"compute_begin","token":1,"layer":21,"expert":9}
{"schema_version":1,"ts_ns":52061568847,"event":"compute_end","token":1,"layer":21,"expert":9,"duration_ns":247763884}
{"schema_version":1,"ts_ns":52061587540,"event":"route","token":1,"layer":21,"expert":6}
{"schema_version":1,"ts_ns":52065099694,"event":"cache_miss","token":1,"layer":21,"expert":6,"cache_hit":false}
{"schema_version":1,"ts_ns":52065109309,"event":"read_end","token":1,"layer":21,"expert":6,"bytes":13236480,"duration_ns":64746154}
{"schema_version":1,"ts_ns":52065113540,"event":"prefetch_end","token":1,"layer":21,"expert":6,"bytes":13236480,"duration_ns":64746154}
{"schema_version":1,"ts_ns":52065116963,"event":"prefetch_wait_end","token":1,"layer":21,"expert":6,"duration_ns":1116}
{"schema_version":1,"ts_ns":52065136694,"event":"prefetch_begin","token":1,"layer":21,"expert":16,"bytes":13236480}
{"schema_version":1,"ts_ns":52065140655,"event":"read_begin","token":1,"layer":21,"expert":16,"bytes":13236480}
{"schema_version":1,"ts_ns":52065145424,"event":"compute_begin","token":1,"layer":21,"expert":6}
{"schema_version":1,"ts_ns":52312841270,"event":"compute_end","token":1,"layer":21,"expert":6,"duration_ns":247693231}
{"schema_version":1,"ts_ns":52312857809,"event":"route","token":1,"layer":21,"expert":16}
{"schema_version":1,"ts_ns":52316624078,"event":"cache_miss","token":1,"layer":21,"expert":16,"cache_hit":false}
{"schema_version":1,"ts_ns":52316631655,"event":"read_end","token":1,"layer":21,"expert":16,"bytes":13236480,"duration_ns":63814731}
{"schema_version":1,"ts_ns":52316635578,"event":"prefetch_end","token":1,"layer":21,"expert":16,"bytes":13236480,"duration_ns":63814731}
{"schema_version":1,"ts_ns":52316639155,"event":"prefetch_wait_end","token":1,"layer":21,"expert":16,"duration_ns":808}
{"schema_version":1,"ts_ns":52316644193,"event":"compute_begin","token":1,"layer":21,"expert":16}
{"schema_version":1,"ts_ns":52564352578,"event":"compute_end","token":1,"layer":21,"expert":16,"duration_ns":247705769}
{"schema_version":1,"ts_ns":52564372078,"event":"layer_end","layer":21}
{"schema_version":1,"ts_ns":52564381616,"event":"decoder_layer_end","layer":21}
{"schema_version":1,"ts_ns":52564391655,"event":"decoder_layer_begin","layer":22}
{"schema_version":1,"ts_ns":52918486270,"event":"attention_end","layer":22,"bytes":40960}
{"schema_version":1,"ts_ns":52922935193,"event":"layer_begin","layer":22}
{"schema_version":1,"ts_ns":52922951501,"event":"route","token":0,"layer":22,"expert":27}
{"schema_version":1,"ts_ns":52922957193,"event":"read_begin","token":0,"layer":22,"expert":27,"bytes":13236480}
{"schema_version":1,"ts_ns":52951841078,"event":"cache_miss","token":0,"layer":22,"expert":27,"cache_hit":false}
{"schema_version":1,"ts_ns":52951854231,"event":"read_end","token":0,"layer":22,"expert":27,"bytes":13236480,"duration_ns":28883039}
{"schema_version":1,"ts_ns":52951921808,"event":"prefetch_begin","token":0,"layer":22,"expert":13,"bytes":13236480}
{"schema_version":1,"ts_ns":52951924693,"event":"read_begin","token":0,"layer":22,"expert":13,"bytes":13236480}
{"schema_version":1,"ts_ns":52951928885,"event":"compute_begin","token":0,"layer":22,"expert":27}
{"schema_version":1,"ts_ns":53199654616,"event":"compute_end","token":0,"layer":22,"expert":27,"duration_ns":247723307}
{"schema_version":1,"ts_ns":53199673308,"event":"route","token":0,"layer":22,"expert":13}
{"schema_version":1,"ts_ns":53202992808,"event":"cache_miss","token":0,"layer":22,"expert":13,"cache_hit":false}
{"schema_version":1,"ts_ns":53203001770,"event":"read_end","token":0,"layer":22,"expert":13,"bytes":13236480,"duration_ns":39562730}
{"schema_version":1,"ts_ns":53203007077,"event":"prefetch_end","token":0,"layer":22,"expert":13,"bytes":13236480,"duration_ns":39562730}
{"schema_version":1,"ts_ns":53203010654,"event":"prefetch_wait_end","token":0,"layer":22,"expert":13,"duration_ns":1538}
{"schema_version":1,"ts_ns":53203034424,"event":"prefetch_begin","token":0,"layer":22,"expert":20,"bytes":13236480}
{"schema_version":1,"ts_ns":53203038539,"event":"read_begin","token":0,"layer":22,"expert":20,"bytes":13236480}
{"schema_version":1,"ts_ns":53203043539,"event":"compute_begin","token":0,"layer":22,"expert":13}
{"schema_version":1,"ts_ns":53450827231,"event":"compute_end","token":0,"layer":22,"expert":13,"duration_ns":247781538}
{"schema_version":1,"ts_ns":53450846231,"event":"route","token":0,"layer":22,"expert":20}
{"schema_version":1,"ts_ns":53454734962,"event":"cache_miss","token":0,"layer":22,"expert":20,"cache_hit":false}
{"schema_version":1,"ts_ns":53454742577,"event":"read_end","token":0,"layer":22,"expert":20,"bytes":13236480,"duration_ns":54910347}
{"schema_version":1,"ts_ns":53454746039,"event":"prefetch_end","token":0,"layer":22,"expert":20,"bytes":13236480,"duration_ns":54910347}
{"schema_version":1,"ts_ns":53454749116,"event":"prefetch_wait_end","token":0,"layer":22,"expert":20,"duration_ns":961}
{"schema_version":1,"ts_ns":53454765885,"event":"prefetch_begin","token":0,"layer":22,"expert":23,"bytes":13236480}
{"schema_version":1,"ts_ns":53454769885,"event":"read_begin","token":0,"layer":22,"expert":23,"bytes":13236480}
{"schema_version":1,"ts_ns":53454774077,"event":"compute_begin","token":0,"layer":22,"expert":20}
{"schema_version":1,"ts_ns":53702808308,"event":"compute_end","token":0,"layer":22,"expert":20,"duration_ns":248030808}
{"schema_version":1,"ts_ns":53702828000,"event":"route","token":0,"layer":22,"expert":23}
{"schema_version":1,"ts_ns":53706835616,"event":"cache_miss","token":0,"layer":22,"expert":23,"cache_hit":false}
{"schema_version":1,"ts_ns":53706843808,"event":"read_end","token":0,"layer":22,"expert":23,"bytes":13236480,"duration_ns":38060962}
{"schema_version":1,"ts_ns":53706847885,"event":"prefetch_end","token":0,"layer":22,"expert":23,"bytes":13236480,"duration_ns":38060962}
{"schema_version":1,"ts_ns":53706850923,"event":"prefetch_wait_end","token":0,"layer":22,"expert":23,"duration_ns":1192}
{"schema_version":1,"ts_ns":53706855769,"event":"compute_begin","token":0,"layer":22,"expert":23}
{"schema_version":1,"ts_ns":53954623808,"event":"compute_end","token":0,"layer":22,"expert":23,"duration_ns":247764923}
{"schema_version":1,"ts_ns":53954652115,"event":"route","token":1,"layer":22,"expert":13}
{"schema_version":1,"ts_ns":53954659538,"event":"cache_hit","token":1,"layer":22,"expert":13,"cache_hit":true}
{"schema_version":1,"ts_ns":53954676500,"event":"prefetch_begin","token":1,"layer":22,"expert":27,"bytes":13236480}
{"schema_version":1,"ts_ns":53954679692,"event":"read_begin","token":1,"layer":22,"expert":27,"bytes":13236480}
{"schema_version":1,"ts_ns":53954682769,"event":"compute_begin","token":1,"layer":22,"expert":13}
{"schema_version":1,"ts_ns":54202466500,"event":"compute_end","token":1,"layer":22,"expert":13,"duration_ns":247781346}
{"schema_version":1,"ts_ns":54202487615,"event":"route","token":1,"layer":22,"expert":27}
{"schema_version":1,"ts_ns":54206061423,"event":"cache_miss","token":1,"layer":22,"expert":27,"cache_hit":false}
{"schema_version":1,"ts_ns":54206069154,"event":"read_end","token":1,"layer":22,"expert":27,"bytes":13236480,"duration_ns":13651962}
{"schema_version":1,"ts_ns":54206072538,"event":"prefetch_end","token":1,"layer":22,"expert":27,"bytes":13236480,"duration_ns":13651962}
{"schema_version":1,"ts_ns":54206075731,"event":"prefetch_wait_end","token":1,"layer":22,"expert":27,"duration_ns":1538}
{"schema_version":1,"ts_ns":54206093884,"event":"prefetch_begin","token":1,"layer":22,"expert":20,"bytes":13236480}
{"schema_version":1,"ts_ns":54206097269,"event":"read_begin","token":1,"layer":22,"expert":20,"bytes":13236480}
{"schema_version":1,"ts_ns":54206101731,"event":"compute_begin","token":1,"layer":22,"expert":27}
{"schema_version":1,"ts_ns":54453786653,"event":"compute_end","token":1,"layer":22,"expert":27,"duration_ns":247682461}
{"schema_version":1,"ts_ns":54453802961,"event":"route","token":1,"layer":22,"expert":20}
{"schema_version":1,"ts_ns":54457607500,"event":"cache_miss","token":1,"layer":22,"expert":20,"cache_hit":false}
{"schema_version":1,"ts_ns":54457616769,"event":"read_end","token":1,"layer":22,"expert":20,"bytes":13236480,"duration_ns":13557269}
{"schema_version":1,"ts_ns":54457620307,"event":"prefetch_end","token":1,"layer":22,"expert":20,"bytes":13236480,"duration_ns":13557269}
{"schema_version":1,"ts_ns":54457623384,"event":"prefetch_wait_end","token":1,"layer":22,"expert":20,"duration_ns":1231}
{"schema_version":1,"ts_ns":54457642653,"event":"prefetch_begin","token":1,"layer":22,"expert":1,"bytes":13236480}
{"schema_version":1,"ts_ns":54457646230,"event":"read_begin","token":1,"layer":22,"expert":1,"bytes":13236480}
{"schema_version":1,"ts_ns":54457651307,"event":"compute_begin","token":1,"layer":22,"expert":20}
{"schema_version":1,"ts_ns":54705680692,"event":"compute_end","token":1,"layer":22,"expert":20,"duration_ns":248026654}
{"schema_version":1,"ts_ns":54705699423,"event":"route","token":1,"layer":22,"expert":1}
{"schema_version":1,"ts_ns":54709062307,"event":"cache_miss","token":1,"layer":22,"expert":1,"cache_hit":false}
{"schema_version":1,"ts_ns":54709070269,"event":"read_end","token":1,"layer":22,"expert":1,"bytes":13236480,"duration_ns":44448462}
{"schema_version":1,"ts_ns":54709074269,"event":"prefetch_end","token":1,"layer":22,"expert":1,"bytes":13236480,"duration_ns":44448462}
{"schema_version":1,"ts_ns":54709077423,"event":"prefetch_wait_end","token":1,"layer":22,"expert":1,"duration_ns":1308}
{"schema_version":1,"ts_ns":54709082576,"event":"compute_begin","token":1,"layer":22,"expert":1}
{"schema_version":1,"ts_ns":54956724384,"event":"compute_end","token":1,"layer":22,"expert":1,"duration_ns":247639577}
{"schema_version":1,"ts_ns":54956742076,"event":"layer_end","layer":22}
{"schema_version":1,"ts_ns":54956751499,"event":"decoder_layer_end","layer":22}
{"schema_version":1,"ts_ns":54956761038,"event":"decoder_layer_begin","layer":23}
{"schema_version":1,"ts_ns":55296634768,"event":"attention_end","layer":23,"bytes":40960}
{"schema_version":1,"ts_ns":55301913691,"event":"layer_begin","layer":23}
{"schema_version":1,"ts_ns":55301929922,"event":"route","token":0,"layer":23,"expert":2}
{"schema_version":1,"ts_ns":55301935037,"event":"read_begin","token":0,"layer":23,"expert":2,"bytes":13236480}
{"schema_version":1,"ts_ns":55326250230,"event":"cache_miss","token":0,"layer":23,"expert":2,"cache_hit":false}
{"schema_version":1,"ts_ns":55326263730,"event":"read_end","token":0,"layer":23,"expert":2,"bytes":13236480,"duration_ns":24313731}
{"schema_version":1,"ts_ns":55326284191,"event":"prefetch_begin","token":0,"layer":23,"expert":23,"bytes":13236480}
{"schema_version":1,"ts_ns":55326287730,"event":"read_begin","token":0,"layer":23,"expert":23,"bytes":13236480}
{"schema_version":1,"ts_ns":55326292499,"event":"compute_begin","token":0,"layer":23,"expert":2}
{"schema_version":1,"ts_ns":55574020268,"event":"compute_end","token":0,"layer":23,"expert":2,"duration_ns":247724769}
{"schema_version":1,"ts_ns":55574107614,"event":"route","token":0,"layer":23,"expert":23}
{"schema_version":1,"ts_ns":55577770191,"event":"cache_miss","token":0,"layer":23,"expert":23,"cache_hit":false}
{"schema_version":1,"ts_ns":55577779268,"event":"read_end","token":0,"layer":23,"expert":23,"bytes":13236480,"duration_ns":34723538}
{"schema_version":1,"ts_ns":55577782653,"event":"prefetch_end","token":0,"layer":23,"expert":23,"bytes":13236480,"duration_ns":34723538}
{"schema_version":1,"ts_ns":55577785691,"event":"prefetch_wait_end","token":0,"layer":23,"expert":23,"duration_ns":1423}
{"schema_version":1,"ts_ns":55577809499,"event":"prefetch_begin","token":0,"layer":23,"expert":4,"bytes":13236480}
{"schema_version":1,"ts_ns":55577813114,"event":"read_begin","token":0,"layer":23,"expert":4,"bytes":13236480}
{"schema_version":1,"ts_ns":55577817460,"event":"compute_begin","token":0,"layer":23,"expert":23}
{"schema_version":1,"ts_ns":55825507652,"event":"compute_end","token":0,"layer":23,"expert":23,"duration_ns":247687384}
{"schema_version":1,"ts_ns":55825524691,"event":"route","token":0,"layer":23,"expert":4}
{"schema_version":1,"ts_ns":55829019960,"event":"cache_miss","token":0,"layer":23,"expert":4,"cache_hit":false}
{"schema_version":1,"ts_ns":55829027345,"event":"read_end","token":0,"layer":23,"expert":4,"bytes":13236480,"duration_ns":60996385}
{"schema_version":1,"ts_ns":55829031076,"event":"prefetch_end","token":0,"layer":23,"expert":4,"bytes":13236480,"duration_ns":60996385}
{"schema_version":1,"ts_ns":55829034152,"event":"prefetch_wait_end","token":0,"layer":23,"expert":4,"duration_ns":1269}
{"schema_version":1,"ts_ns":55829051499,"event":"prefetch_begin","token":0,"layer":23,"expert":27,"bytes":13236480}
{"schema_version":1,"ts_ns":55829054768,"event":"read_begin","token":0,"layer":23,"expert":27,"bytes":13236480}
{"schema_version":1,"ts_ns":55829058768,"event":"compute_begin","token":0,"layer":23,"expert":4}
{"schema_version":1,"ts_ns":56076750191,"event":"compute_end","token":0,"layer":23,"expert":4,"duration_ns":247689000}
{"schema_version":1,"ts_ns":56076765075,"event":"route","token":0,"layer":23,"expert":27}
{"schema_version":1,"ts_ns":56080641614,"event":"cache_miss","token":0,"layer":23,"expert":27,"cache_hit":false}
{"schema_version":1,"ts_ns":56080649806,"event":"read_end","token":0,"layer":23,"expert":27,"bytes":13236480,"duration_ns":64576730}
{"schema_version":1,"ts_ns":56080654037,"event":"prefetch_end","token":0,"layer":23,"expert":27,"bytes":13236480,"duration_ns":64576730}
{"schema_version":1,"ts_ns":56080657306,"event":"prefetch_wait_end","token":0,"layer":23,"expert":27,"duration_ns":1269}
{"schema_version":1,"ts_ns":56080662229,"event":"compute_begin","token":0,"layer":23,"expert":27}
{"schema_version":1,"ts_ns":56328328575,"event":"compute_end","token":0,"layer":23,"expert":27,"duration_ns":247663807}
{"schema_version":1,"ts_ns":56328352306,"event":"route","token":1,"layer":23,"expert":16}
{"schema_version":1,"ts_ns":56328357344,"event":"read_begin","token":1,"layer":23,"expert":16,"bytes":13236480}
{"schema_version":1,"ts_ns":56375809229,"event":"cache_miss","token":1,"layer":23,"expert":16,"cache_hit":false}
{"schema_version":1,"ts_ns":56375823152,"event":"read_end","token":1,"layer":23,"expert":16,"bytes":13236480,"duration_ns":47450577}
{"schema_version":1,"ts_ns":56375843037,"event":"prefetch_begin","token":1,"layer":23,"expert":2,"bytes":13236480}
{"schema_version":1,"ts_ns":56375846652,"event":"read_begin","token":1,"layer":23,"expert":2,"bytes":13236480}
{"schema_version":1,"ts_ns":56375851191,"event":"compute_begin","token":1,"layer":23,"expert":16}
{"schema_version":1,"ts_ns":56624509498,"event":"compute_end","token":1,"layer":23,"expert":16,"duration_ns":248655538}
{"schema_version":1,"ts_ns":56624527729,"event":"route","token":1,"layer":23,"expert":2}
{"schema_version":1,"ts_ns":56628069037,"event":"cache_miss","token":1,"layer":23,"expert":2,"cache_hit":false}
{"schema_version":1,"ts_ns":56628074498,"event":"read_end","token":1,"layer":23,"expert":2,"bytes":13236480,"duration_ns":12994693}
{"schema_version":1,"ts_ns":56628148383,"event":"prefetch_end","token":1,"layer":23,"expert":2,"bytes":13236480,"duration_ns":12994693}
{"schema_version":1,"ts_ns":56628153113,"event":"prefetch_wait_end","token":1,"layer":23,"expert":2,"duration_ns":1154}
{"schema_version":1,"ts_ns":56628171267,"event":"prefetch_begin","token":1,"layer":23,"expert":8,"bytes":13236480}
{"schema_version":1,"ts_ns":56628174921,"event":"read_begin","token":1,"layer":23,"expert":8,"bytes":13236480}
{"schema_version":1,"ts_ns":56628179652,"event":"compute_begin","token":1,"layer":23,"expert":2}
{"schema_version":1,"ts_ns":56875896382,"event":"compute_end","token":1,"layer":23,"expert":2,"duration_ns":247713845}
{"schema_version":1,"ts_ns":56875912652,"event":"route","token":1,"layer":23,"expert":8}
{"schema_version":1,"ts_ns":56879730459,"event":"cache_miss","token":1,"layer":23,"expert":8,"cache_hit":false}
{"schema_version":1,"ts_ns":56879737767,"event":"read_end","token":1,"layer":23,"expert":8,"bytes":13236480,"duration_ns":41782193}
{"schema_version":1,"ts_ns":56879740959,"event":"prefetch_end","token":1,"layer":23,"expert":8,"bytes":13236480,"duration_ns":41782193}
{"schema_version":1,"ts_ns":56879744036,"event":"prefetch_wait_end","token":1,"layer":23,"expert":8,"duration_ns":1577}
{"schema_version":1,"ts_ns":56879759267,"event":"prefetch_begin","token":1,"layer":23,"expert":21,"bytes":13236480}
{"schema_version":1,"ts_ns":56879762767,"event":"read_begin","token":1,"layer":23,"expert":21,"bytes":13236480}
{"schema_version":1,"ts_ns":56879767152,"event":"compute_begin","token":1,"layer":23,"expert":8}
{"schema_version":1,"ts_ns":57127462959,"event":"compute_end","token":1,"layer":23,"expert":8,"duration_ns":247693231}
{"schema_version":1,"ts_ns":57127478652,"event":"route","token":1,"layer":23,"expert":21}
{"schema_version":1,"ts_ns":57130952767,"event":"cache_miss","token":1,"layer":23,"expert":21,"cache_hit":false}
{"schema_version":1,"ts_ns":57130960805,"event":"read_end","token":1,"layer":23,"expert":21,"bytes":13236480,"duration_ns":62449961}
{"schema_version":1,"ts_ns":57130964382,"event":"prefetch_end","token":1,"layer":23,"expert":21,"bytes":13236480,"duration_ns":62449961}
{"schema_version":1,"ts_ns":57130967421,"event":"prefetch_wait_end","token":1,"layer":23,"expert":21,"duration_ns":1770}
{"schema_version":1,"ts_ns":57130972421,"event":"compute_begin","token":1,"layer":23,"expert":21}
{"schema_version":1,"ts_ns":57378646151,"event":"compute_end","token":1,"layer":23,"expert":21,"duration_ns":247670384}
{"schema_version":1,"ts_ns":57378665536,"event":"layer_end","layer":23}
{"schema_version":1,"ts_ns":57378675190,"event":"decoder_layer_end","layer":23}
{"schema_version":1,"ts_ns":61469427648,"event":"streamed_lm_head_argmax","token":11,"bytes":1158266880}
